unit,design,base,status,kind,seed_index,n_mutations,ra_eff,reverted_ra_eff_vs_truth,reversion_verdict,steered_n_contacts_on_mutated_positions,steered_receptor_intact,complex_plddt,interface_plddt,iptm,ptm,ipsae_min,true_jaccard
design_0_seq_0,initial,initial,initial,cold_start,,0,28.036,,,0,1,72.39999999999999,64.39,0.7638,0.8439,0.3142,0.3235294117647059
design_0_seq_0,design_01_s0,design_01,ok,steered,0.0,6,3.509,22.49,pose_collapses,3,1,69.34,60.07,0.3591,0.5794,0.0,0.5333333333333333
design_0_seq_0,design_00_s0,design_00,ok,steered,0.0,6,25.675,,,3,1,68.91000000000001,58.08,0.4815,0.6529,0.0032,0.4
design_0_seq_0,design_00_s2,design_00,ok,steered,2.0,6,26.862,,,2,1,70.21,61.91,0.3369,0.5696,0.0,0.4
design_0_seq_0,design_02_s2,design_02,ok,steered,2.0,6,14.767,,,3,0,71.99,62.480000000000004,0.347,0.6072,0.0,0.3793103448275862
design_0_seq_0,design_01_s1,design_01,ok,steered,1.0,6,17.476,,,1,0,71.88,67.80000000000001,0.2334,0.5338,0.0,0.36
design_0_seq_0,design_01_s2,design_01,ok,steered,2.0,6,18.062,,,2,0,74.82,67.53,0.2529,0.5535,0.0,0.3214285714285714
design_0_seq_0,design_02_s0,design_02,ok,steered,0.0,6,19.556,,,2,0,74.05000000000001,64.14999999999999,0.3406,0.6021,0.0,0.3
design_0_seq_0,design_00_s1,design_00,ok,steered,1.0,6,21.214,,,0,0,70.42,60.67,0.3962,0.5695,0.0029,0.4230769230769231
design_0_seq_0,design_02_s1,design_02,ok,steered,1.0,6,28.513,,,2,0,73.06,66.03999999999999,0.5804,0.7346,0.1114,0.3103448275862069
design_0_seq_1,initial,initial,initial,cold_start,,0,27.402,,,0,1,74.35000000000001,65.4,0.5343,0.7233,0.0289,0.375
design_0_seq_1,design_02_s1,design_02,ok,steered,1.0,3,17.062,,,3,1,70.39999999999999,63.53,0.6896,0.8078,0.218,0.3684210526315789
design_0_seq_1,design_01_s2,design_01,ok,steered,2.0,3,24.932,,,1,1,68.63,61.27,0.2233,0.5217,0.0,0.3225806451612903
design_0_seq_1,design_00_s2,design_00,ok,steered,2.0,3,2.675,,,2,0,67.63,60.629999999999995,0.7419,0.8158,0.2884,0.5454545454545454
design_0_seq_1,design_00_s1,design_00,ok,steered,1.0,3,5.772,,,3,0,69.98,63.51,0.7131,0.8021,0.2307,0.5151515151515151
design_0_seq_1,design_00_s0,design_00,ok,steered,0.0,3,19.841,,,0,0,66.28,58.440000000000005,0.4053,0.6268,0.0031,0.4242424242424242
design_0_seq_1,design_01_s0,design_01,ok,steered,0.0,3,20.995,,,0,0,69.33,60.08,0.1288,0.4869,0.0,0.2307692307692307
design_0_seq_1,design_01_s1,design_01,ok,steered,1.0,3,27.461,,,2,0,74.22999999999999,63.06,0.1844,0.5208,0.0,0.3461538461538461
design_0_seq_1,design_02_s2,design_02,ok,steered,2.0,3,27.672,,,1,0,70.24000000000001,58.120000000000005,0.3804,0.5873,0.0032,0.3157894736842105
design_0_seq_1,design_02_s0,design_02,ok,steered,0.0,3,28.964,,,2,0,72.97,64.03999999999999,0.4907,0.6606,0.0037,0.3181818181818182
design_10_seq_0,initial,initial,initial,cold_start,,0,28.913,,,0,1,87.98,81.19,0.8199,0.8591,0.4301,0.4333333333333333
design_10_seq_0,design_01_s0,design_01,ok,steered,0.0,3,1.168,26.026,pose_collapses,1,1,84.31,78.79,0.7617,0.8424,0.3425,0.6153846153846154
design_10_seq_0,design_01_s1,design_01,ok,steered,1.0,3,5.207,,,1,1,82.03,74.22999999999999,0.698,0.8151,0.2235,0.6538461538461539
design_10_seq_0,design_02_s1,design_02,ok,steered,1.0,3,5.409,29.021,pose_collapses,1,1,83.27,72.96000000000001,0.625,0.7734,0.1075,0.75
design_10_seq_0,design_02_s2,design_02,ok,steered,2.0,3,25.834,,,2,1,85.11999999999999,77.86999999999999,0.6487,0.7909,0.1564,0.2121212121212121
design_10_seq_0,design_02_s0,design_02,ok,steered,0.0,3,26.474,,,3,1,80.82000000000001,71.52,0.3841,0.613,0.0,0.4827586206896552
design_10_seq_0,design_00_s1,design_00,ok,steered,1.0,3,26.648,,,1,1,86.45,81.22,0.8357,0.8792,0.5717,0.4516129032258064
design_10_seq_0,design_00_s2,design_00,ok,steered,2.0,3,29.018,,,2,1,85.85000000000001,80.58999999999999,0.8411,0.8707,0.529,0.4482758620689655
design_10_seq_0,design_00_s0,design_00,ok,steered,0.0,3,29.268,,,3,1,85.45,79.31,0.8419,0.8702,0.5559,0.4333333333333333
design_10_seq_0,design_01_s2,design_01,ok,steered,2.0,3,9.443,,,0,0,76.64,69.01,0.5842,0.7454,0.0818,0.4827586206896552
design_10_seq_1,initial,initial,initial,cold_start,,0,27.453,,,0,1,89.7,85.39999999999999,0.8497,0.8541,0.5354,0.4516129032258064
design_10_seq_1,design_00_s1,design_00,ok,steered,1.0,3,1.938,25.464,pose_collapses,1,1,84.66,79.38,0.6628,0.7684,0.1485,0.5
design_10_seq_1,design_00_s2,design_00,ok,steered,2.0,3,3.048,20.512,pose_collapses,1,1,84.07,79.25999999999999,0.6481,0.7534,0.1414,0.5185185185185185
design_10_seq_1,design_01_s2,design_01,ok,steered,2.0,3,3.123,27.311,pose_collapses,1,1,79.21000000000001,70.6,0.2722,0.5334,0.0,0.4444444444444444
design_10_seq_1,design_00_s0,design_00,ok,steered,0.0,3,3.417,5.856,pose_collapses,1,1,81.54,76.44999999999999,0.7061,0.8005,0.2259,0.4642857142857143
design_10_seq_1,design_01_s1,design_01,ok,steered,1.0,3,4.25,27.452,pose_collapses,1,1,80.41,74.32,0.282,0.5361,0.0,0.4827586206896552
design_10_seq_1,design_02_s1,design_02,ok,steered,1.0,3,25.556,,,3,1,85.59,81.12,0.8025,0.8388,0.4707,0.4838709677419355
design_10_seq_1,design_02_s0,design_02,ok,steered,0.0,3,25.695,,,2,1,85.71,80.38,0.6235,0.73,0.207,0.5357142857142857
design_10_seq_1,design_02_s2,design_02,ok,steered,2.0,3,25.789,,,2,1,87.03,82.48,0.6846,0.7667,0.2755,0.4516129032258064
design_10_seq_1,design_01_s0,design_01,ok,steered,0.0,3,23.348,,,0,0,83.73,81.77,0.2599,0.559,0.0,0.2222222222222222
design_11_seq_0,initial,initial,initial,cold_start,,0,34.304,,,0,0,80.15,72.23,0.3281,0.6087,0.0,0.1515151515151515
design_11_seq_0,design_01_s2,design_01,ok,steered,2.0,6,2.789,2.647,pose_holds,1,1,88.42999999999999,83.72,0.8605,0.9101,0.5172,0.7142857142857143
design_11_seq_0,design_01_s0,design_01,ok,steered,0.0,6,4.38,2.982,pose_holds,1,1,86.77,81.24,0.7975,0.8618,0.2793,0.6785714285714286
design_11_seq_0,design_01_s1,design_01,ok,steered,1.0,6,2.674,2.455,pose_holds,1,1,88.84,87.62,0.8305,0.8921,0.4392,0.4814814814814814
design_11_seq_0,design_00_s2,design_00,ok,steered,2.0,6,2.401,29.745,pose_collapses,1,1,78.8,70.71,0.5687,0.7425,0.0446,0.6666666666666666
design_11_seq_0,design_00_s1,design_00,ok,steered,1.0,6,2.767,29.982,pose_collapses,1,1,77.64,69.66,0.4468,0.6738,0.0,0.6551724137931034
design_11_seq_0,design_00_s0,design_00,ok,steered,0.0,6,3.19,29.577,pose_collapses,1,1,78.03,69.58,0.5562,0.7408,0.0367,0.7407407407407407
design_11_seq_0,design_02_s2,design_02,ok,steered,2.0,6,18.127,,,3,1,78.68,68.89,0.4157,0.6568,0.0,0.2702702702702703
design_11_seq_0,design_02_s1,design_02,ok,steered,1.0,6,34.248,,,1,1,78.8,70.56,0.4316,0.674,0.0,0.0769230769230769
design_11_seq_0,design_02_s0,design_02,ok,steered,0.0,6,37.231,,,0,1,79.44,72.84,0.3498,0.626,0.0,0.0454545454545454
design_11_seq_1,initial,initial,initial,cold_start,,0,26.654,,,0,1,83.23,75.67,0.4771,0.678,0.003,0.3333333333333333
design_11_seq_1,design_01_s1,design_01,ok,steered,1.0,3,3.925,,,0,1,80.08999999999999,73.14,0.4565,0.6819,0.0,0.5517241379310345
design_11_seq_1,design_02_s2,design_02,ok,steered,2.0,3,4.092,,,0,1,90.62,89.13,0.8545,0.9014,0.5386,0.4827586206896552
design_11_seq_1,design_02_s0,design_02,ok,steered,0.0,3,3.275,,,0,1,89.8,88.63,0.7785,0.8459,0.3347,0.4333333333333333
design_11_seq_1,design_02_s1,design_02,ok,steered,1.0,3,6.199,,,1,1,89.39,86.85000000000001,0.8033,0.8668,0.402,0.46875
design_11_seq_1,design_01_s0,design_01,ok,steered,0.0,3,39.074,,,1,1,79.03999999999999,71.03,0.4371,0.6581,0.0,0.0975609756097561
design_11_seq_1,design_01_s2,design_01,ok,steered,2.0,3,43.899,,,0,1,83.19,72.34,0.5376,0.7371,0.0541,0.088235294117647
design_11_seq_1,design_00_s0,design_00,ok,steered,0.0,3,21.966,,,1,0,70.36,61.06,0.2604,0.5515,0.0,0.5714285714285714
design_11_seq_1,design_00_s2,design_00,ok,steered,2.0,3,24.068,,,1,0,71.07,65.44,0.2429,0.5163,0.0,0.34375
design_11_seq_1,design_00_s1,design_00,ok,steered,1.0,3,45.574,,,0,0,71.72,63.29,0.1543,0.4816,0.0,0.0
design_12_seq_0,initial,initial,initial,cold_start,,0,30.028,,,0,0,79.23,72.71,0.1893,0.4907,0.0,0.1764705882352941
design_12_seq_0,design_02_s1,design_02,ok,steered,1.0,6,9.924,,,2,1,72.61999999999999,63.0,0.5034,0.6902,0.0029,0.5483870967741935
design_12_seq_0,design_02_s0,design_02,ok,steered,0.0,6,17.981,,,2,1,78.53999999999999,70.38,0.3696,0.6053,0.0,0.3333333333333333
design_12_seq_0,design_01_s0,design_01,ok,steered,0.0,6,13.364,,,3,0,75.66000000000001,67.19000000000001,0.1157,0.4835,0.0,0.3076923076923077
design_12_seq_0,design_00_s0,design_00,ok,steered,0.0,6,22.759,,,1,0,78.21000000000001,70.49,0.239,0.5141,0.0,0.3076923076923077
design_12_seq_0,design_01_s2,design_01,ok,steered,2.0,6,33.922,,,1,0,74.96000000000001,73.77,0.2109,0.5219,0.0,0.0666666666666666
design_12_seq_0,design_02_s2,design_02,ok,steered,2.0,6,38.252,,,0,0,81.07,75.55,0.1571,0.5041,0.0,0.064516129032258
design_12_seq_0,design_00_s2,design_00,ok,steered,2.0,6,39.53,,,2,0,79.97999999999999,76.41,0.3396,0.583,0.0,0.1
design_12_seq_0,design_00_s1,design_00,ok,steered,1.0,6,40.471,,,2,0,78.31,76.24,0.4448,0.6569,0.0,0.0714285714285714
design_12_seq_0,design_01_s1,design_01,ok,steered,1.0,6,40.663,,,0,0,72.89999999999999,68.15,0.3147,0.5815,0.0,0.03125
design_12_seq_1,initial,initial,initial,cold_start,,0,36.106,,,0,1,76.53,67.49000000000001,0.2677,0.5508,0.0,0.081081081081081
design_12_seq_1,design_00_s1,design_00,ok,steered,1.0,6,40.225,,,3,1,83.5,76.6,0.2844,0.5667,0.0,0.0909090909090909
design_12_seq_1,design_00_s2,design_00,ok,steered,2.0,6,40.596,,,2,1,78.25999999999999,71.45,0.1931,0.4949,0.0,0.081081081081081
design_12_seq_1,design_00_s0,design_00,ok,steered,0.0,6,40.964,,,4,1,80.52,74.68,0.3552,0.5754,0.0,0.088235294117647
design_12_seq_1,design_01_s0,design_01,ok,steered,0.0,6,29.224,,,3,0,82.82000000000001,81.8,0.706,0.6949,0.1599,0.0303030303030303
design_12_seq_1,design_01_s1,design_01,ok,steered,1.0,6,29.604,,,3,0,82.83,81.99,0.7413,0.7315,0.2065,0.0285714285714285
design_12_seq_1,design_01_s2,design_01,ok,steered,2.0,6,30.939,,,3,0,83.1,82.97,0.6892,0.6801,0.1369,0.0294117647058823
design_12_seq_1,design_02_s0,design_02,ok,steered,0.0,6,42.872,,,2,0,88.07000000000001,79.79,0.23,0.5328,0.0,0.032258064516129
design_12_seq_1,design_02_s1,design_02,ok,steered,1.0,6,43.319,,,2,0,85.37,78.14,0.2216,0.5407,0.0,0.0333333333333333
design_12_seq_1,design_02_s2,design_02,ok,steered,2.0,6,43.631,,,1,0,87.59,80.10000000000001,0.1939,0.5203,0.0,0.0
design_13_seq_0,initial,initial,initial,cold_start,,0,5.63,,,0,1,83.1,73.39,0.4486,0.6391,0.0032,0.5909090909090909
design_13_seq_0,design_01_s2,design_01,ok,steered,2.0,3,5.592,4.215,pose_holds,1,1,82.93,78.53,0.5657,0.7216,0.0729,0.5384615384615384
design_13_seq_0,design_01_s1,design_01,ok,steered,1.0,3,4.154,31.609,pose_collapses,2,1,81.0,75.59,0.6101,0.7542,0.1193,0.52
design_13_seq_0,design_01_s0,design_01,ok,steered,0.0,3,4.272,29.919,pose_collapses,2,1,82.99,77.32,0.4679,0.676,0.003,0.52
design_13_seq_0,design_02_s1,design_02,ok,steered,1.0,3,12.658,,,1,1,81.92,76.74,0.5024,0.7023,0.0177,0.4482758620689655
design_13_seq_0,design_00_s2,design_00,ok,steered,2.0,3,13.138,,,3,1,84.36,77.92999999999999,0.3906,0.6235,0.0031,0.4642857142857143
design_13_seq_0,design_00_s0,design_00,ok,steered,0.0,3,29.337,,,1,1,81.55,71.3,0.5187,0.665,0.0179,0.3928571428571428
design_13_seq_0,design_00_s1,design_00,ok,steered,1.0,3,29.634,,,2,1,81.65,72.21,0.5138,0.6619,0.0055,0.4444444444444444
design_13_seq_0,design_02_s2,design_02,ok,steered,2.0,3,31.165,,,2,1,80.47,71.61999999999999,0.7218,0.8042,0.2197,0.3103448275862069
design_13_seq_0,design_02_s0,design_02,ok,steered,0.0,3,31.4,,,1,1,79.06,68.74,0.5566,0.6925,0.0569,0.3214285714285714
design_13_seq_1,initial,initial,initial,cold_start,,0,31.25,,,0,1,80.0,74.22999999999999,0.5397,0.6855,0.0738,0.25
design_13_seq_1,design_00_s2,design_00,ok,steered,2.0,6,12.582,,,2,1,73.0,61.86000000000001,0.2299,0.5118,0.0,0.44
design_13_seq_1,design_02_s2,design_02,ok,steered,2.0,6,27.868,,,4,1,71.33,65.34,0.6256,0.7451,0.1419,0.4074074074074074
design_13_seq_1,design_00_s1,design_00,ok,steered,1.0,6,27.988,,,4,1,69.95,62.339999999999996,0.4789,0.6443,0.0032,0.3793103448275862
design_13_seq_1,design_01_s2,design_01,ok,steered,2.0,6,7.777,,,3,0,72.89999999999999,64.37,0.2539,0.5435,0.0,0.4827586206896552
design_13_seq_1,design_02_s1,design_02,ok,steered,1.0,6,11.423,,,2,0,72.32,65.38000000000001,0.2274,0.5202,0.0,0.4074074074074074
design_13_seq_1,design_01_s0,design_01,ok,steered,0.0,6,12.696,,,4,0,64.14,55.00000000000001,0.3779,0.6249,0.0,0.4333333333333333
design_13_seq_1,design_00_s0,design_00,ok,steered,0.0,6,26.838,,,1,0,75.03,71.88,0.1032,0.4791,0.0,0.238095238095238
design_13_seq_1,design_02_s0,design_02,ok,steered,0.0,6,28.453,,,4,0,74.64,70.58,0.7282,0.7878,0.2934,0.3666666666666666
design_13_seq_1,design_01_s1,design_01,ok,steered,1.0,6,41.265,,,3,0,66.5,62.6,0.2336,0.5324,0.0,0.2222222222222222
design_14_seq_0,initial,initial,initial,cold_start,,0,28.547,,,0,1,88.17,82.34,0.8072,0.8552,0.4172,0.5172413793103449
design_14_seq_0,design_02_s0,design_02,ok,steered,0.0,3,2.663,3.235,pose_holds,1,1,92.53,90.59,0.9166,0.9301,0.8132,0.7037037037037037
design_14_seq_0,design_02_s2,design_02,ok,steered,2.0,3,2.469,2.635,pose_holds,1,1,92.67999999999999,91.21000000000001,0.9258,0.938,0.8369,0.6666666666666666
design_14_seq_0,design_02_s1,design_02,ok,steered,1.0,3,3.031,,,3,1,92.81,91.62,0.9257,0.9378,0.8363,0.6666666666666666
design_14_seq_0,design_01_s2,design_01,ok,steered,2.0,3,2.782,28.276,pose_collapses,1,1,90.35,88.02,0.9356,0.948,0.8511,0.76
design_14_seq_0,design_00_s0,design_00,ok,steered,0.0,3,2.898,28.814,pose_collapses,2,1,89.53999999999999,83.53,0.8822,0.9148,0.698,0.75
design_14_seq_0,design_00_s2,design_00,ok,steered,2.0,3,3.041,28.743,pose_collapses,2,1,89.27000000000001,84.56,0.8409,0.889,0.5503,0.68
design_14_seq_0,design_00_s1,design_00,ok,steered,1.0,3,3.217,28.785,pose_collapses,2,1,90.06,85.56,0.9116,0.9363,0.763,0.72
design_14_seq_0,design_01_s1,design_01,ok,steered,1.0,3,3.279,28.182,pose_collapses,2,1,91.05,89.91,0.935,0.9486,0.8621,0.6206896551724138
design_14_seq_0,design_01_s0,design_01,ok,steered,0.0,3,3.626,28.736,pose_collapses,2,1,89.61,87.37,0.9324,0.9472,0.8296,0.6071428571428571
design_14_seq_1,initial,initial,initial,cold_start,,0,28.076,,,0,1,92.34,90.49000000000001,0.9063,0.9048,0.7065,0.4333333333333333
design_14_seq_1,design_01_s2,design_01,ok,steered,2.0,3,1.435,29.607,pose_collapses,1,1,92.45,89.84,0.928,0.9444,0.8436,0.7916666666666666
design_14_seq_1,design_00_s2,design_00,ok,steered,2.0,3,1.937,27.69,pose_collapses,2,1,79.33,69.55,0.2553,0.5296,0.0,0.6923076923076923
design_14_seq_1,design_01_s1,design_01,ok,steered,1.0,3,2.44,29.417,pose_collapses,1,1,92.10000000000001,88.92999999999999,0.9154,0.9341,0.8033,0.75
design_14_seq_1,design_00_s1,design_00,ok,steered,1.0,3,2.495,27.728,pose_collapses,2,1,77.53999999999999,67.62,0.1979,0.4989,0.0,0.68
design_14_seq_1,design_01_s0,design_01,ok,steered,0.0,3,3.59,27.836,pose_collapses,1,1,91.82000000000001,89.8,0.9359,0.9512,0.8708,0.75
design_14_seq_1,design_00_s0,design_00,ok,steered,0.0,3,3.884,28.256,pose_collapses,2,1,79.13,70.67,0.2842,0.553,0.0,0.6296296296296297
design_14_seq_1,design_02_s1,design_02,ok,steered,1.0,3,26.786,,,2,1,88.64999999999999,83.45,0.6933,0.8071,0.2729,0.5517241379310345
design_14_seq_1,design_02_s0,design_02,ok,steered,0.0,3,26.928,,,2,1,89.01,83.47,0.7236,0.8249,0.3271,0.5357142857142857
design_14_seq_1,design_02_s2,design_02,ok,steered,2.0,3,27.129,,,2,1,88.35,81.56,0.6873,0.8043,0.2625,0.5333333333333333
design_15_seq_0,initial,initial,initial,cold_start,,0,10.205,,,0,1,72.94,65.38000000000001,0.7163,0.7836,0.3118,0.5517241379310345
design_15_seq_0,design_00_s1,design_00,ok,steered,1.0,3,8.87,,,2,1,74.62,71.25,0.4346,0.6206,0.0027,0.5333333333333333
design_15_seq_0,design_00_s2,design_00,ok,steered,2.0,3,9.07,,,2,1,69.37,63.14999999999999,0.3897,0.602,0.0,0.5666666666666667
design_15_seq_0,design_01_s0,design_01,ok,steered,0.0,3,9.758,,,2,1,75.57000000000001,71.59,0.8915,0.9102,0.7326,0.6206896551724138
design_15_seq_0,design_01_s2,design_01,ok,steered,2.0,3,10.704,,,3,1,73.82,69.39999999999999,0.7991,0.8335,0.5017,0.5333333333333333
design_15_seq_0,design_01_s1,design_01,ok,steered,1.0,3,11.095,,,3,1,76.64999999999999,70.59,0.813,0.8531,0.5287,0.5714285714285714
design_15_seq_0,design_02_s2,design_02,ok,steered,2.0,3,17.103,,,2,1,68.49,61.029999999999994,0.7259,0.8309,0.2537,0.34375
design_15_seq_0,design_02_s1,design_02,ok,steered,1.0,3,26.457,,,2,1,71.5,63.24999999999999,0.5253,0.6847,0.0771,0.4666666666666667
design_15_seq_0,design_00_s0,design_00,ok,steered,0.0,3,39.178,,,0,1,70.76,64.19,0.6061,0.7641,0.0961,0.0512820512820512
design_15_seq_0,design_02_s0,design_02,ok,steered,0.0,3,25.354,,,1,0,75.1,65.63,0.2095,0.5116,0.0,0.2666666666666666
design_15_seq_1,initial,initial,initial,cold_start,0.0,0,3.191,,,0,1,88.24,82.56,0.813,0.8613,0.3983,0.7307692307692307
design_15_seq_1,initial_s2,initial,initial,cold_start,2.0,0,2.932,,,0,1,89.09,83.7,0.7843,0.841,0.2919,0.6923076923076923
design_15_seq_1,initial_s1,initial,initial,cold_start,1.0,0,3.399,,,0,1,88.64999999999999,82.35,0.8031,0.8581,0.3539,0.6538461538461539
design_16_seq_0,initial,initial,initial,cold_start,,0,25.88,,,0,1,86.16,78.97999999999999,0.5541,0.7056,0.1078,0.5172413793103449
design_16_seq_0,design_00_s2,design_00,ok,steered,2.0,3,26.497,,,2,1,88.0,81.94,0.8136,0.8382,0.3809,0.5517241379310345
design_16_seq_0,design_00_s0,design_00,ok,steered,0.0,3,27.817,,,2,1,87.62,82.17999999999999,0.8851,0.9019,0.6493,0.4482758620689655
design_16_seq_0,design_00_s1,design_00,ok,steered,1.0,3,28.7,,,2,1,86.87,79.66,0.798,0.8266,0.3208,0.3666666666666666
design_16_seq_0,design_02_s2,design_02,ok,steered,2.0,3,22.798,,,2,0,82.19,75.05,0.3507,0.6081,0.0031,0.32
design_16_seq_0,design_02_s0,design_02,ok,steered,0.0,3,23.098,,,1,0,82.32000000000001,75.03999999999999,0.2803,0.5781,0.0029,0.25
design_16_seq_0,design_01_s2,design_01,ok,steered,2.0,3,24.012,,,1,0,80.92,72.24000000000001,0.3551,0.6222,0.0031,0.24
design_16_seq_0,design_01_s0,design_01,ok,steered,0.0,3,24.7,,,1,0,79.57,68.45,0.3102,0.5842,0.0031,0.2692307692307692
design_16_seq_0,design_01_s1,design_01,ok,steered,1.0,3,25.519,,,1,0,79.11,68.69,0.364,0.6223,0.0031,0.2142857142857142
design_16_seq_0,design_02_s1,design_02,ok,steered,1.0,3,28.628,,,1,0,80.07,73.91,0.5281,0.7191,0.0909,0.2307692307692307
design_16_seq_1,initial,initial,initial,cold_start,,0,28.574,,,0,1,83.33,73.3,0.6431,0.7341,0.1388,0.3870967741935484
design_16_seq_1,design_00_s1,design_00,ok,steered,1.0,3,4.221,,,0,1,78.35,72.45,0.7012,0.7784,0.2368,0.5185185185185185
design_16_seq_1,design_00_s2,design_00,ok,steered,2.0,3,2.51,28.275,pose_collapses,0,1,73.9,68.64,0.6459,0.7026,0.2039,0.5357142857142857
design_16_seq_1,design_00_s0,design_00,ok,steered,0.0,3,5.641,,,0,1,75.46000000000001,69.16,0.6418,0.722,0.1777,0.56
design_16_seq_1,design_01_s0,design_01,ok,steered,0.0,3,11.287,,,3,1,70.14,63.14999999999999,0.4555,0.633,0.0035,0.40625
design_16_seq_1,design_01_s2,design_01,ok,steered,2.0,3,15.208,,,3,1,77.14999999999999,73.27,0.8928,0.9188,0.7184,0.3529411764705882
design_16_seq_1,design_02_s2,design_02,ok,steered,2.0,3,24.92,,,2,1,81.13,71.14,0.4186,0.6417,0.0028,0.4137931034482758
design_16_seq_1,design_02_s0,design_02,ok,steered,0.0,3,25.264,,,2,1,81.2,71.27,0.3761,0.6062,0.0026,0.4642857142857143
design_16_seq_1,design_02_s1,design_02,ok,steered,1.0,3,25.396,,,3,1,80.56,71.05,0.4206,0.64,0.0029,0.4642857142857143
design_16_seq_1,design_01_s1,design_01,ok,steered,1.0,3,25.4,,,0,0,69.86,60.73,0.6775,0.7849,0.1659,0.3548387096774194
design_17_seq_0,initial,initial,initial,cold_start,0.0,0,2.043,,,0,1,91.93,90.23,0.9098,0.9287,0.7566,0.72
design_17_seq_0,initial_s2,initial,initial,cold_start,2.0,0,2.062,,,0,1,91.53999999999999,89.29,0.8853,0.9022,0.668,0.75
design_17_seq_0,initial_s1,initial,initial,cold_start,1.0,0,2.046,,,0,1,92.17,90.14999999999999,0.8922,0.9097,0.7024,0.68
design_17_seq_1,initial,initial,initial,cold_start,,0,2.004,,,0,1,80.82000000000001,70.52000000000001,0.4182,0.6319,0.0,0.6923076923076923
design_17_seq_1,design_01_s0,design_01,ok,steered,0.0,3,4.657,26.512,pose_collapses,2,1,70.06,62.46000000000001,0.6396,0.7677,0.1499,0.5517241379310345
design_17_seq_1,design_01_s1,design_01,ok,steered,1.0,3,7.782,,,3,1,72.75,67.06,0.7251,0.8136,0.2716,0.5
design_17_seq_1,design_01_s2,design_01,ok,steered,2.0,3,10.229,,,2,1,71.0,63.53,0.505,0.6746,0.0314,0.4375
design_17_seq_1,design_00_s1,design_00,ok,steered,1.0,3,26.37,,,2,1,74.15,66.21000000000001,0.3572,0.5973,0.0,0.5161290322580645
design_17_seq_1,design_02_s1,design_02,ok,steered,1.0,3,27.001,,,0,1,86.27,80.65,0.4948,0.6515,0.0297,0.3793103448275862
design_17_seq_1,design_00_s0,design_00,ok,steered,0.0,3,27.026,,,2,1,71.57,63.739999999999995,0.3539,0.6025,0.0,0.4193548387096774
design_17_seq_1,design_02_s2,design_02,ok,steered,2.0,3,27.108,,,2,1,84.0,78.24,0.3888,0.6046,0.0029,0.46875
design_17_seq_1,design_02_s0,design_02,ok,steered,0.0,3,27.531,,,0,1,85.04,78.39,0.5372,0.6838,0.079,0.4827586206896552
design_17_seq_1,design_00_s2,design_00,ok,steered,2.0,3,14.407,,,1,0,75.28,67.41,0.1566,0.4806,0.0,0.36
design_18_seq_0,initial,initial,initial,cold_start,,0,31.513,,,0,1,78.24,72.50999999999999,0.3126,0.5696,0.0,0.1714285714285714
design_18_seq_0,design_02_s0,design_02,ok,steered,0.0,6,4.264,,,0,1,81.72,72.91,0.3514,0.5934,0.0,0.75
design_18_seq_0,design_00_s2,design_00,ok,steered,2.0,6,1.277,3.161,pose_holds,1,1,84.00999999999999,79.55,0.9071,0.9189,0.8002,0.6086956521739131
design_18_seq_0,design_00_s1,design_00,ok,steered,1.0,6,2.797,2.202,pose_holds,1,1,84.27,79.79,0.8909,0.9088,0.7609,0.5555555555555556
design_18_seq_0,design_00_s0,design_00,ok,steered,0.0,6,2.119,3.236,pose_holds,1,1,84.55,80.56,0.8536,0.8785,0.641,0.6
design_18_seq_0,design_02_s2,design_02,ok,steered,2.0,6,28.697,,,2,1,83.85000000000001,76.48,0.6724,0.7682,0.1603,0.4444444444444444
design_18_seq_0,design_02_s1,design_02,ok,steered,1.0,6,29.065,,,2,1,82.31,72.78999999999999,0.6803,0.7775,0.1703,0.4615384615384615
design_18_seq_0,design_01_s0,design_01,ok,steered,0.0,6,29.305,,,1,1,83.3,75.3,0.6846,0.7689,0.1651,0.4230769230769231
design_18_seq_0,design_01_s1,design_01,ok,steered,1.0,6,29.424,,,1,1,82.52000000000001,72.69,0.6822,0.7695,0.171,0.4615384615384615
design_18_seq_0,design_01_s2,design_01,ok,steered,2.0,6,29.427,,,2,1,83.43,74.59,0.7744,0.8328,0.3039,0.5
design_18_seq_1,initial,initial,initial,cold_start,,0,29.761,,,0,1,79.92,73.24000000000001,0.5437,0.6739,0.0544,0.3076923076923077
design_18_seq_1,design_01_s1,design_01,ok,steered,1.0,6,1.892,30.211,pose_collapses,2,1,77.01,71.61,0.5458,0.6578,0.1244,0.6666666666666666
design_18_seq_1,design_01_s2,design_01,ok,steered,2.0,6,2.853,29.913,pose_collapses,1,1,80.13,73.36,0.5327,0.6646,0.1189,0.56
design_18_seq_1,design_01_s0,design_01,ok,steered,0.0,6,8.134,,,4,1,80.80000000000001,77.81,0.55,0.6793,0.1205,0.5
design_18_seq_1,design_00_s0,design_00,ok,steered,0.0,6,4.254,,,3,0,79.73,75.64,0.8125,0.8545,0.5144,0.5
design_18_seq_1,design_02_s0,design_02,ok,steered,0.0,6,5.611,,,4,0,78.17,76.77000000000001,0.7634,0.8082,0.3877,0.3571428571428571
design_18_seq_1,design_00_s1,design_00,ok,steered,1.0,6,6.485,,,3,0,82.11,77.46,0.7475,0.8004,0.3268,0.5384615384615384
design_18_seq_1,design_00_s2,design_00,ok,steered,2.0,6,6.516,,,3,0,80.71000000000001,74.99,0.6452,0.7228,0.1963,0.5416666666666666
design_18_seq_1,design_02_s1,design_02,ok,steered,1.0,6,8.122,,,3,0,77.19,73.68,0.6912,0.744,0.2435,0.52
design_18_seq_1,design_02_s2,design_02,ok,steered,2.0,6,8.37,,,4,0,77.64999999999999,74.4,0.6805,0.7271,0.206,0.5
design_19_seq_0,initial,initial,initial,cold_start,,0,30.163,,,0,1,81.05,70.78,0.4422,0.6136,0.0,0.3703703703703703
design_19_seq_0,design_00_s1,design_00,ok,steered,1.0,6,13.958,,,4,1,71.65,65.47,0.5409,0.6939,0.0291,0.3225806451612903
design_19_seq_0,design_00_s2,design_00,ok,steered,2.0,6,13.104,,,4,0,71.19,61.1,0.155,0.5128,0.0,0.4583333333333333
design_19_seq_0,design_01_s1,design_01,ok,steered,1.0,6,26.273,,,5,0,73.46000000000001,64.1,0.1433,0.4916,0.0,0.2333333333333333
design_19_seq_0,design_00_s0,design_00,ok,steered,0.0,6,29.071,,,5,0,68.01,61.79,0.1936,0.499,0.0,0.2258064516129032
design_19_seq_0,design_01_s2,design_01,ok,steered,2.0,6,29.37,,,5,0,67.58999999999999,56.93,0.2804,0.5673,0.0,0.4827586206896552
design_19_seq_0,design_01_s0,design_01,ok,steered,0.0,6,29.576,,,6,0,71.72,64.08,0.147,0.4771,0.0,0.2142857142857142
design_19_seq_0,design_02_s2,design_02,ok,steered,2.0,6,33.295,,,4,0,61.919999999999995,55.589999999999996,0.1498,0.4764,0.0,0.1515151515151515
design_19_seq_0,design_02_s0,design_02,ok,steered,0.0,6,36.248,,,1,0,59.93000000000001,51.949999999999996,0.4855,0.6815,0.003,0.2647058823529412
design_19_seq_0,design_02_s1,design_02,ok,steered,1.0,6,39.527,,,3,0,63.28,57.08,0.2264,0.5363,0.0,0.0857142857142857
design_19_seq_1,initial,initial,initial,cold_start,,0,32.21,,,0,0,75.89,67.07,0.6387,0.7367,0.1609,0.2857142857142857
design_19_seq_1,design_01_s1,design_01,ok,steered,1.0,6,9.098,,,3,1,68.99,61.57,0.1747,0.4841,0.0,0.4285714285714285
design_19_seq_1,design_01_s0,design_01,ok,steered,0.0,6,11.839,,,5,1,66.27,59.37,0.6425,0.7724,0.151,0.4375
design_19_seq_1,design_00_s2,design_00,ok,steered,2.0,6,14.654,,,5,1,67.28,58.550000000000004,0.4405,0.6467,0.0029,0.3225806451612903
design_19_seq_1,design_00_s0,design_00,ok,steered,0.0,6,18.628,,,1,0,70.67999999999999,64.51,0.1588,0.4895,0.0,0.3703703703703703
design_19_seq_1,design_02_s1,design_02,ok,steered,1.0,6,20.606,,,3,0,71.5,65.55,0.5676,0.733,0.0892,0.3666666666666666
design_19_seq_1,design_02_s0,design_02,ok,steered,0.0,6,20.747,,,2,0,70.88,66.03,0.6239,0.7665,0.1338,0.4137931034482758
design_19_seq_1,design_01_s2,design_01,ok,steered,2.0,6,22.024,,,0,0,70.65,63.68000000000001,0.2041,0.4721,0.0,0.2857142857142857
design_19_seq_1,design_02_s2,design_02,ok,steered,2.0,6,23.671,,,0,0,74.07000000000001,73.18,0.4358,0.671,0.0028,0.1153846153846153
design_19_seq_1,design_00_s1,design_00,ok,steered,1.0,6,27.398,,,0,0,70.15,65.16999999999999,0.3115,0.5969,0.0,0.2
design_1_seq_0,initial,initial,initial,cold_start,,0,23.76,,,0,1,72.98,66.18,0.5578,0.7329,0.0789,0.2222222222222222
design_1_seq_0,design_00_s2,design_00,ok,steered,2.0,6,10.521,,,4,1,75.73,69.13,0.2306,0.5175,0.0,0.4
design_1_seq_0,design_01_s1,design_01,ok,steered,1.0,6,15.89,,,5,1,66.47,56.410000000000004,0.3712,0.6238,0.0,0.3142857142857143
design_1_seq_0,design_00_s0,design_00,ok,steered,0.0,6,18.232,,,6,1,73.00999999999999,68.62,0.1674,0.476,0.0,0.4285714285714285
design_1_seq_0,design_01_s2,design_01,ok,steered,2.0,6,34.688,,,4,1,69.61,63.07000000000001,0.3179,0.5721,0.0,0.0833333333333333
design_1_seq_0,design_01_s0,design_01,ok,steered,0.0,6,36.774,,,3,1,71.17,62.12,0.3297,0.579,0.0,0.0
design_1_seq_0,design_02_s2,design_02,ok,steered,2.0,6,16.177,,,1,0,71.65,62.82,0.4476,0.6674,0.0028,0.3571428571428571
design_1_seq_0,design_02_s1,design_02,ok,steered,1.0,6,17.177,,,1,0,70.42,63.43,0.5806,0.7506,0.1019,0.375
design_1_seq_0,design_02_s0,design_02,ok,steered,0.0,6,19.898,,,0,0,73.4,68.08999999999999,0.3623,0.6018,0.0031,0.2592592592592592
design_1_seq_0,design_00_s1,design_00,ok,steered,1.0,6,24.694,,,4,0,77.5,69.77,0.1649,0.4912,0.0,0.3333333333333333
design_1_seq_1,initial,initial,initial,cold_start,,0,23.939,,,0,0,75.41,65.88000000000001,0.1888,0.5062,0.0,0.3636363636363636
design_1_seq_1,design_02_s1,design_02,ok,steered,1.0,6,10.421,,,2,0,79.96,74.59,0.8083,0.8633,0.4397,0.4857142857142857
design_1_seq_1,design_02_s0,design_02,ok,steered,0.0,6,11.428,,,3,0,81.23,77.11,0.763,0.8471,0.3101,0.3684210526315789
design_1_seq_1,design_02_s2,design_02,ok,steered,2.0,6,14.551,,,2,0,80.31,75.85,0.6189,0.7405,0.133,0.4411764705882353
design_1_seq_1,design_01_s2,design_01,ok,steered,2.0,6,16.563,,,2,0,78.42,73.19,0.4343,0.6402,0.0,0.4
design_1_seq_1,design_00_s2,design_00,ok,steered,2.0,6,17.698,,,2,0,79.52,71.76,0.1803,0.474,0.0,0.3714285714285714
design_1_seq_1,design_00_s1,design_00,ok,steered,1.0,6,19.505,,,0,0,75.72,72.15,0.1464,0.4753,0.0,0.2857142857142857
design_1_seq_1,design_01_s1,design_01,ok,steered,1.0,6,19.675,,,1,0,75.22,71.94,0.136,0.4689,0.0,0.3214285714285714
design_1_seq_1,design_00_s0,design_00,ok,steered,0.0,6,20.588,,,2,0,78.46,68.53,0.2043,0.4929,0.0,0.3333333333333333
design_1_seq_1,design_01_s0,design_01,ok,steered,0.0,6,20.916,,,0,0,79.55,73.52,0.173,0.4803,0.0,0.4074074074074074
design_20_seq_0,initial,initial,initial,cold_start,,0,27.874,,,0,1,77.41,68.28,0.498,0.6584,0.0204,0.3793103448275862
design_20_seq_0,design_02_s2,design_02,ok,steered,2.0,4,3.841,,,2,0,66.25,58.830000000000005,0.1579,0.4788,0.0,0.3125
design_20_seq_0,design_01_s2,design_01,ok,steered,2.0,4,4.362,,,2,0,67.81,59.45,0.2508,0.5451,0.0,0.2903225806451613
design_20_seq_0,design_01_s0,design_01,ok,steered,0.0,4,4.755,,,2,0,65.02,58.720000000000006,0.3153,0.5738,0.0,0.3235294117647059
design_20_seq_0,design_01_s1,design_01,ok,steered,1.0,4,5.332,,,0,0,65.33,58.599999999999994,0.2565,0.5562,0.0,0.3448275862068966
design_20_seq_0,design_00_s1,design_00,ok,steered,1.0,4,9.352,,,1,0,83.32000000000001,80.19,0.8544,0.8776,0.6463,0.3870967741935484
design_20_seq_0,design_00_s0,design_00,ok,steered,0.0,4,9.649,,,2,0,80.63,76.79,0.8342,0.8623,0.5855,0.4
design_20_seq_0,design_00_s2,design_00,ok,steered,2.0,4,10.203,,,0,0,82.45,79.21000000000001,0.8446,0.8689,0.6144,0.4193548387096774
design_20_seq_0,design_02_s1,design_02,ok,steered,1.0,4,26.615,,,1,0,65.4,58.620000000000005,0.2916,0.5365,0.0,0.1666666666666666
design_20_seq_0,design_02_s0,design_02,ok,steered,0.0,4,31.851,,,0,0,67.80000000000001,61.18,0.3217,0.5482,0.0,0.2666666666666666
design_20_seq_1,initial,initial,initial,cold_start,,0,27.339,,,0,1,82.22,77.32,0.5527,0.6818,0.1118,0.3793103448275862
design_20_seq_1,design_02_s0,design_02,ok,steered,0.0,3,27.192,,,2,1,74.53999999999999,68.60000000000001,0.5881,0.6939,0.1454,0.375
design_20_seq_1,design_00_s0,design_00,ok,steered,0.0,3,27.352,,,3,1,73.48,65.92,0.4783,0.6385,0.0248,0.4
design_20_seq_1,design_02_s2,design_02,ok,steered,2.0,3,27.408,,,2,1,75.85,70.64,0.5766,0.6713,0.1259,0.3125
design_20_seq_1,design_00_s2,design_00,ok,steered,2.0,3,27.476,,,2,1,72.0,64.78,0.396,0.5752,0.0029,0.3529411764705882
design_20_seq_1,design_01_s1,design_01,ok,steered,1.0,3,27.744,,,2,1,74.21,68.26,0.4895,0.6228,0.0716,0.3548387096774194
design_20_seq_1,design_02_s1,design_02,ok,steered,1.0,3,27.876,,,3,1,77.36,71.41999999999999,0.6392,0.7229,0.2075,0.3333333333333333
design_20_seq_1,design_01_s0,design_01,ok,steered,0.0,3,28.674,,,2,1,73.46000000000001,66.91,0.5239,0.6401,0.101,0.3225806451612903
design_20_seq_1,design_01_s2,design_01,ok,steered,2.0,3,29.19,,,2,1,73.04,67.13,0.4531,0.5968,0.0345,0.3142857142857143
design_20_seq_1,design_00_s1,design_00,ok,steered,1.0,3,29.541,,,2,1,72.18,63.14999999999999,0.3554,0.5613,0.0,0.3142857142857143
design_21_seq_0,initial,initial,initial,cold_start,,0,4.909,,,0,1,78.81,69.17999999999999,0.4409,0.6727,0.0,0.6538461538461539
design_21_seq_0,design_02_s0,design_02,ok,steered,0.0,2,6.721,,,2,1,74.21,66.17,0.4347,0.6209,0.0,0.6785714285714286
design_21_seq_0,design_01_s1,design_01,ok,steered,1.0,2,27.109,,,1,1,82.37,75.99000000000001,0.548,0.7225,0.0469,0.4117647058823529
design_21_seq_0,design_01_s2,design_01,ok,steered,2.0,2,27.489,,,1,1,78.72,71.7,0.3406,0.6048,0.0,0.4242424242424242
design_21_seq_0,design_00_s0,design_00,ok,steered,0.0,2,29.287,,,0,1,82.99,76.1,0.5983,0.7153,0.1242,0.3333333333333333
design_21_seq_0,design_00_s2,design_00,ok,steered,2.0,2,30.672,,,0,1,80.2,71.77,0.5469,0.6753,0.078,0.3142857142857143
design_21_seq_0,design_00_s1,design_00,ok,steered,1.0,2,30.89,,,0,1,81.33,73.81,0.6041,0.7111,0.1051,0.3235294117647059
design_21_seq_0,design_02_s1,design_02,ok,steered,1.0,2,31.099,,,0,1,80.05,69.88,0.1953,0.516,0.0,0.2121212121212121
design_21_seq_0,design_01_s0,design_01,ok,steered,0.0,2,31.723,,,0,1,77.53999999999999,70.39,0.5126,0.7129,0.0085,0.131578947368421
design_21_seq_0,design_02_s2,design_02,ok,steered,2.0,2,35.4,,,0,1,77.86999999999999,69.31,0.3603,0.6151,0.0,0.054054054054054
design_21_seq_1,initial,initial,initial,cold_start,,0,27.647,,,0,1,79.72,70.8,0.5702,0.7439,0.0722,0.2647058823529412
design_21_seq_1,design_00_s1,design_00,ok,steered,1.0,6,4.684,3.197,pose_holds,1,1,72.87,65.21000000000001,0.2866,0.5403,0.0,0.6071428571428571
design_21_seq_1,design_02_s1,design_02,ok,steered,1.0,6,5.515,4.092,pose_holds,2,1,79.10000000000001,72.07000000000001,0.2223,0.5362,0.0,0.4838709677419355
design_21_seq_1,design_00_s2,design_00,ok,steered,2.0,6,4.999,7.377,pose_collapses,1,1,72.94,65.53999999999999,0.1697,0.4628,0.0,0.6538461538461539
design_21_seq_1,design_01_s0,design_01,ok,steered,0.0,6,1.278,,,1,0,81.38,77.81,0.6752,0.761,0.229,0.5862068965517241
design_21_seq_1,design_01_s1,design_01,ok,steered,1.0,6,2.938,,,1,0,81.91000000000001,78.12,0.6244,0.728,0.1545,0.6551724137931034
design_21_seq_1,design_01_s2,design_01,ok,steered,2.0,6,5.162,,,1,0,81.84,76.06,0.545,0.6793,0.0999,0.7307692307692307
design_21_seq_1,design_00_s0,design_00,ok,steered,0.0,6,20.506,,,0,0,77.37,65.79,0.1417,0.5221,0.0,0.4
design_21_seq_1,design_02_s0,design_02,ok,steered,0.0,6,20.833,,,2,0,81.41000000000001,79.41,0.1229,0.4684,0.0,0.4814814814814814
design_21_seq_1,design_02_s2,design_02,ok,steered,2.0,6,24.185,,,5,0,75.76,67.96,0.7089,0.8095,0.2183,0.2105263157894736
design_22_seq_0,initial,initial,initial,cold_start,,0,29.709,,,0,1,83.97,74.63,0.3544,0.5723,0.0,0.4285714285714285
design_22_seq_0,design_02_s0,design_02,ok,steered,0.0,5,4.102,29.054,pose_collapses,2,1,87.33999999999999,81.35,0.7482,0.8138,0.2484,0.5185185185185185
design_22_seq_0,design_02_s2,design_02,ok,steered,2.0,5,5.287,28.43,pose_collapses,2,1,85.42999999999999,78.63,0.7643,0.8215,0.2633,0.56
design_22_seq_0,design_00_s1,design_00,ok,steered,1.0,5,6.018,,,5,1,88.91,86.85000000000001,0.699,0.7659,0.2017,0.5333333333333333
design_22_seq_0,design_02_s1,design_02,ok,steered,1.0,5,6.11,,,4,1,88.33,84.98,0.7684,0.8238,0.3559,0.5517241379310345
design_22_seq_0,design_00_s2,design_00,ok,steered,2.0,5,6.422,,,5,1,89.37,87.46000000000001,0.7118,0.7772,0.2309,0.5517241379310345
design_22_seq_0,design_00_s0,design_00,ok,steered,0.0,5,28.187,,,5,1,82.89999999999999,76.11,0.5588,0.6808,0.0029,0.4615384615384615
design_22_seq_0,design_01_s2,design_01,ok,steered,2.0,5,30.554,,,5,1,85.55,77.97,0.7186,0.7499,0.2224,0.25
design_22_seq_0,design_01_s1,design_01,ok,steered,1.0,5,31.705,,,5,1,85.5,79.45,0.751,0.7959,0.2758,0.1379310344827586
design_22_seq_0,design_01_s0,design_01,ok,steered,0.0,5,29.94,,,4,0,83.59,78.27,0.7726,0.81,0.3177,0.3225806451612903
design_22_seq_1,initial,initial,initial,cold_start,,0,6.317,,,0,1,88.08,85.48,0.8111,0.8613,0.4201,0.5172413793103449
design_22_seq_1,design_00_s2,design_00,ok,steered,2.0,3,2.489,29.58,pose_collapses,1,1,84.6,76.21,0.6622,0.7858,0.1248,0.64
design_22_seq_1,design_01_s0,design_01,ok,steered,0.0,3,5.606,28.965,pose_collapses,3,1,86.86,86.22,0.651,0.7161,0.2875,0.5
design_22_seq_1,design_01_s1,design_01,ok,steered,1.0,3,6.103,,,3,1,86.56,85.78,0.691,0.7547,0.34,0.4838709677419355
design_22_seq_1,design_01_s2,design_01,ok,steered,2.0,3,6.194,,,3,1,88.1,87.1,0.664,0.7307,0.3009,0.4838709677419355
design_22_seq_1,design_02_s2,design_02,ok,steered,2.0,3,28.198,,,3,1,85.86,78.89,0.8323,0.8324,0.4754,0.4
design_22_seq_1,design_02_s1,design_02,ok,steered,1.0,3,28.449,,,3,1,86.49,80.60000000000001,0.8124,0.8143,0.4116,0.4137931034482758
design_22_seq_1,design_02_s0,design_02,ok,steered,0.0,3,28.776,,,3,1,86.32,79.55,0.7874,0.7958,0.3257,0.3214285714285714
design_22_seq_1,design_00_s0,design_00,ok,steered,0.0,3,11.081,,,1,0,90.55,87.8,0.7519,0.8382,0.322,0.5384615384615384
design_22_seq_1,design_00_s1,design_00,ok,steered,1.0,3,12.236,,,2,0,85.2,79.71000000000001,0.47,0.6458,0.003,0.4838709677419355
design_23_seq_0,initial,initial,initial,cold_start,,0,28.455,,,0,1,86.45,79.51,0.5961,0.7151,0.0829,0.5172413793103449
design_23_seq_0,design_01_s2,design_01,ok,steered,2.0,3,4.896,29.836,pose_collapses,1,1,77.82,68.67999999999999,0.3664,0.584,0.0,0.4074074074074074
design_23_seq_0,design_01_s1,design_01,ok,steered,1.0,3,7.289,,,1,1,81.93,76.05,0.4482,0.6552,0.0027,0.52
design_23_seq_0,design_01_s0,design_01,ok,steered,0.0,3,7.514,,,2,1,80.10000000000001,76.57000000000001,0.6563,0.7841,0.1735,0.6071428571428571
design_23_seq_0,design_02_s1,design_02,ok,steered,1.0,3,26.136,,,3,1,76.74,68.41000000000001,0.6096,0.7214,0.1357,0.4827586206896552
design_23_seq_0,design_02_s0,design_02,ok,steered,0.0,3,27.113,,,3,1,78.83,71.53,0.5463,0.6894,0.0966,0.5172413793103449
design_23_seq_0,design_02_s2,design_02,ok,steered,2.0,3,28.031,,,3,1,75.09,67.78,0.5856,0.6992,0.116,0.4516129032258064
design_23_seq_0,design_00_s1,design_00,ok,steered,1.0,3,28.653,,,3,1,82.54,74.91,0.717,0.7623,0.2192,0.4838709677419355
design_23_seq_0,design_00_s2,design_00,ok,steered,2.0,3,28.841,,,3,1,85.07000000000001,77.84,0.7574,0.8003,0.2773,0.5185185185185185
design_23_seq_0,design_00_s0,design_00,ok,steered,0.0,3,29.054,,,2,1,82.25,73.61999999999999,0.7332,0.7757,0.2439,0.4482758620689655
design_23_seq_1,initial,initial,initial,cold_start,,0,28.76,,,0,1,81.41000000000001,74.8,0.6804,0.7717,0.1792,0.4137931034482758
design_23_seq_1,design_01_s0,design_01,ok,steered,0.0,3,27.584,,,3,1,69.47,61.45,0.495,0.6554,0.0028,0.375
design_23_seq_1,design_01_s2,design_01,ok,steered,2.0,3,27.935,,,3,1,70.62,63.77,0.5226,0.6722,0.0404,0.3225806451612903
design_23_seq_1,design_01_s1,design_01,ok,steered,1.0,3,28.108,,,3,1,68.76,60.22,0.3658,0.559,0.0,0.4193548387096774
design_23_seq_1,design_00_s2,design_00,ok,steered,2.0,3,8.333,,,1,0,77.06,74.79,0.5961,0.685,0.1479,0.4333333333333333
design_23_seq_1,design_00_s1,design_00,ok,steered,1.0,3,9.315,,,2,0,76.75,73.18,0.5701,0.6844,0.1289,0.4242424242424242
design_23_seq_1,design_00_s0,design_00,ok,steered,0.0,3,9.647,,,1,0,75.33999999999999,72.1,0.5779,0.6881,0.1279,0.46875
design_23_seq_1,design_02_s0,design_02,ok,steered,0.0,3,19.018,,,0,0,73.28,68.23,0.1619,0.492,0.0,0.4
design_23_seq_1,design_02_s1,design_02,ok,steered,1.0,3,21.051,,,0,0,77.57,70.25,0.1316,0.4666,0.0,0.2692307692307692
design_23_seq_1,design_02_s2,design_02,ok,steered,2.0,3,22.706,,,0,0,70.87,63.85999999999999,0.1478,0.4991,0.0,0.2222222222222222
design_24_seq_0,initial,initial,initial,cold_start,,0,29.977,,,0,0,86.41,79.86999999999999,0.1284,0.4967,0.0,0.1034482758620689
design_24_seq_0,design_02_s2,design_02,ok,steered,2.0,5,23.899,,,4,1,85.26,78.60000000000001,0.2314,0.5477,0.0,0.3
design_24_seq_0,design_02_s1,design_02,ok,steered,1.0,5,25.296,,,3,1,80.97,71.26,0.1757,0.5232,0.0,0.2903225806451613
design_24_seq_0,design_00_s2,design_00,ok,steered,2.0,5,23.297,,,4,0,85.83,80.08,0.5388,0.7137,0.0042,0.2413793103448276
design_24_seq_0,design_00_s1,design_00,ok,steered,1.0,5,23.376,,,4,0,84.47,78.34,0.2562,0.5392,0.0,0.1724137931034483
design_24_seq_0,design_00_s0,design_00,ok,steered,0.0,5,23.814,,,4,0,88.33,83.91999999999999,0.3303,0.5924,0.0,0.3103448275862069
design_24_seq_0,design_01_s1,design_01,ok,steered,1.0,5,27.986,,,2,0,81.15,72.39,0.1159,0.4678,0.0,0.28125
design_24_seq_0,design_01_s0,design_01,ok,steered,0.0,5,28.908,,,0,0,72.7,68.14,0.2992,0.5573,0.0,0.21875
design_24_seq_0,design_02_s0,design_02,ok,steered,0.0,5,29.718,,,0,0,79.74,69.78999999999999,0.2589,0.5787,0.0,0.2666666666666666
design_24_seq_0,design_01_s2,design_01,ok,steered,2.0,5,36.463,,,0,0,80.25999999999999,68.17,0.2073,0.5413,0.0,0.1851851851851851
design_24_seq_1,initial,initial,initial,cold_start,,0,29.445,,,0,1,79.44,70.62,0.4479,0.613,0.0028,0.2727272727272727
design_24_seq_1,design_00_s0,design_00,ok,steered,0.0,6,3.342,10.243,pose_collapses,1,1,74.66000000000001,68.08999999999999,0.7611,0.8383,0.3552,0.6896551724137931
design_24_seq_1,design_00_s1,design_00,ok,steered,1.0,6,5.067,22.998,pose_collapses,3,1,77.41,69.02000000000001,0.6135,0.759,0.1715,0.5483870967741935
design_24_seq_1,design_01_s2,design_01,ok,steered,2.0,6,5.919,23.448,pose_collapses,2,1,73.89,67.06,0.3669,0.5761,0.0,0.5925925925925926
design_24_seq_1,design_01_s0,design_01,ok,steered,0.0,6,10.028,,,1,1,70.56,66.36999999999999,0.6452,0.7577,0.1731,0.6296296296296297
design_24_seq_1,design_00_s2,design_00,ok,steered,2.0,6,22.319,,,1,1,74.62,70.67,0.8131,0.8391,0.4162,0.40625
design_24_seq_1,design_02_s0,design_02,ok,steered,0.0,6,23.436,,,0,1,79.08,69.27,0.2894,0.5499,0.0,0.3103448275862069
design_24_seq_1,design_02_s2,design_02,ok,steered,2.0,6,23.668,,,1,1,79.17,71.09,0.357,0.586,0.0,0.3333333333333333
design_24_seq_1,design_01_s1,design_01,ok,steered,1.0,6,6.188,,,2,0,72.52,67.80000000000001,0.55,0.6786,0.1069,0.46875
design_24_seq_1,design_02_s1,design_02,ok,steered,1.0,6,24.604,,,0,0,78.97,71.94,0.2959,0.5102,0.0,0.3793103448275862
design_25_seq_0,initial,initial,initial,cold_start,,0,25.624,,,0,1,76.59,69.0,0.4188,0.6454,0.0031,0.4
design_25_seq_0,design_00_s2,design_00,ok,steered,2.0,3,29.178,,,3,1,80.78999999999999,74.33999999999999,0.6519,0.7393,0.1616,0.3939393939393939
design_25_seq_0,design_00_s0,design_00,ok,steered,0.0,3,29.316,,,3,1,82.05,76.42,0.8205,0.8597,0.4771,0.3939393939393939
design_25_seq_0,design_00_s1,design_00,ok,steered,1.0,3,29.454,,,3,1,82.89,77.29,0.7732,0.828,0.3611,0.3529411764705882
design_25_seq_0,design_01_s1,design_01,ok,steered,1.0,3,31.482,,,2,1,70.34,65.07,0.5104,0.6461,0.0229,0.21875
design_25_seq_0,design_02_s0,design_02,ok,steered,0.0,3,12.764,,,2,0,83.95,77.31,0.2965,0.5644,0.0,0.4444444444444444
design_25_seq_0,design_02_s1,design_02,ok,steered,1.0,3,13.237,,,0,0,80.31,73.19,0.1854,0.5248,0.0,0.3793103448275862
design_25_seq_0,design_02_s2,design_02,ok,steered,2.0,3,14.304,,,0,0,77.36,69.89999999999999,0.229,0.5551,0.0,0.3548387096774194
design_25_seq_0,design_01_s0,design_01,ok,steered,0.0,3,27.848,,,2,0,78.03999999999999,72.21,0.7685,0.8343,0.3439,0.2727272727272727
design_25_seq_0,design_01_s2,design_01,ok,steered,2.0,3,30.092,,,3,0,76.25999999999999,69.94,0.7099,0.7875,0.236,0.2222222222222222
design_25_seq_1,initial,initial,initial,cold_start,,0,26.957,,,0,0,71.71,60.96,0.1955,0.492,0.0,0.3714285714285714
design_25_seq_1,design_01_s2,design_01,ok,steered,2.0,6,13.499,,,2,0,76.42,70.52000000000001,0.1876,0.455,0.0,0.3103448275862069
design_25_seq_1,design_02_s1,design_02,ok,steered,1.0,6,19.2,,,0,0,73.54,68.74,0.2876,0.5452,0.0,0.2727272727272727
design_25_seq_1,design_01_s1,design_01,ok,steered,1.0,6,21.96,,,0,0,71.07,64.71000000000001,0.4303,0.6545,0.003,0.3793103448275862
design_25_seq_1,design_00_s2,design_00,ok,steered,2.0,6,22.542,,,2,0,69.12,60.88,0.1778,0.4789,0.0,0.2962962962962963
design_25_seq_1,design_01_s0,design_01,ok,steered,0.0,6,22.819,,,1,0,68.61,58.550000000000004,0.2515,0.5322,0.0,0.2758620689655172
design_25_seq_1,design_02_s0,design_02,ok,steered,0.0,6,23.73,,,1,0,73.08,65.82000000000001,0.1689,0.4888,0.0,0.3571428571428571
design_25_seq_1,design_00_s1,design_00,ok,steered,1.0,6,23.875,,,1,0,71.00999999999999,62.25000000000001,0.1539,0.4815,0.0,0.3214285714285714
design_25_seq_1,design_00_s0,design_00,ok,steered,0.0,6,25.02,,,1,0,68.95,62.36000000000001,0.1724,0.4918,0.0,0.3703703703703703
design_25_seq_1,design_02_s2,design_02,ok,steered,2.0,6,26.299,,,0,0,73.08,60.95,0.1841,0.4799,0.0,0.4
design_26_seq_0,initial,initial,initial,cold_start,,0,26.763,,,0,1,83.14,76.28,0.374,0.5768,0.0027,0.375
design_26_seq_0,design_02_s0,design_02,ok,steered,0.0,3,3.211,,,1,1,91.99000000000001,91.46,0.866,0.8814,0.6415,0.5862068965517241
design_26_seq_0,design_02_s1,design_02,ok,steered,1.0,3,3.631,4.233,pose_holds,1,1,91.39,89.60000000000001,0.8785,0.8963,0.6538,0.6071428571428571
design_26_seq_0,design_00_s0,design_00,ok,steered,0.0,3,4.221,,,0,1,89.13,87.33999999999999,0.8987,0.9235,0.7167,0.5172413793103449
design_26_seq_0,design_02_s2,design_02,ok,steered,2.0,3,2.679,30.068,pose_collapses,2,1,90.64999999999999,88.49000000000001,0.8568,0.8799,0.6369,0.6551724137931034
design_26_seq_0,design_00_s1,design_00,ok,steered,1.0,3,5.16,,,0,1,91.69,90.34,0.9221,0.9375,0.804,0.5925925925925926
design_26_seq_0,design_00_s2,design_00,ok,steered,2.0,3,6.481,,,0,1,91.42,89.75,0.8632,0.8863,0.6344,0.5357142857142857
design_26_seq_0,design_01_s0,design_01,ok,steered,0.0,3,25.766,,,3,1,81.66,74.31,0.2214,0.5085,0.0,0.4375
design_26_seq_0,design_01_s1,design_01,ok,steered,1.0,3,26.032,,,3,1,80.71000000000001,73.97,0.2666,0.5335,0.0,0.3870967741935484
design_26_seq_0,design_01_s2,design_01,ok,steered,2.0,3,30.21,,,1,1,81.39,72.45,0.3759,0.599,0.0,0.3548387096774194
design_26_seq_1,initial,initial,initial,cold_start,,0,17.636,,,0,1,82.93,71.66,0.2298,0.5581,0.0,0.4137931034482758
design_26_seq_1,design_01_s2,design_01,ok,steered,2.0,3,2.436,,,0,1,90.82000000000001,88.64999999999999,0.8669,0.891,0.6823,0.7692307692307693
design_26_seq_1,design_02_s0,design_02,ok,steered,0.0,3,3.092,2.055,pose_holds,1,1,88.33,88.33,0.8792,0.873,0.6097,0.7407407407407407
design_26_seq_1,design_01_s0,design_01,ok,steered,0.0,3,2.639,2.898,pose_holds,0,1,90.33,87.39,0.8398,0.8719,0.6063,0.72
design_26_seq_1,design_02_s1,design_02,ok,steered,1.0,3,2.971,2.91,pose_holds,2,1,88.05,88.14,0.9029,0.9098,0.7359,0.6666666666666666
design_26_seq_1,design_01_s1,design_01,ok,steered,1.0,3,2.825,3.256,pose_holds,0,1,90.93,90.16,0.913,0.9272,0.7864,0.6785714285714286
design_26_seq_1,design_02_s2,design_02,ok,steered,2.0,3,3.288,3.062,pose_holds,2,1,88.32,87.75,0.927,0.9323,0.7925,0.6129032258064516
design_26_seq_1,design_00_s1,design_00,ok,steered,1.0,3,7.504,,,2,1,80.57,75.13,0.366,0.5929,0.0,0.4117647058823529
design_26_seq_1,design_00_s0,design_00,ok,steered,0.0,3,8.905,,,3,1,78.19,74.49,0.4063,0.6129,0.0,0.5
design_26_seq_1,design_00_s2,design_00,ok,steered,2.0,3,9.034,,,2,1,80.4,75.69,0.294,0.5494,0.0,0.4285714285714285
design_27_seq_0,initial,initial,initial,cold_start,,0,29.668,,,0,1,80.01,69.53,0.3312,0.5651,0.0,0.5
design_27_seq_0,design_00_s1,design_00,ok,steered,1.0,3,1.438,28.512,pose_collapses,2,1,86.18,78.66,0.8984,0.9142,0.7496,0.625
design_27_seq_0,design_00_s2,design_00,ok,steered,2.0,3,1.932,27.879,pose_collapses,2,1,86.13,79.11,0.9098,0.9257,0.8021,0.6521739130434783
design_27_seq_0,design_00_s0,design_00,ok,steered,0.0,3,4.293,28.668,pose_collapses,1,1,87.03,79.92,0.8949,0.901,0.7062,0.5555555555555556
design_27_seq_0,design_02_s0,design_02,ok,steered,0.0,3,27.664,,,3,1,79.74,70.53,0.5436,0.6407,0.0793,0.4285714285714285
design_27_seq_0,design_02_s1,design_02,ok,steered,1.0,3,27.891,,,3,1,83.49,76.17,0.7819,0.7917,0.3969,0.4482758620689655
design_27_seq_0,design_02_s2,design_02,ok,steered,2.0,3,29.788,,,3,1,80.17999999999999,72.23,0.6843,0.7486,0.2437,0.2903225806451613
design_27_seq_0,design_01_s0,design_01,ok,steered,0.0,3,6.457,,,0,0,79.33,73.63,0.8756,0.8934,0.6516,0.56
design_27_seq_0,design_01_s1,design_01,ok,steered,1.0,3,6.642,,,0,0,78.88,72.69,0.7857,0.8313,0.3865,0.6153846153846154
design_27_seq_0,design_01_s2,design_01,ok,steered,2.0,3,7.194,,,0,0,79.43,73.6,0.8003,0.8407,0.3974,0.625
design_27_seq_1,initial,initial,initial,cold_start,,0,29.607,,,0,1,82.78,72.57000000000001,0.4425,0.6404,0.0,0.4230769230769231
design_27_seq_1,design_02_s0,design_02,ok,steered,0.0,3,2.946,2.327,pose_holds,2,1,83.93,73.31,0.5918,0.7302,0.1207,0.6521739130434783
design_27_seq_1,design_02_s2,design_02,ok,steered,2.0,3,2.234,1.967,pose_holds,2,1,83.50999999999999,74.88,0.6295,0.7513,0.1477,0.5833333333333334
design_27_seq_1,design_01_s0,design_01,ok,steered,0.0,3,7.783,,,1,1,82.03,75.39,0.7715,0.8184,0.3086,0.5185185185185185
design_27_seq_1,design_01_s2,design_01,ok,steered,2.0,3,8.624,,,1,1,81.01,72.48,0.7946,0.8446,0.3715,0.56
design_27_seq_1,design_01_s1,design_01,ok,steered,1.0,3,8.643,,,1,1,80.95,74.33999999999999,0.7295,0.78,0.2279,0.52
design_27_seq_1,design_02_s1,design_02,ok,steered,1.0,3,9.528,,,2,1,82.01,74.57000000000001,0.7204,0.7931,0.2278,0.5185185185185185
design_27_seq_1,design_00_s0,design_00,ok,steered,0.0,3,27.217,,,3,1,73.75,64.03999999999999,0.5722,0.7257,0.1078,0.5555555555555556
design_27_seq_1,design_00_s2,design_00,ok,steered,2.0,3,27.453,,,3,1,74.68,65.72,0.3471,0.5599,0.0,0.5
design_27_seq_1,design_00_s1,design_00,ok,steered,1.0,3,27.461,,,3,1,74.46000000000001,65.63,0.3476,0.57,0.0,0.4642857142857143
design_28_seq_0,initial,initial,initial,cold_start,,0,33.673,,,0,1,86.15,81.73,0.7427,0.8356,0.3078,0.1081081081081081
design_28_seq_0,design_02_s2,design_02,ok,steered,2.0,6,27.95,,,2,1,85.09,78.75,0.8046,0.7978,0.3786,0.4137931034482758
design_28_seq_0,design_00_s0,design_00,ok,steered,0.0,6,28.402,,,0,1,84.52,76.62,0.746,0.79,0.3548,0.4333333333333333
design_28_seq_0,design_01_s0,design_01,ok,steered,0.0,6,28.755,,,0,1,85.61,80.30000000000001,0.7368,0.7444,0.3453,0.2903225806451613
design_28_seq_0,design_00_s2,design_00,ok,steered,2.0,6,28.758,,,0,1,85.68,79.36,0.7225,0.7835,0.2811,0.3703703703703703
design_28_seq_0,design_01_s2,design_01,ok,steered,2.0,6,28.778,,,0,1,85.08,78.9,0.7097,0.7328,0.3039,0.2758620689655172
design_28_seq_0,design_01_s1,design_01,ok,steered,1.0,6,28.937,,,0,1,84.81,78.18,0.726,0.7459,0.3228,0.25
design_28_seq_0,design_02_s0,design_02,ok,steered,0.0,6,30.537,,,2,1,83.89,77.92,0.8908,0.9013,0.6854,0.2903225806451613
design_28_seq_0,design_00_s1,design_00,ok,steered,1.0,6,31.018,,,0,1,85.9,80.67999999999999,0.8432,0.8488,0.5851,0.3225806451612903
design_28_seq_0,design_02_s1,design_02,ok,steered,1.0,6,31.507,,,2,1,83.09,76.78,0.8438,0.8609,0.5646,0.28125
design_28_seq_1,initial,initial,initial,cold_start,,0,27.888,,,0,1,86.61,80.58999999999999,0.8679,0.8976,0.6072,0.4642857142857143
design_28_seq_1,design_01_s1,design_01,ok,steered,1.0,3,26.393,,,2,1,82.69,80.23,0.7342,0.7592,0.4246,0.4193548387096774
design_28_seq_1,design_00_s0,design_00,ok,steered,0.0,3,27.532,,,3,1,85.92999999999999,80.96,0.787,0.7936,0.3308,0.3928571428571428
design_28_seq_1,design_01_s0,design_01,ok,steered,0.0,3,27.626,,,2,1,81.87,76.92,0.7258,0.7456,0.415,0.375
design_28_seq_1,design_00_s1,design_00,ok,steered,1.0,3,28.102,,,3,1,85.78,79.59,0.812,0.8191,0.4703,0.4444444444444444
design_28_seq_1,design_02_s2,design_02,ok,steered,2.0,3,29.069,,,3,1,80.15,76.18,0.8345,0.8407,0.591,0.28125
design_28_seq_1,design_02_s0,design_02,ok,steered,0.0,3,29.219,,,3,1,80.63,76.75999999999999,0.861,0.8632,0.6497,0.3333333333333333
design_28_seq_1,design_00_s2,design_00,ok,steered,2.0,3,31.055,,,3,1,85.11999999999999,81.78999999999999,0.8206,0.8133,0.4566,0.2962962962962963
design_28_seq_1,design_01_s2,design_01,ok,steered,2.0,3,28.877,,,2,0,84.50999999999999,82.02000000000001,0.8675,0.875,0.7216,0.3333333333333333
design_28_seq_1,design_02_s1,design_02,ok,steered,1.0,3,30.872,,,3,0,79.5,76.79,0.8734,0.87,0.6905,0.2903225806451613
design_29_seq_0,initial,initial,initial,cold_start,0.0,0,1.875,,,0,1,87.42999999999999,80.16,0.7072,0.8001,0.1621,0.5357142857142857
design_29_seq_0,initial_s1,initial,initial,cold_start,1.0,0,3.673,,,0,1,89.22,84.06,0.5779,0.6954,0.0516,0.5925925925925926
design_29_seq_0,initial_s2,initial,initial,cold_start,2.0,0,4.311,,,0,1,88.49000000000001,83.08,0.6286,0.7457,0.1319,0.5714285714285714
design_29_seq_1,initial,initial,initial,cold_start,,0,28.102,,,0,1,87.48,81.33,0.7368,0.7803,0.2809,0.4
design_29_seq_1,design_00_s1,design_00,ok,steered,1.0,3,2.925,,,0,1,86.14,79.97999999999999,0.8928,0.9148,0.7158,0.782608695652174
design_29_seq_1,design_00_s2,design_00,ok,steered,2.0,3,3.241,2.861,pose_holds,1,1,85.65,79.42,0.9116,0.927,0.7917,0.76
design_29_seq_1,design_00_s0,design_00,ok,steered,0.0,3,2.945,2.543,pose_holds,1,1,83.95,77.25,0.8593,0.8883,0.6183,0.64
design_29_seq_1,design_01_s2,design_01,ok,steered,2.0,3,3.363,,,0,1,86.56,81.87,0.6685,0.7645,0.1329,0.68
design_29_seq_1,design_01_s0,design_01,ok,steered,0.0,3,3.781,24.049,pose_collapses,0,1,87.62,81.15,0.6939,0.7797,0.1482,0.72
design_29_seq_1,design_01_s1,design_01,ok,steered,1.0,3,5.524,,,0,1,85.67,80.11,0.6172,0.733,0.0903,0.56
design_29_seq_1,design_02_s1,design_02,ok,steered,1.0,3,27.754,,,3,1,83.34,78.16,0.7558,0.7871,0.2874,0.4333333333333333
design_29_seq_1,design_02_s0,design_02,ok,steered,0.0,3,29.507,,,3,1,82.6,74.9,0.6596,0.7205,0.1358,0.3333333333333333
design_29_seq_1,design_02_s2,design_02,ok,steered,2.0,3,28.186,,,3,0,84.3,79.59,0.7457,0.7971,0.2279,0.2758620689655172
design_2_seq_0,initial,initial,initial,cold_start,0.0,0,3.858,,,0,1,89.9,86.16,0.7609,0.806,0.2647,0.56
design_2_seq_0,initial_s2,initial,initial,cold_start,2.0,0,4.495,,,0,1,89.37,86.16,0.7854,0.8378,0.3262,0.5384615384615384
design_2_seq_0,initial_s1,initial,initial,cold_start,1.0,0,4.67,,,0,1,90.33,85.92999999999999,0.7931,0.8411,0.3187,0.5384615384615384
design_2_seq_1,initial,initial,initial,cold_start,,0,28.83,,,0,1,85.04,76.2,0.7177,0.7851,0.1837,0.4814814814814814
design_2_seq_1,design_01_s0,design_01,ok,steered,0.0,3,1.615,28.475,pose_collapses,1,1,86.33999999999999,81.69999999999999,0.5358,0.6769,0.0394,0.5652173913043478
design_2_seq_1,design_01_s2,design_01,ok,steered,2.0,3,2.739,27.938,pose_collapses,1,1,83.37,77.7,0.5104,0.646,0.0059,0.5416666666666666
design_2_seq_1,design_00_s0,design_00,ok,steered,0.0,3,27.543,,,3,1,87.5,82.39999999999999,0.8763,0.8995,0.6205,0.3928571428571428
design_2_seq_1,design_01_s1,design_01,ok,steered,1.0,3,27.759,,,3,1,87.03,83.0,0.8562,0.8823,0.5468,0.3703703703703703
design_2_seq_1,design_00_s1,design_00,ok,steered,1.0,3,28.185,,,3,1,86.13,80.82000000000001,0.9003,0.9157,0.7188,0.4482758620689655
design_2_seq_1,design_00_s2,design_00,ok,steered,2.0,3,28.389,,,3,1,86.64,81.66,0.9155,0.9275,0.7753,0.4444444444444444
design_2_seq_1,design_02_s1,design_02,ok,steered,1.0,3,30.542,,,2,0,68.42,61.129999999999995,0.4705,0.6132,0.0031,0.2962962962962963
design_2_seq_1,design_02_s2,design_02,ok,steered,2.0,3,30.659,,,3,0,77.34,67.45,0.5301,0.673,0.0162,0.3793103448275862
design_2_seq_1,design_02_s0,design_02,ok,steered,0.0,3,31.872,,,3,0,69.21000000000001,58.989999999999995,0.3227,0.5562,0.0,0.2413793103448276
design_30_seq_0,initial,initial,initial,cold_start,,0,29.237,,,0,1,86.95,81.88,0.8353,0.8509,0.4912,0.4482758620689655
design_30_seq_0,design_00_s1,design_00,ok,steered,1.0,3,28.181,,,3,1,85.53,79.74,0.6601,0.7331,0.141,0.3666666666666666
design_30_seq_0,design_01_s0,design_01,ok,steered,0.0,3,28.347,,,3,1,86.31,80.43,0.856,0.8549,0.5155,0.4333333333333333
design_30_seq_0,design_02_s1,design_02,ok,steered,1.0,3,28.373,,,3,1,80.87,72.46000000000001,0.4817,0.638,0.0027,0.4333333333333333
design_30_seq_0,design_02_s0,design_02,ok,steered,0.0,3,28.678,,,3,1,79.39,70.27,0.5934,0.7319,0.0855,0.40625
design_30_seq_0,design_01_s2,design_01,ok,steered,2.0,3,28.737,,,3,1,86.98,80.47999999999999,0.8172,0.8117,0.4059,0.4642857142857143
design_30_seq_0,design_00_s0,design_00,ok,steered,0.0,3,28.764,,,3,1,84.78999999999999,78.73,0.7288,0.7931,0.2295,0.3548387096774194
design_30_seq_0,design_00_s2,design_00,ok,steered,2.0,3,28.949,,,3,1,84.0,75.16000000000001,0.6634,0.7591,0.144,0.4
design_30_seq_0,design_01_s1,design_01,ok,steered,1.0,3,29.007,,,3,1,85.09,79.43,0.8308,0.8324,0.4463,0.4827586206896552
design_30_seq_0,design_02_s2,design_02,ok,steered,2.0,3,29.254,,,3,1,80.78999999999999,73.11,0.5589,0.6898,0.0273,0.3666666666666666
design_30_seq_1,initial,initial,initial,cold_start,,0,5.287,,,0,1,82.42,71.23,0.4775,0.6831,0.003,0.75
design_30_seq_1,design_00_s1,design_00,ok,steered,1.0,0,26.361,,,0,1,86.77,80.64,0.6997,0.7997,0.2641,0.5714285714285714
design_30_seq_1,design_02_s2,design_02,ok,steered,2.0,0,26.405,,,0,1,84.98,76.97,0.6456,0.7776,0.2,0.5357142857142857
design_30_seq_1,design_00_s2,design_00,ok,steered,2.0,0,26.645,,,0,1,85.07000000000001,76.78,0.5888,0.7363,0.131,0.5
design_30_seq_1,design_02_s0,design_02,ok,steered,0.0,0,26.647,,,0,1,86.33,79.41,0.6673,0.7818,0.2148,0.5
design_30_seq_1,design_00_s0,design_00,ok,steered,0.0,0,26.651,,,0,1,86.94,80.35,0.727,0.8171,0.3002,0.5666666666666667
design_30_seq_1,design_01_s2,design_01,ok,steered,2.0,0,26.691,,,0,1,84.66,76.48,0.5698,0.7314,0.1204,0.4482758620689655
design_30_seq_1,design_02_s1,design_02,ok,steered,1.0,0,29.12,,,0,1,86.83,79.59,0.7454,0.8182,0.2506,0.4827586206896552
design_30_seq_1,design_01_s1,design_01,ok,steered,1.0,0,29.187,,,0,1,85.21,77.10000000000001,0.689,0.7828,0.1565,0.4482758620689655
design_30_seq_1,design_01_s0,design_01,ok,steered,0.0,0,29.455,,,0,1,87.4,80.30000000000001,0.7284,0.8016,0.2117,0.4482758620689655
design_31_seq_0,initial,initial,initial,cold_start,,0,27.702,,,0,1,74.81,67.16,0.6216,0.7497,0.1323,0.2105263157894736
design_31_seq_0,design_00_s2,design_00,ok,steered,2.0,6,5.06,4.743,pose_holds,1,1,87.1,82.17,0.4844,0.6855,0.0033,0.6153846153846154
design_31_seq_0,design_01_s2,design_01,ok,steered,2.0,6,4.483,4.154,pose_holds,1,1,74.4,63.339999999999996,0.3249,0.5704,0.0,0.5517241379310345
design_31_seq_0,design_02_s2,design_02,ok,steered,2.0,6,5.774,29.09,pose_collapses,3,1,74.63,68.66,0.2907,0.5429,0.0,0.5714285714285714
design_31_seq_0,design_01_s0,design_01,ok,steered,0.0,6,6.386,,,3,1,74.42,66.8,0.3711,0.6013,0.0,0.5517241379310345
design_31_seq_0,design_00_s1,design_00,ok,steered,1.0,6,7.216,,,2,1,80.46,76.14999999999999,0.5511,0.708,0.0221,0.6333333333333333
design_31_seq_0,design_01_s1,design_01,ok,steered,1.0,6,7.279,,,1,1,78.36999999999999,70.13000000000001,0.4059,0.5965,0.0026,0.4827586206896552
design_31_seq_0,design_02_s1,design_02,ok,steered,1.0,6,8.718,,,4,1,75.36,68.78999999999999,0.4003,0.6214,0.0026,0.5333333333333333
design_31_seq_0,design_00_s0,design_00,ok,steered,0.0,6,20.091,,,1,0,78.97999999999999,72.39,0.5239,0.7136,0.0486,0.7083333333333334
design_31_seq_0,design_02_s0,design_02,ok,steered,0.0,6,22.756,,,2,0,74.38,67.12,0.2244,0.5409,0.0,0.4
design_31_seq_1,initial,initial,initial,cold_start,,0,29.512,,,0,1,70.59,62.78,0.5988,0.7086,0.1246,0.3333333333333333
design_31_seq_1,design_02_s1,design_02,ok,steered,1.0,6,4.5,4.184,pose_holds,1,1,72.68,64.48,0.3034,0.562,0.0,0.7083333333333334
design_31_seq_1,design_00_s1,design_00,ok,steered,1.0,6,5.2,5.146,pose_collapses,1,1,79.17999999999999,73.61,0.5966,0.7189,0.1002,0.8260869565217391
design_31_seq_1,design_00_s2,design_00,ok,steered,2.0,6,6.397,,,1,1,81.41000000000001,76.8,0.6164,0.7286,0.128,0.7916666666666666
design_31_seq_1,design_01_s0,design_01,ok,steered,0.0,6,10.636,,,5,1,64.53,57.54,0.3966,0.5799,0.0027,0.4411764705882353
design_31_seq_1,design_02_s2,design_02,ok,steered,2.0,6,12.113,,,4,1,70.76,62.11,0.664,0.7902,0.1609,0.3611111111111111
design_31_seq_1,design_02_s0,design_02,ok,steered,0.0,6,12.06,,,2,0,72.65,67.85,0.3844,0.6242,0.0,0.625
design_31_seq_1,design_01_s1,design_01,ok,steered,1.0,6,15.485,,,1,0,71.89999999999999,62.4,0.2314,0.5311,0.0,0.4615384615384615
design_31_seq_1,design_01_s2,design_01,ok,steered,2.0,6,17.305,,,0,0,73.06,65.63,0.1616,0.516,0.0,0.3478260869565217
design_31_seq_1,design_00_s0,design_00,ok,steered,0.0,6,30.317,,,0,0,74.78,63.849999999999994,0.1489,0.4696,0.0,0.1785714285714285
design_32_seq_0,initial,initial,initial,cold_start,,0,29.903,,,0,1,74.62,67.2,0.6201,0.726,0.1443,0.3448275862068966
design_32_seq_0,design_01_s1,design_01,ok,steered,1.0,6,3.017,35.869,pose_collapses,5,1,77.57,74.42,0.7867,0.8499,0.3916,0.4642857142857143
design_32_seq_0,design_01_s2,design_01,ok,steered,2.0,6,3.74,17.449,pose_collapses,4,1,75.59,70.92,0.5431,0.7024,0.0327,0.5517241379310345
design_32_seq_0,design_00_s2,design_00,ok,steered,2.0,6,4.543,9.415,pose_collapses,5,1,81.08999999999999,78.03,0.6937,0.7674,0.2362,0.3636363636363636
design_32_seq_0,design_00_s0,design_00,ok,steered,0.0,6,6.831,,,4,1,81.39,77.66999999999999,0.6307,0.73,0.1708,0.4137931034482758
design_32_seq_0,design_00_s1,design_00,ok,steered,1.0,6,7.427,,,2,1,80.16,75.09,0.6887,0.7736,0.23,0.4642857142857143
design_32_seq_0,design_01_s0,design_01,ok,steered,0.0,6,21.806,,,3,1,69.82000000000001,63.190000000000005,0.2295,0.533,0.0,0.3448275862068966
design_32_seq_0,design_02_s0,design_02,ok,steered,0.0,6,8.613,,,2,0,75.87,66.94,0.415,0.6383,0.0,0.4285714285714285
design_32_seq_0,design_02_s2,design_02,ok,steered,2.0,6,10.841,,,2,0,73.85000000000001,65.27,0.281,0.5454,0.0,0.4230769230769231
design_32_seq_0,design_02_s1,design_02,ok,steered,1.0,6,21.186,,,1,0,75.69,64.79,0.3012,0.5629,0.0,0.3103448275862069
design_32_seq_1,initial,initial,initial,cold_start,,0,10.258,,,0,0,84.35000000000001,81.32000000000001,0.7537,0.8028,0.3167,0.4814814814814814
design_32_seq_1,design_02_s2,design_02,ok,steered,2.0,3,8.043,,,2,1,89.14999999999999,87.42999999999999,0.7602,0.8144,0.3388,0.5769230769230769
design_32_seq_1,design_02_s0,design_02,ok,steered,0.0,3,8.153,,,2,1,87.92999999999999,85.39999999999999,0.7604,0.8216,0.3039,0.6
design_32_seq_1,design_02_s1,design_02,ok,steered,1.0,3,8.649,,,2,1,86.96000000000001,83.7,0.7089,0.7815,0.2704,0.5769230769230769
design_32_seq_1,design_01_s0,design_01,ok,steered,0.0,3,8.965,,,2,1,84.86,80.97999999999999,0.8094,0.8591,0.4104,0.5833333333333334
design_32_seq_1,design_01_s2,design_01,ok,steered,2.0,3,9.072,,,1,1,86.02,82.83,0.7866,0.8443,0.3547,0.6521739130434783
design_32_seq_1,design_01_s1,design_01,ok,steered,1.0,3,10.364,,,1,1,84.46000000000001,79.67999999999999,0.8353,0.8828,0.5042,0.5555555555555556
design_32_seq_1,design_00_s0,design_00,ok,steered,0.0,3,8.62,,,2,0,80.19,75.21,0.6516,0.77,0.1467,0.5555555555555556
design_32_seq_1,design_00_s1,design_00,ok,steered,1.0,3,10.597,,,3,0,78.75999999999999,70.95,0.5337,0.707,0.0402,0.46875
design_32_seq_1,design_00_s2,design_00,ok,steered,2.0,3,10.784,,,3,0,74.86,66.11,0.3862,0.6162,0.0028,0.4482758620689655
design_33_seq_0,initial,initial,initial,cold_start,,0,38.798,,,0,0,72.75,63.959999999999994,0.7116,0.805,0.2439,0.027027027027027
design_33_seq_0,design_02_s2,design_02,ok,steered,2.0,6,13.839,,,0,1,72.95,64.58,0.6086,0.7597,0.1138,0.3333333333333333
design_33_seq_0,design_01_s2,design_01,ok,steered,2.0,6,27.494,,,2,1,69.84,61.18,0.7075,0.8048,0.2076,0.4117647058823529
design_33_seq_0,design_01_s1,design_01,ok,steered,1.0,6,27.763,,,0,1,73.35000000000001,64.52,0.4518,0.6665,0.0033,0.3333333333333333
design_33_seq_0,design_02_s0,design_02,ok,steered,0.0,6,21.018,,,0,0,74.7,67.60000000000001,0.2029,0.478,0.0,0.3529411764705882
design_33_seq_0,design_02_s1,design_02,ok,steered,1.0,6,21.018,,,0,0,70.45,62.050000000000004,0.3577,0.5143,0.0,0.3142857142857143
design_33_seq_0,design_00_s1,design_00,ok,steered,1.0,6,22.208,,,0,0,69.58,63.690000000000005,0.2229,0.5456,0.0,0.25
design_33_seq_0,design_00_s0,design_00,ok,steered,0.0,6,25.986,,,0,0,66.25,58.51,0.4708,0.6665,0.0035,0.2352941176470588
design_33_seq_0,design_01_s0,design_01,ok,steered,0.0,6,26.549,,,0,0,70.27,61.36000000000001,0.7157,0.8079,0.2661,0.3333333333333333
design_33_seq_0,design_00_s2,design_00,ok,steered,2.0,6,28.714,,,1,0,70.00999999999999,60.77,0.1595,0.4712,0.0,0.3142857142857143
design_33_seq_1,initial,initial,initial,cold_start,,0,28.734,,,0,0,72.92999999999999,64.75,0.3565,0.6027,0.0026,0.3142857142857143
design_33_seq_1,design_00_s2,design_00,ok,steered,2.0,6,28.334,,,3,1,73.08,64.42,0.4592,0.659,0.0033,0.2571428571428571
design_33_seq_1,design_02_s0,design_02,ok,steered,0.0,6,4.157,,,2,0,68.56,57.78,0.4697,0.6566,0.0027,0.5714285714285714
design_33_seq_1,design_00_s1,design_00,ok,steered,1.0,6,12.926,,,2,0,75.32,67.07,0.569,0.7037,0.0913,0.4545454545454545
design_33_seq_1,design_00_s0,design_00,ok,steered,0.0,6,15.727,,,1,0,76.62,64.18,0.3042,0.5942,0.0,0.4285714285714285
design_33_seq_1,design_01_s0,design_01,ok,steered,0.0,6,25.086,,,2,0,79.16,73.85000000000001,0.808,0.8543,0.4426,0.3125
design_33_seq_1,design_02_s2,design_02,ok,steered,2.0,6,25.644,,,3,0,76.37,69.48,0.4671,0.66,0.0033,0.2894736842105263
design_33_seq_1,design_01_s2,design_01,ok,steered,2.0,6,26.245,,,3,0,75.52,66.7,0.773,0.7926,0.3527,0.2857142857142857
design_33_seq_1,design_01_s1,design_01,ok,steered,1.0,6,26.951,,,2,0,78.03,69.64,0.7328,0.8093,0.3011,0.2903225806451613
design_33_seq_1,design_02_s1,design_02,ok,steered,1.0,6,29.135,,,3,0,76.52,65.93,0.4549,0.6419,0.0033,0.2121212121212121
design_34_seq_0,initial,initial,initial,cold_start,,0,29.073,,,0,1,83.27,73.5,0.5821,0.7054,0.0561,0.4285714285714285
design_34_seq_0,design_00_s1,design_00,ok,steered,1.0,3,1.373,2.691,pose_holds,2,1,82.56,75.85,0.7164,0.7903,0.323,0.52
design_34_seq_0,design_00_s0,design_00,ok,steered,0.0,3,1.367,2.102,pose_holds,2,1,84.23,80.49,0.8602,0.8865,0.6756,0.4642857142857143
design_34_seq_0,design_00_s2,design_00,ok,steered,2.0,3,2.368,2.782,pose_holds,2,1,84.92,80.54,0.8877,0.9043,0.7431,0.4333333333333333
design_34_seq_0,design_01_s2,design_01,ok,steered,2.0,3,4.507,,,0,1,72.69,67.16,0.4324,0.6353,0.0,0.4814814814814814
design_34_seq_0,design_01_s0,design_01,ok,steered,0.0,3,4.445,,,0,1,75.55,67.43,0.4184,0.6181,0.0,0.4230769230769231
design_34_seq_0,design_01_s1,design_01,ok,steered,1.0,3,1.668,28.795,pose_collapses,1,1,75.03,65.93,0.2388,0.5218,0.0,0.4137931034482758
design_34_seq_0,design_02_s0,design_02,ok,steered,0.0,3,2.363,29.011,pose_collapses,2,1,84.13000000000001,78.28,0.7657,0.8246,0.2968,0.6538461538461539
design_34_seq_0,design_02_s1,design_02,ok,steered,1.0,3,2.445,28.748,pose_collapses,2,1,83.53,76.68,0.7311,0.8059,0.2129,0.6538461538461539
design_34_seq_0,design_02_s2,design_02,ok,steered,2.0,3,3.465,29.671,pose_collapses,3,1,84.26,79.72,0.7513,0.8094,0.3122,0.5925925925925926
design_34_seq_1,initial,initial,initial,cold_start,,0,6.707,,,0,1,85.28999999999999,77.18,0.5551,0.7103,0.0558,0.5833333333333334
design_34_seq_1,design_02_s1,design_02,ok,steered,1.0,2,29.119,,,1,1,75.91,66.63,0.5568,0.6974,0.0596,0.4137931034482758
design_34_seq_1,design_00_s2,design_00,ok,steered,2.0,2,29.917,,,1,1,82.63000000000001,75.17,0.5892,0.6854,0.0917,0.2580645161290322
design_34_seq_1,design_02_s0,design_02,ok,steered,0.0,2,30.083,,,1,1,78.11,67.96,0.6334,0.7339,0.1423,0.3548387096774194
design_34_seq_1,design_01_s1,design_01,ok,steered,1.0,2,30.168,,,1,1,78.8,70.59,0.7959,0.8476,0.3671,0.4193548387096774
design_34_seq_1,design_00_s0,design_00,ok,steered,0.0,2,30.677,,,1,1,79.62,72.2,0.7198,0.788,0.2229,0.3666666666666666
design_34_seq_1,design_02_s2,design_02,ok,steered,2.0,2,30.771,,,1,1,77.51,70.09,0.5011,0.6522,0.0267,0.2121212121212121
design_34_seq_1,design_01_s0,design_01,ok,steered,0.0,2,31.087,,,1,1,76.12,68.86,0.7373,0.8088,0.2748,0.2666666666666666
design_34_seq_1,design_00_s1,design_00,ok,steered,1.0,2,31.36,,,1,1,79.52,73.94,0.6351,0.7293,0.1246,0.3
design_34_seq_1,design_01_s2,design_01,ok,steered,2.0,2,31.564,,,1,1,77.92,68.91000000000001,0.6467,0.7473,0.133,0.3448275862068966
design_35_seq_0,initial,initial,initial,cold_start,0.0,0,3.758,,,0,1,87.38,79.80000000000001,0.6702,0.769,0.1122,0.625
design_35_seq_0,initial_s1,initial,initial,cold_start,1.0,0,3.446,,,0,1,89.01,82.82000000000001,0.6766,0.7689,0.1253,0.625
design_35_seq_0,initial_s2,initial,initial,cold_start,2.0,0,5.068,,,0,1,89.51,84.17999999999999,0.6584,0.7479,0.1142,0.6
design_35_seq_1,initial,initial,initial,cold_start,,0,30.923,,,0,1,83.83,75.02,0.6119,0.7205,0.1159,0.4444444444444444
design_35_seq_1,design_00_s1,design_00,ok,steered,1.0,3,29.547,,,3,1,86.45,82.48,0.9036,0.8966,0.7287,0.4642857142857143
design_35_seq_1,design_00_s2,design_00,ok,steered,2.0,3,29.637,,,3,1,84.46000000000001,77.45,0.8933,0.8862,0.7573,0.4666666666666667
design_35_seq_1,design_00_s0,design_00,ok,steered,0.0,3,30.422,,,3,1,82.72,73.92,0.8887,0.8958,0.7147,0.3870967741935484
design_35_seq_1,design_02_s0,design_02,ok,steered,0.0,3,30.424,,,3,1,84.3,76.0,0.7806,0.8063,0.3934,0.3928571428571428
design_35_seq_1,design_02_s1,design_02,ok,steered,1.0,3,30.676,,,3,1,83.57,75.05,0.7366,0.7783,0.2929,0.3793103448275862
design_35_seq_1,design_02_s2,design_02,ok,steered,2.0,3,30.689,,,3,1,83.59,75.36,0.7361,0.7708,0.2999,0.3928571428571428
design_35_seq_1,design_01_s0,design_01,ok,steered,0.0,3,29.767,,,2,0,81.85,79.46,0.8762,0.8806,0.691,0.3513513513513513
design_35_seq_1,design_01_s2,design_01,ok,steered,2.0,3,29.786,,,2,0,82.08,78.4,0.8501,0.8702,0.6526,0.4
design_35_seq_1,design_01_s1,design_01,ok,steered,1.0,3,30.101,,,2,0,82.24000000000001,79.16,0.8677,0.8816,0.712,0.3421052631578947
design_36_seq_0,initial,initial,initial,cold_start,,0,5.385,,,0,1,76.03999999999999,72.09,0.7397,0.7981,0.3305,0.4516129032258064
design_36_seq_0,design_01_s2,design_01,ok,steered,2.0,3,7.188,,,2,1,82.52000000000001,76.72,0.5611,0.6828,0.0997,0.4827586206896552
design_36_seq_0,design_01_s1,design_01,ok,steered,1.0,3,7.254,,,2,1,83.57,79.51,0.5889,0.7093,0.1067,0.6153846153846154
design_36_seq_0,design_01_s0,design_01,ok,steered,0.0,3,8.535,,,2,1,80.53,76.44999999999999,0.6771,0.757,0.1954,0.5384615384615384
design_36_seq_0,design_00_s1,design_00,ok,steered,1.0,3,11.421,,,2,1,86.02,81.84,0.7088,0.7778,0.1463,0.4838709677419355
design_36_seq_0,design_00_s0,design_00,ok,steered,0.0,3,12.053,,,2,1,86.49,82.59,0.5649,0.6946,0.004,0.5
design_36_seq_0,design_00_s2,design_00,ok,steered,2.0,3,12.179,,,2,1,87.18,83.82,0.5515,0.6827,0.0041,0.4242424242424242
design_36_seq_0,design_02_s0,design_02,ok,steered,0.0,3,20.112,,,2,0,71.87,60.34,0.2285,0.4854,0.0,0.44
design_36_seq_0,design_02_s2,design_02,ok,steered,2.0,3,20.457,,,2,0,70.35,62.94,0.1346,0.4525,0.0,0.5
design_36_seq_0,design_02_s1,design_02,ok,steered,1.0,3,27.456,,,1,0,73.82,67.54,0.2587,0.5677,0.0,0.2608695652173913
design_36_seq_1,initial,initial,initial,cold_start,,0,28.393,,,0,1,89.03,84.87,0.9038,0.922,0.7104,0.4333333333333333
design_36_seq_1,design_01_s1,design_01,ok,steered,1.0,3,3.529,,,0,1,76.07000000000001,67.21000000000001,0.4171,0.6195,0.0,0.6296296296296297
design_36_seq_1,design_01_s0,design_01,ok,steered,0.0,3,5.564,,,0,1,75.52,65.07,0.4151,0.6234,0.0,0.68
design_36_seq_1,design_01_s2,design_01,ok,steered,2.0,3,6.279,,,0,1,74.26,66.33,0.2401,0.5076,0.0,0.7083333333333334
design_36_seq_1,design_00_s2,design_00,ok,steered,2.0,3,18.864,,,0,1,78.35,70.11,0.32,0.583,0.0,0.3225806451612903
design_36_seq_1,design_00_s1,design_00,ok,steered,1.0,3,19.59,,,0,1,76.83,68.57,0.3836,0.6228,0.0,0.25
design_36_seq_1,design_00_s0,design_00,ok,steered,0.0,3,25.586,,,1,1,74.44,67.95,0.6295,0.768,0.1374,0.5357142857142857
design_36_seq_1,design_02_s1,design_02,ok,steered,1.0,3,26.423,,,2,1,80.39,73.15,0.592,0.7276,0.1379,0.5517241379310345
design_36_seq_1,design_02_s2,design_02,ok,steered,2.0,3,26.496,,,2,1,81.74,74.72,0.6375,0.7652,0.1741,0.5
design_36_seq_1,design_02_s0,design_02,ok,steered,0.0,3,26.956,,,2,1,80.76,72.83,0.5877,0.7271,0.1269,0.4838709677419355
design_37_seq_0,initial,initial,initial,cold_start,,0,27.54,,,0,1,83.45,76.7,0.729,0.7907,0.3018,0.4333333333333333
design_37_seq_0,design_00_s1,design_00,ok,steered,1.0,3,7.226,,,2,1,87.18,85.79,0.8409,0.8717,0.5469,0.5
design_37_seq_0,design_00_s0,design_00,ok,steered,0.0,3,7.591,,,2,1,87.49,86.9,0.8414,0.869,0.5323,0.4827586206896552
design_37_seq_0,design_00_s2,design_00,ok,steered,2.0,3,7.702,,,2,1,87.8,87.2,0.8429,0.872,0.5241,0.4666666666666667
design_37_seq_0,design_02_s2,design_02,ok,steered,2.0,3,8.214,,,2,1,76.36,70.47,0.2803,0.5441,0.0,0.4814814814814814
design_37_seq_0,design_01_s1,design_01,ok,steered,1.0,3,26.837,,,2,1,80.82000000000001,76.46,0.5096,0.6329,0.0706,0.4
design_37_seq_0,design_01_s0,design_01,ok,steered,0.0,3,27.103,,,2,1,81.74,77.23,0.6078,0.7108,0.1357,0.4193548387096774
design_37_seq_0,design_01_s2,design_01,ok,steered,2.0,3,27.564,,,2,1,82.25,76.1,0.5152,0.6381,0.0829,0.3529411764705882
design_37_seq_0,design_02_s0,design_02,ok,steered,0.0,3,28.654,,,2,1,79.16,73.72,0.2573,0.5689,0.0,0.2058823529411764
design_37_seq_0,design_02_s1,design_02,ok,steered,1.0,3,35.716,,,1,1,78.58000000000001,70.16,0.5998,0.7386,0.0899,0.0
design_37_seq_1,initial,initial,initial,cold_start,0.0,0,5.681,,,0,1,84.57000000000001,75.72,0.5171,0.6933,0.0401,0.6818181818181818
design_37_seq_1,initial_s2,initial,initial,cold_start,2.0,0,4.884,,,0,1,82.14,71.25,0.459,0.6588,0.0029,0.6818181818181818
design_37_seq_1,initial_s1,initial,initial,cold_start,1.0,0,5.401,,,0,1,80.41,67.64,0.4528,0.6707,0.003,0.6956521739130435
design_38_seq_0,initial,initial,initial,cold_start,,0,6.233,,,0,0,86.11,82.67999999999999,0.7458,0.7932,0.3668,0.4838709677419355
design_38_seq_0,design_00_s1,design_00,ok,steered,1.0,3,2.724,4.259,pose_holds,3,1,78.52,74.18,0.3935,0.5989,0.0028,0.5333333333333333
design_38_seq_0,design_02_s0,design_02,ok,steered,0.0,3,7.926,,,3,1,83.17999999999999,80.02,0.7902,0.8319,0.4595,0.5357142857142857
design_38_seq_0,design_02_s1,design_02,ok,steered,1.0,3,8.061,,,2,1,81.69999999999999,77.12,0.7981,0.8418,0.4616,0.4827586206896552
design_38_seq_0,design_00_s2,design_00,ok,steered,2.0,3,3.943,,,3,0,76.42999999999999,71.13000000000001,0.4898,0.6857,0.0054,0.5161290322580645
design_38_seq_0,design_01_s2,design_01,ok,steered,2.0,3,5.856,,,3,0,87.48,84.28,0.8254,0.8585,0.4725,0.5483870967741935
design_38_seq_0,design_01_s1,design_01,ok,steered,1.0,3,6.321,,,2,0,87.1,83.14,0.7712,0.8167,0.3725,0.4242424242424242
design_38_seq_0,design_00_s0,design_00,ok,steered,0.0,3,6.573,,,2,0,75.47,70.48,0.4494,0.6442,0.0029,0.5161290322580645
design_38_seq_0,design_02_s2,design_02,ok,steered,2.0,3,7.189,,,3,0,82.15,76.9,0.7966,0.8437,0.4585,0.5357142857142857
design_38_seq_0,design_01_s0,design_01,ok,steered,0.0,3,7.435,,,3,0,85.9,82.48,0.7611,0.809,0.3881,0.4333333333333333
design_38_seq_1,initial,initial,initial,cold_start,,0,7.903,,,0,0,80.78,75.91,0.7729,0.8108,0.4144,0.4666666666666667
design_38_seq_1,design_02_s1,design_02,ok,steered,1.0,3,4.369,,,2,1,78.85,70.77,0.5759,0.7174,0.1053,0.4230769230769231
design_38_seq_1,design_02_s2,design_02,ok,steered,2.0,3,2.138,13.755,pose_collapses,1,1,83.94,77.0,0.6432,0.7585,0.1668,0.4814814814814814
design_38_seq_1,design_02_s0,design_02,ok,steered,0.0,3,5.009,34.526,pose_collapses,2,1,81.19,72.46000000000001,0.6243,0.7519,0.1454,0.48
design_38_seq_1,design_00_s2,design_00,ok,steered,2.0,3,6.343,,,2,1,82.42,76.27000000000001,0.6649,0.7163,0.2149,0.4827586206896552
design_38_seq_1,design_00_s1,design_00,ok,steered,1.0,3,6.61,,,2,1,81.27,77.11,0.7071,0.7509,0.2846,0.4666666666666667
design_38_seq_1,design_01_s1,design_01,ok,steered,1.0,3,7.392,,,3,1,81.10000000000001,78.44,0.5684,0.6793,0.1162,0.4242424242424242
design_38_seq_1,design_00_s0,design_00,ok,steered,0.0,3,7.433,,,3,1,80.97,75.71,0.717,0.7642,0.3245,0.4482758620689655
design_38_seq_1,design_01_s0,design_01,ok,steered,0.0,3,7.991,,,3,1,81.28999999999999,78.03999999999999,0.5967,0.7042,0.13,0.3939393939393939
design_38_seq_1,design_01_s2,design_01,ok,steered,2.0,3,8.379,,,3,0,81.43,78.97,0.7482,0.7933,0.3514,0.4516129032258064
design_39_seq_0,initial,initial,initial,cold_start,0.0,0,1.658,,,0,1,91.16,88.1,0.8526,0.8913,0.4932,0.7272727272727273
design_39_seq_0,initial_s1,initial,initial,cold_start,1.0,0,2.207,,,0,1,92.89,90.07,0.8286,0.8625,0.403,0.7391304347826086
design_39_seq_0,initial_s2,initial,initial,cold_start,2.0,0,1.703,,,0,1,92.58,90.18,0.8691,0.8986,0.5197,0.6956521739130435
design_39_seq_1,initial,initial,initial,cold_start,,0,28.857,,,0,1,85.61,78.60000000000001,0.8052,0.8535,0.3367,0.4137931034482758
design_39_seq_1,design_00_s1,design_00,ok,steered,1.0,3,2.667,2.897,pose_holds,1,1,89.61,84.85000000000001,0.9432,0.9568,0.8894,0.72
design_39_seq_1,design_00_s2,design_00,ok,steered,2.0,3,2.132,3.447,pose_holds,1,1,90.13,87.3,0.934,0.9479,0.8667,0.72
design_39_seq_1,design_00_s0,design_00,ok,steered,0.0,3,3.214,2.835,pose_holds,1,1,91.49000000000001,87.94999999999999,0.9393,0.9545,0.8818,0.6538461538461539
design_39_seq_1,design_02_s0,design_02,ok,steered,0.0,3,2.54,2.546,pose_holds,2,1,90.64,90.0,0.9248,0.941,0.8469,0.6296296296296297
design_39_seq_1,design_02_s1,design_02,ok,steered,1.0,3,3.17,3.088,pose_holds,2,1,90.47,89.81,0.9012,0.9166,0.7714,0.6538461538461539
design_39_seq_1,design_01_s2,design_01,ok,steered,2.0,3,1.475,3.746,pose_holds,1,1,79.97,77.53,0.8625,0.8885,0.6475,0.68
design_39_seq_1,design_01_s1,design_01,ok,steered,1.0,3,3.828,2.642,pose_holds,1,1,84.78999999999999,83.77,0.8927,0.906,0.763,0.5714285714285714
design_39_seq_1,design_01_s0,design_01,ok,steered,0.0,3,2.729,3.375,pose_holds,1,1,91.44,91.64,0.9514,0.9618,0.9078,0.5862068965517241
design_39_seq_1,design_02_s2,design_02,ok,steered,2.0,3,2.928,29.273,pose_collapses,2,1,90.64,89.81,0.9069,0.9244,0.7996,0.6428571428571429
design_3_seq_0,initial,initial,initial,cold_start,,0,27.661,,,0,1,87.6,81.65,0.8082,0.8302,0.4911,0.4666666666666667
design_3_seq_0,design_00_s1,design_00,ok,steered,1.0,3,5.035,,,0,1,76.13,69.59,0.647,0.7625,0.1738,0.6296296296296297
design_3_seq_0,design_00_s2,design_00,ok,steered,2.0,3,5.385,26.149,pose_collapses,1,1,75.86,70.11,0.76,0.8375,0.3229,0.4666666666666667
design_3_seq_0,design_00_s0,design_00,ok,steered,0.0,3,7.054,,,1,1,75.58,69.3,0.7205,0.8193,0.2485,0.4545454545454545
design_3_seq_0,design_02_s0,design_02,ok,steered,0.0,3,27.239,,,2,1,82.94,78.25999999999999,0.8115,0.8405,0.4507,0.4193548387096774
design_3_seq_0,design_01_s0,design_01,ok,steered,0.0,3,27.795,,,3,1,85.02,79.79,0.7979,0.8504,0.4167,0.4333333333333333
design_3_seq_0,design_02_s2,design_02,ok,steered,2.0,3,27.84,,,3,1,82.78,77.48,0.7546,0.7872,0.3335,0.4333333333333333
design_3_seq_0,design_01_s1,design_01,ok,steered,1.0,3,27.945,,,3,1,84.74000000000001,78.84,0.798,0.8435,0.4206,0.4333333333333333
design_3_seq_0,design_01_s2,design_01,ok,steered,2.0,3,28.157,,,3,1,85.15,78.64999999999999,0.8088,0.8473,0.4428,0.4333333333333333
design_3_seq_0,design_02_s1,design_02,ok,steered,1.0,3,28.543,,,2,1,80.36999999999999,74.94,0.8171,0.8529,0.4453,0.4666666666666667
design_3_seq_1,initial,initial,initial,cold_start,,0,30.152,,,0,1,85.68,81.82000000000001,0.8056,0.8208,0.4941,0.3103448275862069
design_3_seq_1,design_01_s0,design_01,ok,steered,0.0,5,28.308,,,5,1,87.52,82.19999999999999,0.8396,0.8403,0.5213,0.4137931034482758
design_3_seq_1,design_02_s1,design_02,ok,steered,1.0,5,28.612,,,5,1,86.48,83.75,0.8682,0.8754,0.6689,0.21875
design_3_seq_1,design_02_s0,design_02,ok,steered,0.0,5,28.638,,,5,1,86.79,85.05,0.8617,0.8581,0.6901,0.2727272727272727
design_3_seq_1,design_01_s1,design_01,ok,steered,1.0,5,28.685,,,5,1,87.97,84.15,0.8803,0.8928,0.6775,0.4
design_3_seq_1,design_02_s2,design_02,ok,steered,2.0,5,28.76,,,5,1,85.50999999999999,82.89999999999999,0.8307,0.8343,0.6214,0.2857142857142857
design_3_seq_1,design_01_s2,design_01,ok,steered,2.0,5,28.793,,,5,1,87.74,82.22,0.8691,0.8768,0.618,0.4482758620689655
design_3_seq_1,design_00_s0,design_00,ok,steered,0.0,5,28.963,,,4,0,86.32,83.81,0.8191,0.8402,0.46,0.2307692307692307
design_3_seq_1,design_00_s2,design_00,ok,steered,2.0,5,29.096,,,4,0,87.03999999999999,84.37,0.8012,0.8178,0.3842,0.2105263157894736
design_3_seq_1,design_00_s1,design_00,ok,steered,1.0,5,29.221,,,4,0,82.12,77.8,0.7434,0.7815,0.3051,0.2702702702702703
design_40_seq_0,initial,initial,initial,cold_start,0.0,0,3.611,,,0,1,91.74,89.02,0.9167,0.9405,0.8051,0.5769230769230769
design_40_seq_0,initial_s2,initial,initial,cold_start,2.0,0,2.985,,,0,1,92.04,89.67,0.9067,0.9308,0.7754,0.5769230769230769
design_40_seq_0,initial_s1,initial,initial,cold_start,1.0,0,3.243,,,0,1,91.66,88.56,0.8985,0.9271,0.7498,0.5769230769230769
design_40_seq_1,initial,initial,initial,cold_start,0.0,0,2.988,,,0,1,89.88000000000001,84.78,0.8349,0.8747,0.4254,0.7391304347826086
design_40_seq_1,initial_s2,initial,initial,cold_start,2.0,0,3.237,,,0,1,91.84,88.35,0.8211,0.861,0.3889,0.782608695652174
design_40_seq_1,initial_s1,initial,initial,cold_start,1.0,0,2.442,,,0,1,90.44,86.39,0.8377,0.8738,0.4284,0.6521739130434783
design_41_seq_0,initial,initial,initial,cold_start,,0,32.952,,,0,1,67.72,61.21,0.7708,0.8583,0.3351,0.1081081081081081
design_41_seq_0,design_01_s2,design_01,ok,steered,2.0,6,10.411,,,0,1,71.85000000000001,62.9,0.4434,0.6304,0.0025,0.4827586206896552
design_41_seq_0,design_02_s1,design_02,ok,steered,1.0,6,27.872,,,0,1,73.31,63.32,0.5382,0.7167,0.0656,0.3225806451612903
design_41_seq_0,design_00_s0,design_00,ok,steered,0.0,6,28.286,,,3,1,71.94,64.31,0.671,0.7882,0.2459,0.3103448275862069
design_41_seq_0,design_00_s1,design_00,ok,steered,1.0,6,29.043,,,4,1,71.22,62.870000000000005,0.3021,0.5731,0.0,0.25
design_41_seq_0,design_02_s2,design_02,ok,steered,2.0,6,31.264,,,5,1,67.97,57.69,0.412,0.653,0.0,0.1612903225806451
design_41_seq_0,design_02_s0,design_02,ok,steered,0.0,6,31.47,,,5,1,71.53,63.77,0.5794,0.7421,0.0885,0.1333333333333333
design_41_seq_0,design_01_s0,design_01,ok,steered,0.0,6,16.608,,,0,0,77.96,70.23,0.6636,0.7807,0.1784,0.1875
design_41_seq_0,design_01_s1,design_01,ok,steered,1.0,6,18.5,,,0,0,79.52,71.2,0.3918,0.6252,0.0034,0.2222222222222222
design_41_seq_0,design_00_s2,design_00,ok,steered,2.0,6,28.655,,,3,0,73.29,65.01,0.5355,0.7113,0.0955,0.3448275862068966
design_41_seq_1,initial,initial,initial,cold_start,,0,25.337,,,0,1,72.06,61.18,0.1698,0.5039,0.0,0.2962962962962963
design_41_seq_1,design_01_s2,design_01,ok,steered,2.0,5,18.937,,,1,0,75.4,69.55,0.1743,0.4473,0.0,0.2
design_41_seq_1,design_02_s0,design_02,ok,steered,0.0,5,19.184,,,1,0,79.63,73.94,0.2965,0.5902,0.0,0.2222222222222222
design_41_seq_1,design_01_s1,design_01,ok,steered,1.0,5,19.44,,,2,0,74.86,67.05,0.1944,0.4884,0.0,0.2142857142857142
design_41_seq_1,design_00_s0,design_00,ok,steered,0.0,5,20.377,,,0,0,77.91,73.63,0.1742,0.5212,0.0,0.24
design_41_seq_1,design_01_s0,design_01,ok,steered,0.0,5,22.451,,,1,0,77.73,71.45,0.2378,0.5149,0.0,0.2413793103448276
design_41_seq_1,design_02_s2,design_02,ok,steered,2.0,5,22.851,,,2,0,71.08,65.5,0.2978,0.5679,0.0,0.32
design_41_seq_1,design_02_s1,design_02,ok,steered,1.0,5,27.027,,,3,0,64.38000000000001,58.24,0.4356,0.6267,0.0031,0.2333333333333333
design_41_seq_1,design_00_s1,design_00,ok,steered,1.0,5,30.841,,,2,0,72.42,64.67,0.2784,0.5478,0.0,0.1612903225806451
design_41_seq_1,design_00_s2,design_00,ok,steered,2.0,5,30.905,,,1,0,72.61,66.67,0.2515,0.5661,0.0,0.12
design_42_seq_0,initial,initial,initial,cold_start,0.0,0,2.186,,,0,1,87.96000000000001,84.08,0.7956,0.8499,0.2821,0.7307692307692307
design_42_seq_0,initial_s2,initial,initial,cold_start,2.0,0,2.264,,,0,1,89.53999999999999,86.68,0.7944,0.8435,0.3183,0.76
design_42_seq_0,initial_s1,initial,initial,cold_start,1.0,0,3.125,,,0,1,89.09,85.39,0.7808,0.832,0.3185,0.6296296296296297
design_42_seq_1,initial,initial,initial,cold_start,,0,31.931,,,0,1,80.15,70.45,0.3969,0.6197,0.0029,0.1052631578947368
design_42_seq_1,design_02_s2,design_02,ok,steered,2.0,6,2.71,,,0,1,91.83,90.06,0.9055,0.9264,0.7544,0.7037037037037037
design_42_seq_1,design_01_s2,design_01,ok,steered,2.0,6,5.206,3.364,pose_holds,0,1,89.85,88.23,0.8929,0.9115,0.7346,0.5
design_42_seq_1,design_01_s1,design_01,ok,steered,1.0,6,3.493,,,0,1,89.22,87.81,0.8682,0.875,0.6063,0.4642857142857143
design_42_seq_1,design_00_s2,design_00,ok,steered,2.0,6,3.911,27.964,pose_collapses,1,1,85.08,82.64,0.886,0.8881,0.671,0.5185185185185185
design_42_seq_1,design_00_s1,design_00,ok,steered,1.0,6,4.553,30.46,pose_collapses,1,1,86.50999999999999,84.81,0.8583,0.8729,0.6334,0.5925925925925926
design_42_seq_1,design_00_s0,design_00,ok,steered,0.0,6,4.851,38.276,pose_collapses,1,1,86.02,83.77,0.8856,0.8925,0.6954,0.5
design_42_seq_1,design_01_s0,design_01,ok,steered,0.0,6,6.728,,,0,1,89.72,87.87,0.878,0.8956,0.6897,0.5
design_42_seq_1,design_02_s1,design_02,ok,steered,1.0,6,30.087,,,6,0,77.59,73.2,0.3373,0.5835,0.0,0.1944444444444444
design_42_seq_1,design_02_s0,design_02,ok,steered,0.0,6,32.265,,,6,0,77.14999999999999,71.43,0.3254,0.5933,0.0,0.1388888888888889
design_43_seq_0,initial,initial,initial,cold_start,,0,37.563,,,0,1,80.62,74.69,0.3169,0.5793,0.0,0.0789473684210526
design_43_seq_0,design_00_s1,design_00,ok,steered,1.0,6,1.407,,,0,1,84.83000000000001,80.63,0.6047,0.7243,0.1251,0.7391304347826086
design_43_seq_0,design_00_s2,design_00,ok,steered,2.0,6,2.926,,,0,1,86.89,83.12,0.5853,0.6822,0.0915,0.7083333333333334
design_43_seq_0,design_00_s0,design_00,ok,steered,0.0,6,3.242,28.756,pose_collapses,3,1,85.8,81.61,0.562,0.6613,0.0776,0.6538461538461539
design_43_seq_0,design_02_s0,design_02,ok,steered,0.0,6,9.232,,,3,1,75.86,70.00999999999999,0.521,0.701,0.0348,0.4411764705882353
design_43_seq_0,design_01_s2,design_01,ok,steered,2.0,6,25.962,,,2,1,81.99,76.75999999999999,0.7393,0.7734,0.3293,0.5666666666666667
design_43_seq_0,design_01_s0,design_01,ok,steered,0.0,6,26.03,,,1,1,83.39999999999999,79.67,0.6894,0.7473,0.2173,0.4814814814814814
design_43_seq_0,design_01_s1,design_01,ok,steered,1.0,6,26.357,,,1,1,80.19,75.22,0.6501,0.7354,0.171,0.6153846153846154
design_43_seq_0,design_02_s1,design_02,ok,steered,1.0,6,13.81,,,3,0,78.53,75.56,0.4075,0.5978,0.0029,0.3947368421052631
design_43_seq_0,design_02_s2,design_02,ok,steered,2.0,6,13.99,,,1,0,80.42,77.27000000000001,0.7169,0.7964,0.266,0.5
design_43_seq_1,initial,initial,initial,cold_start,,0,2.965,,,0,1,82.95,74.26,0.7108,0.8102,0.2385,0.6956521739130435
design_43_seq_1,design_01_s0,design_01,ok,steered,0.0,3,2.813,1.984,pose_holds,3,1,82.50999999999999,74.09,0.5909,0.7275,0.1254,0.7391304347826086
design_43_seq_1,design_01_s1,design_01,ok,steered,1.0,3,8.446,,,2,1,80.49,75.03999999999999,0.7129,0.791,0.1746,0.5
design_43_seq_1,design_00_s1,design_00,ok,steered,1.0,3,28.612,,,2,1,79.16,71.49,0.7185,0.8079,0.2289,0.3548387096774194
design_43_seq_1,design_02_s1,design_02,ok,steered,1.0,3,29.221,,,1,1,78.39,70.30999999999999,0.5437,0.705,0.0518,0.3214285714285714
design_43_seq_1,design_00_s2,design_00,ok,steered,2.0,3,29.271,,,2,1,80.0,69.89999999999999,0.6464,0.7782,0.1366,0.3928571428571428
design_43_seq_1,design_00_s0,design_00,ok,steered,0.0,3,29.419,,,1,1,80.88,72.3,0.6385,0.7622,0.1285,0.3703703703703703
design_43_seq_1,design_02_s2,design_02,ok,steered,2.0,3,15.03,,,0,0,82.58,77.07000000000001,0.5659,0.7338,0.0779,0.4444444444444444
design_43_seq_1,design_01_s2,design_01,ok,steered,2.0,3,16.388,,,3,0,80.17999999999999,73.67,0.6594,0.7357,0.1319,0.4117647058823529
design_43_seq_1,design_02_s0,design_02,ok,steered,0.0,3,28.673,,,1,0,74.91,66.72,0.768,0.8409,0.3423,0.4571428571428571
design_44_seq_0,initial,initial,initial,cold_start,,0,15.691,,,0,1,87.39,85.66,0.8294,0.8707,0.4445,0.4137931034482758
design_44_seq_0,design_02_s2,design_02,ok,steered,2.0,3,8.89,,,1,1,83.43,78.68,0.5199,0.6871,0.0327,0.4571428571428571
design_44_seq_0,design_02_s1,design_02,ok,steered,1.0,3,28.543,,,1,1,80.75,72.38,0.2261,0.5046,0.0,0.3225806451612903
design_44_seq_0,design_01_s0,design_01,ok,steered,0.0,3,30.299,,,0,1,87.26,80.99,0.6374,0.7271,0.163,0.25
design_44_seq_0,design_01_s2,design_01,ok,steered,2.0,3,30.914,,,0,1,85.6,78.89,0.6669,0.7507,0.2038,0.25
design_44_seq_0,design_01_s1,design_01,ok,steered,1.0,3,30.922,,,0,1,86.52,81.44,0.6667,0.7519,0.1995,0.2121212121212121
design_44_seq_0,design_00_s2,design_00,ok,steered,2.0,3,29.25,,,0,0,89.2,86.89,0.646,0.7406,0.168,0.2368421052631578
design_44_seq_0,design_00_s1,design_00,ok,steered,1.0,3,29.411,,,0,0,90.38000000000001,88.26,0.7032,0.7747,0.2205,0.2432432432432432
design_44_seq_0,design_00_s0,design_00,ok,steered,0.0,3,29.508,,,0,0,89.82,88.13,0.6769,0.7683,0.1846,0.2105263157894736
design_44_seq_0,design_02_s0,design_02,ok,steered,0.0,3,30.528,,,0,0,82.53,76.25999999999999,0.3711,0.6214,0.0029,0.2727272727272727
design_44_seq_1,initial,initial,initial,cold_start,,0,28.231,,,0,1,86.21,80.81,0.7791,0.8119,0.4423,0.34375
design_44_seq_1,design_02_s2,design_02,ok,steered,2.0,6,4.434,35.083,pose_collapses,2,1,80.97,71.84,0.6402,0.7541,0.1217,0.56
design_44_seq_1,design_02_s1,design_02,ok,steered,1.0,6,5.583,22.995,pose_collapses,2,1,80.58999999999999,70.99,0.648,0.7537,0.123,0.5555555555555556
design_44_seq_1,design_02_s0,design_02,ok,steered,0.0,6,6.451,,,2,1,78.56,70.58,0.5733,0.7069,0.0527,0.52
design_44_seq_1,design_00_s1,design_00,ok,steered,1.0,6,25.061,,,1,1,76.4,69.87,0.2634,0.5265,0.0,0.1176470588235294
design_44_seq_1,design_01_s0,design_01,ok,steered,0.0,6,27.908,,,5,1,78.92,69.19999999999999,0.5633,0.7058,0.0959,0.3529411764705882
design_44_seq_1,design_00_s0,design_00,ok,steered,0.0,6,20.44,,,2,0,78.9,73.00999999999999,0.1821,0.525,0.0,0.48
design_44_seq_1,design_00_s2,design_00,ok,steered,2.0,6,20.67,,,2,0,78.11,73.66,0.2549,0.5537,0.0,0.4230769230769231
design_44_seq_1,design_01_s2,design_01,ok,steered,2.0,6,27.321,,,2,0,79.27,70.28,0.1552,0.5287,0.0,0.1481481481481481
design_44_seq_1,design_01_s1,design_01,ok,steered,1.0,6,30.055,,,2,0,76.58,67.85,0.1381,0.5133,0.0,0.1724137931034483
design_45_seq_0,initial,initial,initial,cold_start,,0,32.124,,,0,0,84.99,79.25,0.7805,0.847,0.3408,0.2285714285714285
design_45_seq_0,design_00_s1,design_00,ok,steered,1.0,6,7.321,,,1,1,74.85000000000001,67.11,0.4756,0.6746,0.0027,0.625
design_45_seq_0,design_00_s0,design_00,ok,steered,0.0,6,7.418,,,1,1,72.48,63.89,0.3236,0.5803,0.0,0.6956521739130435
design_45_seq_0,design_02_s2,design_02,ok,steered,2.0,6,26.317,,,1,1,80.83,69.75,0.2507,0.5376,0.0,0.4444444444444444
design_45_seq_0,design_02_s0,design_02,ok,steered,0.0,6,19.311,,,2,0,81.55,73.48,0.3789,0.6049,0.0027,0.2333333333333333
design_45_seq_0,design_00_s2,design_00,ok,steered,2.0,6,22.288,,,2,0,75.7,70.33,0.157,0.4817,0.0,0.6153846153846154
design_45_seq_0,design_01_s1,design_01,ok,steered,1.0,6,25.264,,,2,0,65.13,57.78,0.3004,0.5344,0.0,0.1666666666666666
design_45_seq_0,design_02_s1,design_02,ok,steered,1.0,6,25.377,,,1,0,84.28,76.23,0.2602,0.5412,0.0,0.2758620689655172
design_45_seq_0,design_01_s2,design_01,ok,steered,2.0,6,31.93,,,4,0,68.62,61.980000000000004,0.1702,0.486,0.0,0.2
design_45_seq_0,design_01_s0,design_01,ok,steered,0.0,6,37.73,,,1,0,70.19999999999999,62.28,0.2175,0.4712,0.0,0.1538461538461538
design_45_seq_1,initial,initial,initial,cold_start,,0,28.957,,,0,1,89.22,84.07,0.7931,0.8344,0.3606,0.4
design_45_seq_1,design_01_s1,design_01,ok,steered,1.0,3,3.2,3.438,pose_holds,1,1,75.5,69.21000000000001,0.348,0.5809,0.0,0.6071428571428571
design_45_seq_1,design_01_s0,design_01,ok,steered,0.0,3,3.673,,,0,1,81.69999999999999,76.79,0.7856,0.855,0.3681,0.5714285714285714
design_45_seq_1,design_00_s0,design_00,ok,steered,0.0,3,3.504,,,0,1,74.83999999999999,67.06,0.2271,0.5119,0.0,0.5185185185185185
design_45_seq_1,design_01_s2,design_01,ok,steered,2.0,3,4.422,40.174,pose_collapses,1,1,77.52,71.53,0.2404,0.5167,0.0,0.64
design_45_seq_1,design_00_s2,design_00,ok,steered,2.0,3,5.296,,,0,1,73.87,65.66,0.2079,0.5071,0.0,0.4074074074074074
design_45_seq_1,design_00_s1,design_00,ok,steered,1.0,3,5.909,23.632,pose_collapses,1,1,74.39,67.29,0.2075,0.4984,0.0,0.4333333333333333
design_45_seq_1,design_02_s1,design_02,ok,steered,1.0,3,27.423,,,3,1,83.78999999999999,76.73,0.7375,0.806,0.2639,0.4193548387096774
design_45_seq_1,design_02_s2,design_02,ok,steered,2.0,3,27.531,,,3,1,82.33,76.12,0.6728,0.775,0.2017,0.3636363636363636
design_45_seq_1,design_02_s0,design_02,ok,steered,0.0,3,27.717,,,3,1,82.74000000000001,75.01,0.6787,0.7593,0.1918,0.4333333333333333
design_46_seq_0,initial,initial,initial,cold_start,,0,30.852,,,0,1,84.28999999999999,79.81,0.7925,0.8289,0.5076,0.2666666666666666
design_46_seq_0,design_01_s1,design_01,ok,steered,1.0,6,27.458,,,5,1,78.94,69.08999999999999,0.523,0.6691,0.0068,0.3870967741935484
design_46_seq_0,design_01_s0,design_01,ok,steered,0.0,6,27.367,,,4,0,81.62,73.72,0.4659,0.6256,0.0026,0.2580645161290322
design_46_seq_0,design_01_s2,design_01,ok,steered,2.0,6,28.006,,,5,0,80.58,73.54,0.5209,0.6516,0.0031,0.2903225806451613
design_46_seq_0,design_00_s2,design_00,ok,steered,2.0,6,29.936,,,5,0,83.67999999999999,80.07,0.8362,0.8644,0.5194,0.2894736842105263
design_46_seq_0,design_02_s0,design_02,ok,steered,0.0,6,30.131,,,6,0,81.2,79.06,0.8876,0.908,0.7026,0.2682926829268293
design_46_seq_0,design_00_s0,design_00,ok,steered,0.0,6,30.176,,,4,0,79.14,74.21,0.7711,0.8194,0.4055,0.375
design_46_seq_0,design_00_s1,design_00,ok,steered,1.0,6,30.223,,,5,0,79.31,74.68,0.7319,0.8005,0.3394,0.3684210526315789
design_46_seq_0,design_02_s2,design_02,ok,steered,2.0,6,30.347,,,6,0,79.38,74.92999999999999,0.6744,0.7692,0.2654,0.3333333333333333
design_46_seq_0,design_02_s1,design_02,ok,steered,1.0,6,30.44,,,6,0,75.82,71.8,0.7882,0.8288,0.453,0.2682926829268293
design_46_seq_1,initial,initial,initial,cold_start,,0,29.747,,,0,0,89.89,88.21,0.8633,0.8915,0.7,0.2571428571428571
design_46_seq_1,design_01_s1,design_01,ok,steered,1.0,6,4.872,30.322,pose_collapses,2,1,85.87,82.71,0.6619,0.7316,0.1893,0.5517241379310345
design_46_seq_1,design_01_s2,design_01,ok,steered,2.0,6,5.43,11.3,pose_collapses,2,1,87.83999999999999,85.61999999999999,0.6986,0.7633,0.2528,0.5714285714285714
design_46_seq_1,design_01_s0,design_01,ok,steered,0.0,6,7.581,,,3,1,86.42999999999999,83.99,0.6332,0.7134,0.1592,0.4516129032258064
design_46_seq_1,design_02_s1,design_02,ok,steered,1.0,6,7.822,,,2,1,83.31,78.93,0.2767,0.5357,0.0,0.5172413793103449
design_46_seq_1,design_02_s2,design_02,ok,steered,2.0,6,8.021,,,1,1,81.35,74.6,0.3755,0.5969,0.0,0.5
design_46_seq_1,design_02_s0,design_02,ok,steered,0.0,6,8.395,,,1,1,81.82000000000001,74.79,0.3571,0.5844,0.0,0.6296296296296297
design_46_seq_1,design_00_s0,design_00,ok,steered,0.0,6,9.692,,,2,1,77.18,71.91,0.5777,0.694,0.0943,0.5714285714285714
design_46_seq_1,design_00_s2,design_00,ok,steered,2.0,6,9.918,,,1,1,77.91,70.69,0.4114,0.5924,0.0027,0.5
design_46_seq_1,design_00_s1,design_00,ok,steered,1.0,6,11.096,,,2,1,77.3,69.35,0.4102,0.5957,0.0027,0.6538461538461539
design_47_seq_0,initial,initial,initial,cold_start,0.0,0,2.074,,,0,1,91.97,89.09,0.9031,0.9207,0.7569,0.7307692307692307
design_47_seq_0,initial_s1,initial,initial,cold_start,1.0,0,2.137,,,0,1,91.55,88.29,0.9066,0.9291,0.774,0.7037037037037037
design_47_seq_0,initial_s2,initial,initial,cold_start,2.0,0,2.151,,,0,1,91.35,88.87,0.9163,0.933,0.804,0.7037037037037037
design_47_seq_1,initial,initial,initial,cold_start,0.0,0,2.499,,,0,1,88.71,83.50999999999999,0.7044,0.7868,0.1436,0.6666666666666666
design_47_seq_1,initial_s1,initial,initial,cold_start,1.0,0,2.623,,,0,1,84.64,76.85,0.648,0.7616,0.0871,0.6428571428571429
design_47_seq_1,initial_s2,initial,initial,cold_start,2.0,0,2.701,,,0,1,86.72999999999999,79.95,0.5696,0.6924,0.0028,0.6428571428571429
design_48_seq_0,initial,initial,initial,cold_start,,0,28.378,,,0,1,85.89,80.53,0.8002,0.8184,0.4031,0.3529411764705882
design_48_seq_0,design_00_s1,design_00,ok,steered,1.0,6,26.612,,,5,1,84.34,77.3,0.5127,0.6879,0.0992,0.3235294117647059
design_48_seq_0,design_02_s0,design_02,ok,steered,0.0,6,27.034,,,4,1,83.03,78.11,0.6017,0.7361,0.1585,0.3157894736842105
design_48_seq_0,design_02_s1,design_02,ok,steered,1.0,6,27.28,,,3,1,78.94,71.99,0.5291,0.6899,0.1079,0.3428571428571428
design_48_seq_0,design_00_s0,design_00,ok,steered,0.0,6,28.398,,,5,1,83.91999999999999,79.52,0.6322,0.7323,0.1427,0.2285714285714285
design_48_seq_0,design_00_s2,design_00,ok,steered,2.0,6,29.196,,,6,1,83.74000000000001,76.81,0.6428,0.742,0.147,0.2777777777777778
design_48_seq_0,design_02_s2,design_02,ok,steered,2.0,6,27.613,,,2,0,79.2,72.55,0.6474,0.7419,0.1977,0.2777777777777778
design_48_seq_0,design_01_s1,design_01,ok,steered,1.0,6,28.785,,,4,0,83.15,78.64999999999999,0.8515,0.8871,0.531,0.25
design_48_seq_0,design_01_s2,design_01,ok,steered,2.0,6,28.852,,,4,0,84.89999999999999,81.95,0.9017,0.9248,0.7109,0.2045454545454545
design_48_seq_0,design_01_s0,design_01,ok,steered,0.0,6,28.898,,,4,0,84.87,80.66,0.8424,0.8775,0.5204,0.2619047619047619
design_48_seq_1,initial,initial,initial,cold_start,,0,26.181,,,0,1,86.21,80.41,0.5086,0.6945,0.0653,0.4242424242424242
design_48_seq_1,design_02_s0,design_02,ok,steered,0.0,3,6.395,,,3,1,85.47,79.27,0.4454,0.6863,0.0031,0.5142857142857142
design_48_seq_1,design_02_s2,design_02,ok,steered,2.0,3,7.384,,,3,1,81.75,73.56,0.492,0.6834,0.0033,0.5
design_48_seq_1,design_02_s1,design_02,ok,steered,1.0,3,7.672,,,3,1,83.64,75.86,0.5312,0.7036,0.0351,0.5
design_48_seq_1,design_01_s2,design_01,ok,steered,2.0,3,11.925,,,1,1,86.27,82.47,0.7511,0.8354,0.2829,0.5
design_48_seq_1,design_01_s1,design_01,ok,steered,1.0,3,11.981,,,1,1,86.26,81.92,0.7753,0.8514,0.3224,0.4516129032258064
design_48_seq_1,design_01_s0,design_01,ok,steered,0.0,3,14.647,,,0,1,81.56,73.87,0.5901,0.7422,0.1067,0.5172413793103449
design_48_seq_1,design_00_s1,design_00,ok,steered,1.0,3,27.962,,,2,1,89.13,85.58,0.8947,0.9164,0.7627,0.3529411764705882
design_48_seq_1,design_00_s2,design_00,ok,steered,2.0,3,27.984,,,3,1,89.18,85.72,0.8823,0.901,0.7154,0.3513513513513513
design_48_seq_1,design_00_s0,design_00,ok,steered,0.0,3,28.21,,,3,1,90.2,87.03,0.8755,0.8908,0.6778,0.3333333333333333
design_49_seq_0,initial,initial,initial,cold_start,0.0,0,3.647,,,0,1,92.85,90.64999999999999,0.9167,0.9378,0.7743,0.6
design_49_seq_0,initial_s2,initial,initial,cold_start,2.0,0,3.309,,,0,1,93.5,92.30000000000001,0.9127,0.9338,0.7761,0.6086956521739131
design_49_seq_0,initial_s1,initial,initial,cold_start,1.0,0,3.244,,,0,1,92.99,91.25999999999999,0.9263,0.9457,0.8216,0.6
design_49_seq_1,initial,initial,initial,cold_start,0.0,0,3.691,,,0,1,84.45,76.23,0.7279,0.8152,0.1922,0.75
design_49_seq_1,initial_s2,initial,initial,cold_start,2.0,0,2.669,,,0,1,87.78,81.27,0.7965,0.8656,0.3286,0.7307692307692307
design_49_seq_1,initial_s1,initial,initial,cold_start,1.0,0,3.527,,,0,1,86.83,80.5,0.745,0.824,0.2004,0.6
design_4_seq_0,initial,initial,initial,cold_start,,0,26.135,,,0,1,81.39999999999999,73.45,0.6286,0.7506,0.1605,0.4827586206896552
design_4_seq_0,design_02_s1,design_02,ok,steered,1.0,3,4.325,,,0,1,73.26,66.16,0.2697,0.5194,0.0,0.4666666666666667
design_4_seq_0,design_02_s0,design_02,ok,steered,0.0,3,8.279,,,0,1,73.6,67.12,0.3141,0.5417,0.0,0.4482758620689655
design_4_seq_0,design_00_s1,design_00,ok,steered,1.0,3,28.258,,,2,1,81.2,72.16,0.8096,0.8573,0.3842,0.4333333333333333
design_4_seq_0,design_00_s2,design_00,ok,steered,2.0,3,29.762,,,2,1,81.97,74.85000000000001,0.719,0.772,0.2208,0.3333333333333333
design_4_seq_0,design_00_s0,design_00,ok,steered,0.0,3,30.005,,,2,1,80.96,73.07000000000001,0.7012,0.7681,0.1594,0.2903225806451613
design_4_seq_0,design_02_s2,design_02,ok,steered,2.0,3,12.394,,,1,0,75.77000000000001,69.98,0.2098,0.5222,0.0,0.4642857142857143
design_4_seq_0,design_01_s2,design_01,ok,steered,2.0,3,14.17,,,0,0,82.98,74.9,0.1231,0.476,0.0,0.3333333333333333
design_4_seq_0,design_01_s1,design_01,ok,steered,1.0,3,14.65,,,0,0,79.88,74.15,0.1163,0.4645,0.0,0.3846153846153846
design_4_seq_0,design_01_s0,design_01,ok,steered,0.0,3,17.491,,,0,0,82.54,76.99000000000001,0.1523,0.4833,0.0,0.3043478260869565
design_4_seq_1,initial,initial,initial,cold_start,,0,28.982,,,0,1,85.21,76.06,0.6732,0.7693,0.1387,0.4333333333333333
design_4_seq_1,design_01_s1,design_01,ok,steered,1.0,3,8.248,,,0,1,82.32000000000001,80.49,0.8557,0.8777,0.6071,0.40625
design_4_seq_1,design_00_s2,design_00,ok,steered,2.0,3,8.394,,,1,1,85.68,81.98,0.5943,0.7161,0.0668,0.4375
design_4_seq_1,design_01_s2,design_01,ok,steered,2.0,3,8.41,,,0,1,86.17,84.3,0.8013,0.8231,0.4655,0.4193548387096774
design_4_seq_1,design_01_s0,design_01,ok,steered,0.0,3,8.444,,,0,1,87.42,87.0,0.8082,0.8303,0.4919,0.40625
design_4_seq_1,design_00_s1,design_00,ok,steered,1.0,3,10.322,,,1,1,85.76,81.63,0.511,0.6625,0.0032,0.3793103448275862
design_4_seq_1,design_02_s0,design_02,ok,steered,0.0,3,11.061,,,2,1,75.14999999999999,66.58,0.3039,0.5564,0.0,0.4444444444444444
design_4_seq_1,design_02_s2,design_02,ok,steered,2.0,3,11.882,,,1,1,76.05,69.59,0.315,0.553,0.0,0.5185185185185185
design_4_seq_1,design_00_s0,design_00,ok,steered,0.0,3,12.179,,,0,1,84.02,78.07,0.5564,0.6871,0.0032,0.4285714285714285
design_4_seq_1,design_02_s1,design_02,ok,steered,1.0,3,28.658,,,3,1,74.51,65.29,0.2993,0.5469,0.0,0.2666666666666666
design_50_seq_0,initial,initial,initial,cold_start,,0,29.976,,,0,1,80.7,70.76,0.4166,0.6188,0.0,0.44
design_50_seq_0,design_00_s1,design_00,ok,steered,1.0,3,8.691,,,0,1,86.3,77.48,0.5697,0.7099,0.0547,0.6666666666666666
design_50_seq_0,design_02_s2,design_02,ok,steered,2.0,3,8.995,,,2,1,80.10000000000001,76.62,0.6348,0.7208,0.13,0.4444444444444444
design_50_seq_0,design_02_s0,design_02,ok,steered,0.0,3,9.455,,,2,1,79.42,74.7,0.5872,0.6903,0.1002,0.4230769230769231
design_50_seq_0,design_00_s2,design_00,ok,steered,2.0,3,29.251,,,3,1,83.87,75.92,0.6627,0.7278,0.0643,0.44
design_50_seq_0,design_00_s0,design_00,ok,steered,0.0,3,29.316,,,3,1,83.47,73.72999999999999,0.627,0.7003,0.0035,0.4615384615384615
design_50_seq_0,design_01_s1,design_01,ok,steered,1.0,3,32.385,,,1,1,84.11999999999999,76.94,0.3138,0.5901,0.0,0.0333333333333333
design_50_seq_0,design_01_s2,design_01,ok,steered,2.0,3,32.808,,,3,1,79.47999999999999,68.67999999999999,0.2003,0.5181,0.0,0.0625
design_50_seq_0,design_01_s0,design_01,ok,steered,0.0,3,33.349,,,1,1,80.78999999999999,74.55000000000001,0.7192,0.8204,0.2704,0.0606060606060606
design_50_seq_0,design_02_s1,design_02,ok,steered,1.0,3,33.564,,,1,0,83.04,77.11,0.1352,0.4877,0.0,0.2758620689655172
design_50_seq_1,initial,initial,initial,cold_start,,0,29.418,,,0,1,82.67,73.05,0.4451,0.6334,0.0,0.4137931034482758
design_50_seq_1,design_02_s1,design_02,ok,steered,1.0,6,8.169,,,2,1,74.29,68.12,0.8066,0.848,0.4743,0.56
design_50_seq_1,design_02_s0,design_02,ok,steered,0.0,6,8.934,,,2,1,74.36,66.96,0.6017,0.7076,0.1826,0.44
design_50_seq_1,design_00_s2,design_00,ok,steered,2.0,6,7.018,,,3,0,73.18,65.84,0.5644,0.7109,0.0995,0.625
design_50_seq_1,design_00_s0,design_00,ok,steered,0.0,6,7.043,,,2,0,75.37,68.57,0.6557,0.7682,0.1707,0.56
design_50_seq_1,design_00_s1,design_00,ok,steered,1.0,6,8.031,,,2,0,74.51,69.05,0.5927,0.7181,0.123,0.5769230769230769
design_50_seq_1,design_02_s2,design_02,ok,steered,2.0,6,11.609,,,2,0,76.0,69.25,0.7679,0.8306,0.3975,0.5
design_50_seq_1,design_01_s1,design_01,ok,steered,1.0,6,31.14,,,2,0,63.029999999999994,57.76,0.3741,0.627,0.0,0.1470588235294117
design_50_seq_1,design_01_s2,design_01,ok,steered,2.0,6,32.944,,,1,0,61.150000000000006,57.03,0.7528,0.7986,0.2294,0.1
design_50_seq_1,design_01_s0,design_01,ok,steered,0.0,6,33.915,,,0,0,64.19,59.28,0.6382,0.7177,0.0781,0.1071428571428571
design_51_seq_0,initial,initial,initial,cold_start,0.0,0,1.954,,,0,1,86.50999999999999,79.45,0.6438,0.7495,0.1729,0.64
design_51_seq_0,initial_s2,initial,initial,cold_start,2.0,0,2.384,,,0,1,85.71,80.53,0.589,0.7183,0.1119,0.5833333333333334
design_51_seq_0,initial_s1,initial,initial,cold_start,1.0,0,3.493,,,0,1,85.59,81.31,0.7514,0.8277,0.3225,0.5384615384615384
design_51_seq_1,initial,initial,initial,cold_start,0.0,0,1.257,,,0,1,87.67,80.86,0.391,0.6231,0.0,0.7391304347826086
design_51_seq_1,initial_s2,initial,initial,cold_start,2.0,0,2.6,,,0,1,86.15,79.7,0.6654,0.7736,0.1848,0.6818181818181818
design_51_seq_1,initial_s1,initial,initial,cold_start,1.0,0,1.836,,,0,1,87.77000000000001,83.76,0.8467,0.8888,0.601,0.64
design_52_seq_0,initial,initial,initial,cold_start,,0,31.168,,,0,1,82.08,75.33999999999999,0.6053,0.6984,0.1128,0.3103448275862069
design_52_seq_0,design_01_s0,design_01,ok,steered,0.0,6,28.079,,,6,1,85.96000000000001,81.39,0.8238,0.8451,0.4332,0.3461538461538461
design_52_seq_0,design_01_s2,design_01,ok,steered,2.0,6,28.399,,,6,1,84.21,79.0,0.7762,0.81,0.3018,0.3103448275862069
design_52_seq_0,design_01_s1,design_01,ok,steered,1.0,6,28.888,,,5,1,83.04,76.24,0.8005,0.8273,0.395,0.3666666666666666
design_52_seq_0,design_00_s0,design_00,ok,steered,0.0,6,30.157,,,4,1,78.57,73.58,0.4576,0.617,0.0028,0.3
design_52_seq_0,design_02_s2,design_02,ok,steered,2.0,6,14.907,,,3,0,63.73,59.81999999999999,0.2259,0.5459,0.0,0.3
design_52_seq_0,design_00_s1,design_00,ok,steered,1.0,6,18.176,,,0,0,78.78,74.57000000000001,0.1604,0.5161,0.0,0.4090909090909091
design_52_seq_0,design_02_s1,design_02,ok,steered,1.0,6,20.234,,,4,0,63.12,57.830000000000005,0.2053,0.511,0.0,0.28125
design_52_seq_0,design_00_s2,design_00,ok,steered,2.0,6,28.322,,,0,0,78.31,68.33,0.2217,0.5493,0.0,0.2083333333333333
design_52_seq_0,design_02_s0,design_02,ok,steered,0.0,6,37.739,,,0,0,63.06,59.730000000000004,0.3364,0.6003,0.0,0.1666666666666666
design_52_seq_1,initial,initial,initial,cold_start,0.0,0,1.388,,,0,1,82.62,72.89,0.5622,0.7227,0.0249,0.75
design_52_seq_1,initial_s2,initial,initial,cold_start,2.0,0,1.883,,,0,1,83.23,73.03,0.6498,0.7525,0.1181,0.7391304347826086
design_52_seq_1,initial_s1,initial,initial,cold_start,1.0,0,1.9,,,0,1,83.89,75.05,0.7191,0.8158,0.2044,0.7391304347826086
design_53_seq_0,initial,initial,initial,cold_start,,0,29.053,,,0,0,75.89,70.32000000000001,0.1464,0.4637,0.0,0.2258064516129032
design_53_seq_0,design_02_s1,design_02,ok,steered,1.0,5,3.776,,,2,0,74.03,70.67999999999999,0.2949,0.4962,0.0,0.4827586206896552
design_53_seq_0,design_02_s2,design_02,ok,steered,2.0,5,4.081,,,1,0,69.87,65.05,0.3204,0.5353,0.0,0.4482758620689655
design_53_seq_0,design_00_s0,design_00,ok,steered,0.0,5,4.447,,,2,0,71.14,65.35,0.402,0.5681,0.0,0.5517241379310345
design_53_seq_0,design_02_s0,design_02,ok,steered,0.0,5,4.468,,,1,0,73.36,69.55,0.2374,0.477,0.0,0.5714285714285714
design_53_seq_0,design_00_s2,design_00,ok,steered,2.0,5,6.098,,,2,0,74.14,68.5,0.3342,0.5243,0.0,0.6428571428571429
design_53_seq_0,design_01_s0,design_01,ok,steered,0.0,5,10.372,,,0,0,75.98,71.63000000000001,0.5772,0.6917,0.1167,0.5483870967741935
design_53_seq_0,design_01_s1,design_01,ok,steered,1.0,5,10.788,,,1,0,75.31,70.24000000000001,0.5745,0.6906,0.1098,0.4838709677419355
design_53_seq_0,design_01_s2,design_01,ok,steered,2.0,5,11.85,,,0,0,74.79,69.99,0.5718,0.6941,0.1014,0.4838709677419355
design_53_seq_0,design_00_s1,design_00,ok,steered,1.0,5,13.858,,,0,0,76.44999999999999,71.14,0.2973,0.5849,0.0,0.4285714285714285
design_53_seq_1,initial,initial,initial,cold_start,,0,13.408,,,0,0,84.67,80.61,0.6774,0.7601,0.169,0.4857142857142857
design_53_seq_1,design_00_s0,design_00,ok,steered,0.0,3,1.546,4.959,pose_holds,2,1,90.25,86.71,0.8187,0.8544,0.3966,0.6206896551724138
design_53_seq_1,design_01_s1,design_01,ok,steered,1.0,3,2.47,12.493,pose_collapses,1,1,81.83,77.91,0.5161,0.6637,0.1134,0.5333333333333333
design_53_seq_1,design_00_s2,design_00,ok,steered,2.0,3,2.737,29.089,pose_collapses,2,1,92.55,90.73,0.844,0.8753,0.4965,0.5161290322580645
design_53_seq_1,design_00_s1,design_00,ok,steered,1.0,3,2.965,26.294,pose_collapses,2,1,91.92,89.34,0.8689,0.9029,0.6165,0.5172413793103449
design_53_seq_1,design_01_s2,design_01,ok,steered,2.0,3,3.374,11.627,pose_collapses,1,1,81.89,78.41,0.6368,0.7448,0.2001,0.4333333333333333
design_53_seq_1,design_01_s0,design_01,ok,steered,0.0,3,5.386,12.907,pose_collapses,1,1,80.14,75.64,0.6727,0.7724,0.239,0.4545454545454545
design_53_seq_1,design_02_s2,design_02,ok,steered,2.0,3,8.737,,,2,1,78.71000000000001,74.27,0.6734,0.7609,0.1835,0.46875
design_53_seq_1,design_02_s1,design_02,ok,steered,1.0,3,8.799,,,2,1,78.08,74.62,0.6118,0.7202,0.13,0.5588235294117647
design_53_seq_1,design_02_s0,design_02,ok,steered,0.0,3,9.112,,,2,1,77.59,73.07000000000001,0.6039,0.715,0.1232,0.5806451612903226
design_54_seq_0,initial,initial,initial,cold_start,,0,35.668,,,0,1,82.1,76.31,0.3762,0.6347,0.0,0.0512820512820512
design_54_seq_0,design_01_s1,design_01,ok,steered,1.0,6,7.049,,,0,1,79.66,77.03999999999999,0.4647,0.5763,0.0032,0.4814814814814814
design_54_seq_0,design_02_s0,design_02,ok,steered,0.0,6,15.059,,,0,1,83.72,77.81,0.4255,0.628,0.0,0.3333333333333333
design_54_seq_0,design_00_s0,design_00,ok,steered,0.0,6,15.504,,,0,0,81.08999999999999,71.41999999999999,0.128,0.4762,0.0,0.4230769230769231
design_54_seq_0,design_00_s2,design_00,ok,steered,2.0,6,22.682,,,1,0,83.41,80.43,0.1091,0.4865,0.0,0.3333333333333333
design_54_seq_0,design_02_s2,design_02,ok,steered,2.0,6,29.656,,,2,0,84.93,76.57000000000001,0.1214,0.4827,0.0,0.2307692307692307
design_54_seq_0,design_02_s1,design_02,ok,steered,1.0,6,31.531,,,1,0,86.86,81.03,0.1862,0.5116,0.0,0.2083333333333333
design_54_seq_0,design_01_s0,design_01,ok,steered,0.0,6,38.208,,,1,0,72.66,65.36,0.2978,0.5793,0.0,0.0625
design_54_seq_0,design_00_s1,design_00,ok,steered,1.0,6,39.459,,,1,0,81.75,73.7,0.1644,0.4989,0.0,0.0333333333333333
design_54_seq_0,design_01_s2,design_01,ok,steered,2.0,6,43.509,,,1,0,82.89,81.31,0.2583,0.5807,0.0,0.0
design_54_seq_1,initial,initial,initial,cold_start,,0,33.811,,,0,1,79.36,73.75,0.2651,0.5454,0.0,0.0975609756097561
design_54_seq_1,design_02_s2,design_02,ok,steered,2.0,6,26.768,,,0,1,76.58,67.07,0.6022,0.7482,0.0802,0.3714285714285714
design_54_seq_1,design_02_s1,design_02,ok,steered,1.0,6,27.658,,,0,1,77.17,69.84,0.4639,0.6653,0.0029,0.2903225806451613
design_54_seq_1,design_00_s1,design_00,ok,steered,1.0,6,30.482,,,2,1,81.27,69.41000000000001,0.3639,0.5981,0.0,0.1351351351351351
design_54_seq_1,design_00_s0,design_00,ok,steered,0.0,6,33.652,,,1,1,79.67,73.79,0.3611,0.594,0.0,0.0833333333333333
design_54_seq_1,design_02_s0,design_02,ok,steered,0.0,6,39.096,,,2,1,85.78,80.57,0.1585,0.4975,0.0,0.064516129032258
design_54_seq_1,design_00_s2,design_00,ok,steered,2.0,6,39.146,,,4,1,80.81,76.2,0.5466,0.7082,0.0246,0.0714285714285714
design_54_seq_1,design_01_s0,design_01,ok,steered,0.0,6,32.349,,,1,0,82.38,77.32,0.3115,0.578,0.0,0.081081081081081
design_54_seq_1,design_01_s1,design_01,ok,steered,1.0,6,36.933,,,1,0,85.54,81.39,0.3206,0.6002,0.0,0.0833333333333333
design_54_seq_1,design_01_s2,design_01,ok,steered,2.0,6,39.034,,,1,0,84.13000000000001,78.38000000000001,0.2741,0.5588,0.0,0.027027027027027
design_55_seq_0,initial,initial,initial,cold_start,,0,29.233,,,0,1,87.53,83.39,0.7655,0.806,0.301,0.4
design_55_seq_0,design_00_s2,design_00,ok,steered,2.0,3,1.56,28.388,pose_collapses,2,1,88.44999999999999,84.54,0.9256,0.9318,0.8346,0.75
design_55_seq_0,design_00_s0,design_00,ok,steered,0.0,3,1.578,27.999,pose_collapses,0,1,88.55,84.50999999999999,0.9195,0.9287,0.8349,0.72
design_55_seq_0,design_01_s1,design_01,ok,steered,1.0,3,1.74,29.955,pose_collapses,1,1,90.29,87.83,0.923,0.932,0.8336,0.76
design_55_seq_0,design_01_s2,design_01,ok,steered,2.0,3,1.799,29.975,pose_collapses,1,1,87.64999999999999,84.72,0.9279,0.9346,0.8441,0.6666666666666666
design_55_seq_0,design_00_s1,design_00,ok,steered,1.0,3,1.813,29.492,pose_collapses,2,1,88.97,85.49,0.9334,0.939,0.8688,0.64
design_55_seq_0,design_01_s0,design_01,ok,steered,0.0,3,2.24,28.022,pose_collapses,1,1,88.44999999999999,85.09,0.924,0.9298,0.8329,0.72
design_55_seq_0,design_02_s0,design_02,ok,steered,0.0,3,28.655,,,2,1,87.44,80.67,0.6117,0.718,0.0836,0.3793103448275862
design_55_seq_0,design_02_s1,design_02,ok,steered,1.0,3,28.748,,,2,1,84.7,77.4,0.5635,0.6984,0.0421,0.4
design_55_seq_0,design_02_s2,design_02,ok,steered,2.0,3,29.278,,,3,1,85.18,78.8,0.5389,0.6762,0.0051,0.3666666666666666
design_55_seq_1,initial,initial,initial,cold_start,,0,29.416,,,0,1,87.44,81.49,0.8057,0.8369,0.4368,0.4
design_55_seq_1,design_01_s1,design_01,ok,steered,1.0,3,27.739,,,3,1,88.34,84.44,0.8431,0.8481,0.5466,0.3793103448275862
design_55_seq_1,design_02_s0,design_02,ok,steered,0.0,3,27.996,,,3,1,83.48,79.9,0.6915,0.7627,0.1404,0.4
design_55_seq_1,design_02_s1,design_02,ok,steered,1.0,3,28.151,,,3,1,83.45,79.07,0.6596,0.7443,0.1204,0.3548387096774194
design_55_seq_1,design_02_s2,design_02,ok,steered,2.0,3,28.199,,,3,1,82.78,78.39,0.6131,0.7257,0.0899,0.4482758620689655
design_55_seq_1,design_01_s2,design_01,ok,steered,2.0,3,28.415,,,3,1,86.86,81.51,0.7845,0.8068,0.4005,0.4137931034482758
design_55_seq_1,design_01_s0,design_01,ok,steered,0.0,3,28.645,,,3,1,85.86,80.2,0.8087,0.8161,0.4497,0.4482758620689655
design_55_seq_1,design_00_s0,design_00,ok,steered,0.0,3,29.295,,,3,1,87.44,81.63,0.863,0.8925,0.6016,0.4193548387096774
design_55_seq_1,design_00_s2,design_00,ok,steered,2.0,3,29.688,,,3,1,86.22,79.17999999999999,0.8112,0.8447,0.4001,0.3666666666666666
design_55_seq_1,design_00_s1,design_00,ok,steered,1.0,3,27.906,,,3,0,83.44,78.59,0.7116,0.766,0.2305,0.4117647058823529
design_56_seq_0,initial,initial,initial,cold_start,,0,12.562,,,0,0,86.4,81.92,0.8174,0.8561,0.4852,0.6206896551724138
design_56_seq_0,design_01_s1,design_01,ok,steered,1.0,3,5.422,2.785,pose_holds,1,1,90.66,88.38000000000001,0.7371,0.8123,0.2251,0.5862068965517241
design_56_seq_0,design_01_s2,design_01,ok,steered,2.0,3,4.588,30.977,pose_collapses,1,1,91.99000000000001,90.98,0.8179,0.8639,0.4027,0.5714285714285714
design_56_seq_0,design_01_s0,design_01,ok,steered,0.0,3,5.129,33.816,pose_collapses,2,1,89.72,87.15,0.776,0.8476,0.2861,0.5666666666666667
design_56_seq_0,design_00_s0,design_00,ok,steered,0.0,3,21.894,,,1,1,77.22,69.28,0.3549,0.5658,0.0,0.3142857142857143
design_56_seq_0,design_02_s2,design_02,ok,steered,2.0,3,33.363,,,0,1,82.62,76.44,0.5696,0.7285,0.0511,0.1395348837209302
design_56_seq_0,design_00_s1,design_00,ok,steered,1.0,3,37.662,,,0,1,79.97999999999999,73.15,0.2198,0.5237,0.0,0.0454545454545454
design_56_seq_0,design_00_s2,design_00,ok,steered,2.0,3,23.396,,,0,0,82.09,72.54,0.1628,0.495,0.0,0.2333333333333333
design_56_seq_0,design_02_s1,design_02,ok,steered,1.0,3,29.474,,,0,0,86.94,82.76,0.2706,0.5363,0.0,0.2424242424242424
design_56_seq_0,design_02_s0,design_02,ok,steered,0.0,3,31.216,,,0,0,86.52,81.89999999999999,0.2552,0.5412,0.0,0.1212121212121212
design_56_seq_1,initial,initial,initial,cold_start,,0,34.166,,,0,1,76.35,68.32000000000001,0.5667,0.721,0.0623,0.15
design_56_seq_1,design_00_s2,design_00,ok,steered,2.0,6,3.729,6.237,pose_collapses,1,1,86.50999999999999,81.46,0.4569,0.6233,0.0026,0.7692307692307693
design_56_seq_1,design_00_s1,design_00,ok,steered,1.0,6,3.73,5.742,pose_collapses,1,1,88.53,82.87,0.6225,0.7374,0.1032,0.8846153846153846
design_56_seq_1,design_00_s0,design_00,ok,steered,0.0,6,5.691,7.324,pose_collapses,1,1,88.35,85.07000000000001,0.8365,0.87,0.5639,0.5625
design_56_seq_1,design_02_s2,design_02,ok,steered,2.0,6,29.603,,,2,1,85.9,81.38,0.7599,0.805,0.2642,0.4722222222222222
design_56_seq_1,design_02_s0,design_02,ok,steered,0.0,6,29.939,,,2,1,87.11,82.36,0.7372,0.795,0.202,0.4
design_56_seq_1,design_02_s1,design_02,ok,steered,1.0,6,30.049,,,2,1,84.65,80.01,0.7783,0.8228,0.2977,0.3823529411764705
design_56_seq_1,design_01_s1,design_01,ok,steered,1.0,6,31.359,,,0,0,78.8,73.46000000000001,0.118,0.4779,0.0,0.2222222222222222
design_56_seq_1,design_01_s0,design_01,ok,steered,0.0,6,34.18,,,1,0,74.06,68.58999999999999,0.2119,0.5309,0.0,0.1
design_56_seq_1,design_01_s2,design_01,ok,steered,2.0,6,41.987,,,2,0,75.36,69.52000000000001,0.1107,0.499,0.0,0.0
design_57_seq_0,initial,initial,initial,cold_start,,0,28.612,,,0,1,87.06,80.42,0.6046,0.7127,0.0622,0.4814814814814814
design_57_seq_0,design_01_s0,design_01,ok,steered,0.0,3,4.064,,,0,1,84.22,75.14999999999999,0.4853,0.6745,0.003,0.6956521739130435
design_57_seq_0,design_00_s1,design_00,ok,steered,1.0,3,3.789,,,0,1,80.58999999999999,76.96,0.3676,0.6053,0.0,0.56
design_57_seq_0,design_00_s2,design_00,ok,steered,2.0,3,5.125,,,0,1,78.14,72.16,0.6315,0.776,0.1222,0.6956521739130435
design_57_seq_0,design_00_s0,design_00,ok,steered,0.0,3,5.639,,,0,1,77.33,69.35,0.3453,0.6035,0.0,0.7727272727272727
design_57_seq_0,design_02_s0,design_02,ok,steered,0.0,3,27.035,,,2,1,83.88,79.31,0.5931,0.6769,0.1178,0.4827586206896552
design_57_seq_0,design_02_s2,design_02,ok,steered,2.0,3,27.196,,,2,1,82.78,78.27,0.5923,0.6815,0.1089,0.5172413793103449
design_57_seq_0,design_02_s1,design_02,ok,steered,1.0,3,27.423,,,2,1,81.25,75.64999999999999,0.5998,0.6915,0.1077,0.5
design_57_seq_0,design_01_s2,design_01,ok,steered,2.0,3,29.265,,,3,1,82.19,74.22,0.7192,0.7898,0.1929,0.3571428571428571
design_57_seq_0,design_01_s1,design_01,ok,steered,1.0,3,29.295,,,3,1,82.09,73.29,0.7076,0.7771,0.1719,0.4137931034482758
design_57_seq_1,initial,initial,initial,cold_start,,0,30.618,,,0,1,84.25,76.58,0.5349,0.6658,0.0028,0.3214285714285714
design_57_seq_1,design_02_s1,design_02,ok,steered,1.0,5,25.511,,,3,1,87.24,84.28999999999999,0.6497,0.7442,0.1601,0.5172413793103449
design_57_seq_1,design_02_s0,design_02,ok,steered,0.0,5,25.64,,,3,1,88.07000000000001,86.08,0.7441,0.8096,0.2794,0.5
design_57_seq_1,design_02_s2,design_02,ok,steered,2.0,5,26.392,,,3,1,88.37,84.92,0.6057,0.6935,0.1091,0.5357142857142857
design_57_seq_1,design_01_s2,design_01,ok,steered,2.0,5,28.199,,,5,1,88.31,81.02000000000001,0.8634,0.84,0.5809,0.4615384615384615
design_57_seq_1,design_00_s2,design_00,ok,steered,2.0,5,28.29,,,5,1,85.1,77.51,0.7456,0.7426,0.2542,0.5172413793103449
design_57_seq_1,design_01_s1,design_01,ok,steered,1.0,5,28.46,,,5,1,87.33,79.7,0.8677,0.8476,0.5896,0.4230769230769231
design_57_seq_1,design_00_s1,design_00,ok,steered,1.0,5,28.535,,,5,1,84.6,78.27,0.7467,0.7509,0.269,0.5555555555555556
design_57_seq_1,design_00_s0,design_00,ok,steered,0.0,5,30.113,,,5,1,84.33,79.38,0.8099,0.8145,0.3972,0.3793103448275862
design_57_seq_1,design_01_s0,design_01,ok,steered,0.0,5,32.118,,,5,1,85.48,78.88,0.8429,0.8147,0.5311,0.2692307692307692
design_58_seq_0,initial,initial,initial,cold_start,,0,35.228,,,0,1,71.93,65.44,0.341,0.5986,0.0,0.0769230769230769
design_58_seq_0,design_00_s2,design_00,ok,steered,2.0,6,3.852,,,0,1,74.22,63.970000000000006,0.2845,0.5615,0.0,0.625
design_58_seq_0,design_02_s1,design_02,ok,steered,1.0,6,27.978,,,3,1,85.33,80.08,0.6654,0.7534,0.1457,0.5517241379310345
design_58_seq_0,design_01_s0,design_01,ok,steered,0.0,6,28.259,,,1,1,73.97,65.96,0.5512,0.6818,0.0936,0.4666666666666667
design_58_seq_0,design_02_s0,design_02,ok,steered,0.0,6,28.39,,,3,1,84.71,79.09,0.7378,0.8002,0.2105,0.4482758620689655
design_58_seq_0,design_01_s2,design_01,ok,steered,2.0,6,28.414,,,0,1,73.29,63.12,0.5434,0.6894,0.0661,0.5172413793103449
design_58_seq_0,design_01_s1,design_01,ok,steered,1.0,6,7.748,,,0,0,72.35000000000001,65.99000000000001,0.2664,0.5492,0.0,0.4827586206896552
design_58_seq_0,design_00_s0,design_00,ok,steered,0.0,6,18.547,,,1,0,73.22,63.41,0.1716,0.5036,0.0,0.4074074074074074
design_58_seq_0,design_02_s2,design_02,ok,steered,2.0,6,28.302,,,3,0,84.17,78.28,0.7122,0.7928,0.2042,0.2592592592592592
design_58_seq_0,design_00_s1,design_00,ok,steered,1.0,6,28.84,,,1,0,72.94,66.79,0.2087,0.5385,0.0,0.1666666666666666
design_58_seq_1,initial,initial,initial,cold_start,,0,28.513,,,0,1,76.18,69.17,0.4024,0.6309,0.0,0.4137931034482758
design_58_seq_1,design_00_s2,design_00,ok,steered,2.0,3,7.771,,,0,1,75.31,69.04,0.4403,0.6508,0.0027,0.64
design_58_seq_1,design_00_s1,design_00,ok,steered,1.0,3,8.52,,,0,1,70.37,61.82,0.528,0.6896,0.0595,0.5357142857142857
design_58_seq_1,design_00_s0,design_00,ok,steered,0.0,3,11.059,,,0,1,71.31,66.16,0.639,0.7634,0.1405,0.5
design_58_seq_1,design_01_s0,design_01,ok,steered,0.0,3,25.423,,,2,1,77.94,70.43,0.3714,0.6006,0.0026,0.1923076923076923
design_58_seq_1,design_02_s2,design_02,ok,steered,2.0,3,26.857,,,3,1,74.09,68.55,0.411,0.6179,0.0027,0.4516129032258064
design_58_seq_1,design_02_s0,design_02,ok,steered,0.0,3,28.346,,,2,1,77.53999999999999,70.30999999999999,0.3872,0.617,0.0026,0.3214285714285714
design_58_seq_1,design_02_s1,design_02,ok,steered,1.0,3,31.809,,,3,1,78.25999999999999,72.65,0.6405,0.7383,0.1258,0.2580645161290322
design_58_seq_1,design_01_s1,design_01,ok,steered,1.0,3,33.229,,,2,0,77.19,73.75,0.2478,0.5119,0.0,0.125
design_58_seq_1,design_01_s2,design_01,ok,steered,2.0,3,35.379,,,2,0,78.66,75.03999999999999,0.1322,0.4894,0.0,0.1
design_59_seq_0,initial,initial,initial,cold_start,,0,8.874,,,0,1,79.36999999999999,72.02,0.5741,0.7027,0.0356,0.52
design_59_seq_0,design_01_s0,design_01,ok,steered,0.0,3,9.302,,,2,1,87.66000000000001,86.03,0.8465,0.8551,0.5223,0.4615384615384615
design_59_seq_0,design_01_s2,design_01,ok,steered,2.0,3,9.333,,,2,1,86.77,83.61,0.8768,0.8798,0.5769,0.52
design_59_seq_0,design_01_s1,design_01,ok,steered,1.0,3,9.577,,,2,1,87.35000000000001,84.78999999999999,0.8642,0.8692,0.5719,0.5384615384615384
design_59_seq_0,design_00_s1,design_00,ok,steered,1.0,3,29.478,,,1,1,82.50999999999999,73.74000000000001,0.71,0.8016,0.2201,0.2962962962962963
design_59_seq_0,design_00_s0,design_00,ok,steered,0.0,3,30.228,,,1,1,78.29,70.35,0.6756,0.7752,0.1867,0.25
design_59_seq_0,design_02_s1,design_02,ok,steered,1.0,3,36.851,,,0,1,70.17,62.839999999999996,0.1567,0.4984,0.0,0.0606060606060606
design_59_seq_0,design_02_s0,design_02,ok,steered,0.0,3,33.755,,,0,0,67.62,60.629999999999995,0.1584,0.4799,0.0,0.1666666666666666
design_59_seq_0,design_02_s2,design_02,ok,steered,2.0,3,34.863,,,0,0,74.36,67.78999999999999,0.1862,0.4983,0.0,0.032258064516129
design_59_seq_0,design_00_s2,design_00,ok,steered,2.0,3,35.252,,,0,0,83.67,80.81,0.5264,0.714,0.0287,0.1
design_59_seq_1,initial,initial,initial,cold_start,0.0,0,2.336,,,0,1,91.88,88.74,0.7651,0.8312,0.2162,0.6818181818181818
design_59_seq_1,initial_s1,initial,initial,cold_start,1.0,0,2.256,,,0,1,90.29,84.97,0.7253,0.804,0.1575,0.6521739130434783
design_59_seq_1,initial_s2,initial,initial,cold_start,2.0,0,3.03,,,0,1,90.13,85.84,0.6696,0.7688,0.1267,0.6818181818181818
design_5_seq_0,initial,initial,initial,cold_start,0.0,0,3.299,,,0,1,88.83,83.26,0.7063,0.7827,0.1888,0.4074074074074074
design_5_seq_0,initial_s2,initial,initial,cold_start,2.0,0,2.57,,,0,1,88.31,83.88,0.7104,0.7835,0.2032,0.4444444444444444
design_5_seq_0,initial_s1,initial,initial,cold_start,1.0,0,3.597,,,0,1,88.42,83.17999999999999,0.715,0.7925,0.1992,0.4074074074074074
design_5_seq_1,initial,initial,initial,cold_start,0.0,0,5.892,,,0,1,92.58999999999999,90.79,0.8571,0.886,0.5765,0.5
design_5_seq_1,initial_s1,initial,initial,cold_start,1.0,0,2.376,,,0,1,90.0,85.66,0.8535,0.8843,0.5141,0.5
design_5_seq_1,initial_s2,initial,initial,cold_start,2.0,0,2.194,,,0,1,90.60000000000001,86.13,0.8828,0.907,0.6334,0.4444444444444444
design_60_seq_0,initial,initial,initial,cold_start,,0,25.379,,,0,1,86.08,79.17,0.5455,0.7145,0.1084,0.4285714285714285
design_60_seq_0,design_00_s2,design_00,ok,steered,2.0,3,28.719,,,2,1,89.23,84.31,0.7774,0.8168,0.3154,0.5
design_60_seq_0,design_00_s0,design_00,ok,steered,0.0,3,28.849,,,2,1,89.59,84.84,0.7784,0.8153,0.3323,0.4444444444444444
design_60_seq_0,design_02_s1,design_02,ok,steered,1.0,3,28.901,,,2,1,88.28,84.99,0.8535,0.856,0.5022,0.3225806451612903
design_60_seq_0,design_02_s0,design_02,ok,steered,0.0,3,28.994,,,2,1,86.18,83.13000000000001,0.7864,0.8155,0.3564,0.3666666666666666
design_60_seq_0,design_00_s1,design_00,ok,steered,1.0,3,29.014,,,2,1,89.69,85.64,0.8226,0.8555,0.4466,0.3928571428571428
design_60_seq_0,design_02_s2,design_02,ok,steered,2.0,3,29.015,,,2,1,87.06,84.71,0.8283,0.8496,0.4651,0.3666666666666666
design_60_seq_0,design_01_s2,design_01,ok,steered,2.0,3,29.079,,,3,1,84.61,78.67,0.607,0.717,0.1238,0.4
design_60_seq_0,design_01_s0,design_01,ok,steered,0.0,3,29.237,,,1,1,82.19,76.02,0.6376,0.7245,0.1624,0.3823529411764705
design_60_seq_0,design_01_s1,design_01,ok,steered,1.0,3,29.298,,,1,1,81.13,74.11,0.571,0.6841,0.1085,0.3333333333333333
design_60_seq_1,initial,initial,initial,cold_start,,0,29.513,,,0,1,84.53,80.43,0.8324,0.8529,0.5042,0.3225806451612903
design_60_seq_1,design_00_s2,design_00,ok,steered,2.0,6,6.191,,,2,1,82.45,78.10000000000001,0.1825,0.472,0.0,0.6
design_60_seq_1,design_01_s1,design_01,ok,steered,1.0,6,6.533,,,4,1,75.81,71.5,0.5182,0.6875,0.0031,0.5333333333333333
design_60_seq_1,design_01_s0,design_01,ok,steered,0.0,6,8.298,,,6,1,75.59,70.86,0.3465,0.5772,0.0,0.40625
design_60_seq_1,design_02_s1,design_02,ok,steered,1.0,6,27.981,,,6,1,85.6,81.83,0.7001,0.744,0.214,0.2758620689655172
design_60_seq_1,design_02_s2,design_02,ok,steered,2.0,6,28.467,,,6,1,84.48,78.67,0.6782,0.7591,0.1974,0.4193548387096774
design_60_seq_1,design_02_s0,design_02,ok,steered,0.0,6,28.499,,,5,1,86.24000000000001,82.49,0.7236,0.7731,0.2375,0.3448275862068966
design_60_seq_1,design_00_s1,design_00,ok,steered,1.0,6,28.823,,,6,1,76.55999999999999,71.32,0.3454,0.5559,0.0025,0.2903225806451613
design_60_seq_1,design_01_s2,design_01,ok,steered,2.0,6,4.539,,,4,0,71.39,65.96,0.2927,0.5607,0.0,0.4137931034482758
design_60_seq_1,design_00_s0,design_00,ok,steered,0.0,6,21.401,,,4,0,78.82000000000001,72.53,0.1491,0.4678,0.0,0.4444444444444444
design_61_seq_0,initial,initial,initial,cold_start,,0,27.654,,,0,1,84.56,77.2,0.4818,0.6691,0.0409,0.2777777777777778
design_61_seq_0,design_00_s2,design_00,ok,steered,2.0,6,17.328,,,5,1,85.09,79.32000000000001,0.3985,0.603,0.0,0.303030303030303
design_61_seq_0,design_00_s0,design_00,ok,steered,0.0,6,18.028,,,4,1,82.22,73.17,0.3759,0.6167,0.0,0.2058823529411764
design_61_seq_0,design_02_s0,design_02,ok,steered,0.0,6,18.159,,,6,1,82.55,72.36,0.4006,0.6389,0.0,0.2222222222222222
design_61_seq_0,design_01_s2,design_01,ok,steered,2.0,6,18.268,,,4,1,83.12,75.57000000000001,0.1994,0.5166,0.0,0.2333333333333333
design_61_seq_0,design_02_s2,design_02,ok,steered,2.0,6,18.636,,,5,1,87.08,81.39,0.2708,0.5583,0.0,0.2903225806451613
design_61_seq_0,design_01_s1,design_01,ok,steered,1.0,6,21.248,,,3,1,80.43,72.07000000000001,0.275,0.5469,0.0,0.2571428571428571
design_61_seq_0,design_02_s1,design_02,ok,steered,1.0,6,25.947,,,4,1,90.35,87.53999999999999,0.4496,0.6609,0.0026,0.3235294117647059
design_61_seq_0,design_01_s0,design_01,ok,steered,0.0,6,38.464,,,1,1,83.50999999999999,80.87,0.5509,0.7119,0.0296,0.0888888888888888
design_61_seq_0,design_00_s1,design_00,ok,steered,1.0,6,24.195,,,5,0,85.72,80.04,0.2236,0.5438,0.0,0.2352941176470588
design_61_seq_1,initial,initial,initial,cold_start,,0,22.179,,,0,0,80.72,72.61,0.1426,0.4713,0.0,0.2857142857142857
design_61_seq_1,design_01_s0,design_01,ok,steered,0.0,3,2.918,17.202,pose_collapses,1,1,88.67,85.49,0.7573,0.8343,0.2603,0.6153846153846154
design_61_seq_1,design_00_s1,design_00,ok,steered,1.0,3,3.385,19.364,pose_collapses,1,1,89.37,86.61999999999999,0.7837,0.8294,0.3773,0.4482758620689655
design_61_seq_1,design_00_s0,design_00,ok,steered,0.0,3,5.101,17.202,pose_collapses,1,1,89.39,88.09,0.8231,0.8584,0.4875,0.40625
design_61_seq_1,design_00_s2,design_00,ok,steered,2.0,3,5.139,17.164,pose_collapses,1,1,89.84,87.3,0.7965,0.8374,0.41,0.4285714285714285
design_61_seq_1,design_02_s2,design_02,ok,steered,2.0,3,18.528,,,2,1,77.12,66.60000000000001,0.2249,0.5189,0.0,0.2162162162162162
design_61_seq_1,design_02_s1,design_02,ok,steered,1.0,3,34.603,,,2,1,77.06,66.35,0.2317,0.5202,0.0,0.1
design_61_seq_1,design_01_s2,design_01,ok,steered,2.0,3,34.683,,,1,1,76.83,66.33,0.2564,0.532,0.0,0.081081081081081
design_61_seq_1,design_02_s0,design_02,ok,steered,0.0,3,35.74,,,2,1,76.16000000000001,65.67,0.339,0.5817,0.0,0.0697674418604651
design_61_seq_1,design_01_s1,design_01,ok,steered,1.0,3,35.863,,,2,1,76.32,66.55,0.4984,0.6767,0.0028,0.0526315789473684
design_62_seq_0,initial,initial,initial,cold_start,,0,28.693,,,0,1,78.11,68.10000000000001,0.6489,0.7399,0.1435,0.40625
design_62_seq_0,design_01_s0,design_01,ok,steered,0.0,5,11.357,,,2,1,68.83,60.12,0.1904,0.4999,0.0,0.4333333333333333
design_62_seq_0,design_01_s1,design_01,ok,steered,1.0,5,17.116,,,1,1,65.02,56.02,0.5088,0.6869,0.0032,0.34375
design_62_seq_0,design_00_s2,design_00,ok,steered,2.0,5,27.711,,,3,1,73.86,60.67,0.229,0.5268,0.0,0.2
design_62_seq_0,design_00_s1,design_00,ok,steered,1.0,5,16.327,,,0,0,73.11,63.04,0.3564,0.6054,0.0029,0.3793103448275862
design_62_seq_0,design_02_s1,design_02,ok,steered,1.0,5,17.853,,,0,0,67.47,60.760000000000005,0.4561,0.685,0.0032,0.3703703703703703
design_62_seq_0,design_00_s0,design_00,ok,steered,0.0,5,18.086,,,0,0,72.49,65.36,0.3003,0.5276,0.0,0.3225806451612903
design_62_seq_0,design_02_s0,design_02,ok,steered,0.0,5,18.46,,,1,0,70.62,60.31999999999999,0.3106,0.5846,0.0,0.36
design_62_seq_0,design_01_s2,design_01,ok,steered,2.0,5,20.313,,,0,0,68.02,61.45,0.6003,0.762,0.1043,0.3611111111111111
design_62_seq_0,design_02_s2,design_02,ok,steered,2.0,5,21.023,,,0,0,70.03,63.61,0.2646,0.5063,0.0,0.3214285714285714
design_62_seq_1,initial,initial,initial,cold_start,,0,27.18,,,0,0,74.33,63.75999999999999,0.3672,0.5254,0.0,0.3225806451612903
design_62_seq_1,design_00_s0,design_00,ok,steered,0.0,6,11.83,,,2,1,72.96000000000001,66.38,0.6369,0.745,0.1652,0.4838709677419355
design_62_seq_1,design_01_s1,design_01,ok,steered,1.0,6,16.409,,,1,1,67.41,56.76,0.503,0.6771,0.0273,0.3870967741935484
design_62_seq_1,design_01_s2,design_01,ok,steered,2.0,6,18.205,,,1,1,67.01,57.08,0.5511,0.6922,0.0717,0.34375
design_62_seq_1,design_00_s2,design_00,ok,steered,2.0,6,21.788,,,1,1,68.92,58.989999999999995,0.3681,0.5884,0.0027,0.34375
design_62_seq_1,design_02_s1,design_02,ok,steered,1.0,6,27.494,,,1,1,72.89,63.88,0.1571,0.49,0.0,0.2333333333333333
design_62_seq_1,design_00_s1,design_00,ok,steered,1.0,6,12.229,,,1,0,73.34,63.63999999999999,0.1399,0.4837,0.0,0.3076923076923077
design_62_seq_1,design_01_s0,design_01,ok,steered,0.0,6,20.949,,,2,0,71.77,62.5,0.315,0.5564,0.0029,0.3125
design_62_seq_1,design_02_s2,design_02,ok,steered,2.0,6,21.211,,,0,0,70.48,65.89,0.1956,0.514,0.0,0.2592592592592592
design_62_seq_1,design_02_s0,design_02,ok,steered,0.0,6,28.73,,,1,0,72.46000000000001,65.39,0.6009,0.7597,0.1277,0.1612903225806451
design_63_seq_0,initial,initial,initial,cold_start,,0,33.412,,,0,0,81.05,70.34,0.5053,0.6523,0.0027,0.3214285714285714
design_63_seq_0,design_00_s0,design_00,ok,steered,0.0,6,5.278,10.746,pose_collapses,1,1,80.97,73.15,0.3106,0.5846,0.0,0.4166666666666667
design_63_seq_0,design_00_s1,design_00,ok,steered,1.0,6,5.605,11.285,pose_collapses,1,1,77.59,68.56,0.3352,0.5841,0.0,0.5652173913043478
design_63_seq_0,design_02_s0,design_02,ok,steered,0.0,6,5.694,29.979,pose_collapses,4,1,73.85000000000001,65.72,0.2178,0.5207,0.0,0.3461538461538461
design_63_seq_0,design_00_s2,design_00,ok,steered,2.0,6,6.437,,,1,1,80.61,71.5,0.2857,0.5531,0.0,0.5454545454545454
design_63_seq_0,design_02_s2,design_02,ok,steered,2.0,6,14.193,,,2,1,72.28999999999999,65.48,0.4798,0.6633,0.0028,0.4074074074074074
design_63_seq_0,design_01_s1,design_01,ok,steered,1.0,6,29.725,,,5,1,81.83,74.08,0.6034,0.708,0.0899,0.3846153846153846
design_63_seq_0,design_01_s0,design_01,ok,steered,0.0,6,29.743,,,5,1,82.28,74.64,0.6768,0.7522,0.1597,0.4
design_63_seq_0,design_01_s2,design_01,ok,steered,2.0,6,30.066,,,5,1,82.65,75.01,0.5604,0.6748,0.0614,0.3461538461538461
design_63_seq_0,design_02_s1,design_02,ok,steered,1.0,6,33.216,,,3,0,72.89999999999999,67.78999999999999,0.5384,0.6694,0.0795,0.2333333333333333
design_63_seq_1,initial,initial,initial,cold_start,,0,30.682,,,0,1,84.78,79.22,0.7646,0.8258,0.3016,0.2592592592592592
design_63_seq_1,design_02_s2,design_02,ok,steered,2.0,6,28.188,,,6,1,80.08,71.96000000000001,0.6235,0.7115,0.0958,0.3870967741935484
design_63_seq_1,design_02_s0,design_02,ok,steered,0.0,6,28.205,,,6,1,78.75999999999999,71.64,0.6493,0.7357,0.1344,0.3928571428571428
design_63_seq_1,design_02_s1,design_02,ok,steered,1.0,6,28.36,,,6,1,77.62,70.12,0.577,0.6957,0.0739,0.3448275862068966
design_63_seq_1,design_01_s0,design_01,ok,steered,0.0,6,21.579,,,2,0,72.96000000000001,72.32,0.6976,0.7507,0.1781,0.1724137931034483
design_63_seq_1,design_00_s2,design_00,ok,steered,2.0,6,22.698,,,1,0,63.260000000000005,58.879999999999995,0.5341,0.6884,0.0474,0.28
design_63_seq_1,design_01_s2,design_01,ok,steered,2.0,6,26.401,,,2,0,69.5,66.75,0.5761,0.6541,0.0452,0.3076923076923077
design_63_seq_1,design_01_s1,design_01,ok,steered,1.0,6,26.718,,,2,0,69.08,66.62,0.4647,0.5932,0.0042,0.2692307692307692
design_63_seq_1,design_00_s0,design_00,ok,steered,0.0,6,29.418,,,1,0,62.150000000000006,57.75,0.3798,0.5732,0.0,0.1153846153846153
design_63_seq_1,design_00_s1,design_00,ok,steered,1.0,6,35.477,,,0,0,62.49,62.61,0.5782,0.6508,0.0044,0.074074074074074
design_6_seq_0,initial,initial,initial,cold_start,0.0,0,2.11,,,0,1,91.91,89.19,0.8825,0.9144,0.6335,0.5652173913043478
design_6_seq_0,initial_s1,initial,initial,cold_start,1.0,0,2.891,,,0,1,91.94,88.56,0.8156,0.8599,0.3868,0.625
design_6_seq_0,initial_s2,initial,initial,cold_start,2.0,0,2.61,,,0,1,91.73,88.75,0.8542,0.8892,0.5307,0.5833333333333334
design_6_seq_1,initial,initial,initial,cold_start,0.0,0,3.827,,,0,1,94.43,93.75,0.9112,0.9371,0.7915,0.5714285714285714
design_6_seq_1,initial_s2,initial,initial,cold_start,2.0,0,3.853,,,0,1,94.69,94.69999999999999,0.9185,0.9411,0.8111,0.6071428571428571
design_6_seq_1,initial_s1,initial,initial,cold_start,1.0,0,4.985,,,0,1,93.67,92.42,0.8885,0.9214,0.694,0.5769230769230769
design_7_seq_0,initial,initial,initial,cold_start,,0,26.817,,,0,1,76.39,69.54,0.538,0.6747,0.0778,0.3939393939393939
design_7_seq_0,design_01_s0,design_01,ok,steered,0.0,6,1.272,30.519,pose_collapses,4,1,83.71,74.74,0.4432,0.6501,0.0,0.6923076923076923
design_7_seq_0,design_01_s1,design_01,ok,steered,1.0,6,2.294,8.139,pose_collapses,4,1,82.67999999999999,73.48,0.3563,0.5557,0.0025,0.72
design_7_seq_0,design_00_s0,design_00,ok,steered,0.0,6,5.848,12.73,pose_collapses,3,1,80.17999999999999,75.36,0.8027,0.8441,0.4934,0.5555555555555556
design_7_seq_0,design_00_s2,design_00,ok,steered,2.0,6,6.463,,,3,1,84.11999999999999,81.67,0.829,0.8579,0.5635,0.5172413793103449
design_7_seq_0,design_01_s2,design_01,ok,steered,2.0,6,7.807,,,3,1,85.39999999999999,77.22,0.5019,0.6899,0.0257,0.5555555555555556
design_7_seq_0,design_02_s2,design_02,ok,steered,2.0,6,35.124,,,0,1,73.3,63.14999999999999,0.4266,0.6464,0.0,0.0857142857142857
design_7_seq_0,design_02_s1,design_02,ok,steered,1.0,6,37.356,,,1,1,72.32,63.57000000000001,0.2851,0.549,0.0,0.025
design_7_seq_0,design_00_s1,design_00,ok,steered,1.0,6,4.714,,,3,0,84.07,80.58999999999999,0.8255,0.862,0.5528,0.4642857142857143
design_7_seq_0,design_02_s0,design_02,ok,steered,0.0,6,28.088,,,1,0,75.36,64.98,0.2879,0.5894,0.0,0.1481481481481481
design_7_seq_1,initial,initial,initial,cold_start,,0,35.379,,,0,1,69.07,63.18,0.4509,0.6554,0.0025,0.0789473684210526
design_7_seq_1,design_00_s0,design_00,ok,steered,0.0,6,4.025,,,0,1,70.63000000000001,61.550000000000004,0.3426,0.5288,0.0,0.4615384615384615
design_7_seq_1,design_02_s1,design_02,ok,steered,1.0,6,3.092,29.537,pose_collapses,2,1,71.23,63.85999999999999,0.3538,0.5586,0.0,0.5333333333333333
design_7_seq_1,design_02_s2,design_02,ok,steered,2.0,6,4.307,8.561,pose_collapses,1,1,71.75,64.83,0.4104,0.5917,0.0027,0.4285714285714285
design_7_seq_1,design_01_s0,design_01,ok,steered,0.0,6,6.714,,,0,1,77.95,69.82000000000001,0.6501,0.7931,0.1552,0.5384615384615384
design_7_seq_1,design_01_s1,design_01,ok,steered,1.0,6,7.818,,,0,1,74.24,65.3,0.3348,0.5834,0.0,0.5172413793103449
design_7_seq_1,design_00_s1,design_00,ok,steered,1.0,6,9.093,,,0,1,66.19,58.48,0.4299,0.5849,0.0029,0.375
design_7_seq_1,design_02_s0,design_02,ok,steered,0.0,6,10.383,,,0,1,68.78999999999999,61.919999999999995,0.4179,0.5841,0.0025,0.3666666666666666
design_7_seq_1,design_00_s2,design_00,ok,steered,2.0,6,27.177,,,0,0,71.26,64.37,0.3178,0.6037,0.0,0.1923076923076923
design_7_seq_1,design_01_s2,design_01,ok,steered,2.0,6,33.142,,,0,0,72.72999999999999,64.89,0.3975,0.5964,0.0,0.28125
design_8_seq_0,initial,initial,initial,cold_start,,0,27.935,,,0,1,82.91,74.67,0.6597,0.7423,0.1356,0.5172413793103449
design_8_seq_0,design_00_s1,design_00,ok,steered,1.0,3,2.914,,,1,1,89.35,83.93,0.8517,0.877,0.5787,0.6666666666666666
design_8_seq_0,design_01_s0,design_01,ok,steered,0.0,3,2.511,,,0,1,78.07,72.08,0.4763,0.6213,0.0536,0.52
design_8_seq_0,design_02_s2,design_02,ok,steered,2.0,3,2.691,27.763,pose_collapses,2,1,82.83,76.75999999999999,0.6738,0.7724,0.2053,0.5357142857142857
design_8_seq_0,design_00_s0,design_00,ok,steered,0.0,3,3.01,10.496,pose_collapses,1,1,89.18,83.6,0.8518,0.8706,0.5893,0.64
design_8_seq_0,design_02_s0,design_02,ok,steered,0.0,3,3.983,28.564,pose_collapses,2,1,82.91,74.77000000000001,0.667,0.765,0.1866,0.5925925925925926
design_8_seq_0,design_02_s1,design_02,ok,steered,1.0,3,4.603,28.126,pose_collapses,2,1,84.02,74.38,0.648,0.7486,0.1418,0.6538461538461539
design_8_seq_0,design_00_s2,design_00,ok,steered,2.0,3,5.303,29.18,pose_collapses,3,1,92.11,89.66,0.8901,0.9186,0.7398,0.5862068965517241
design_8_seq_0,design_01_s1,design_01,ok,steered,1.0,3,5.382,,,0,1,75.33999999999999,67.65,0.5169,0.6748,0.0978,0.4444444444444444
design_8_seq_0,design_01_s2,design_01,ok,steered,2.0,3,3.871,,,1,0,76.07000000000001,71.07,0.6174,0.7344,0.1583,0.5172413793103449
design_8_seq_1,initial,initial,initial,cold_start,,0,8.613,,,0,0,79.80000000000001,76.84,0.8623,0.8913,0.6063,0.4516129032258064
design_8_seq_1,design_00_s0,design_00,ok,steered,0.0,3,26.055,,,0,1,77.41,68.54,0.1731,0.5224,0.0,0.1515151515151515
design_8_seq_1,design_00_s1,design_00,ok,steered,1.0,3,26.501,,,0,1,75.9,62.8,0.2122,0.5389,0.0,0.1666666666666666
design_8_seq_1,design_02_s2,design_02,ok,steered,2.0,3,30.968,,,0,1,78.86,71.44,0.3208,0.5943,0.0,0.1944444444444444
design_8_seq_1,design_02_s1,design_02,ok,steered,1.0,3,34.083,,,0,1,73.00999999999999,68.05,0.4217,0.6452,0.0,0.081081081081081
design_8_seq_1,design_01_s0,design_01,ok,steered,0.0,3,27.59,,,1,0,80.96,72.96000000000001,0.4164,0.6599,0.0026,0.2285714285714285
design_8_seq_1,design_01_s2,design_01,ok,steered,2.0,3,30.666,,,0,0,84.28999999999999,80.5,0.3333,0.6209,0.0,0.1785714285714285
design_8_seq_1,design_02_s0,design_02,ok,steered,0.0,3,30.689,,,0,0,77.03999999999999,68.28999999999999,0.2222,0.5087,0.0,0.1379310344827586
design_8_seq_1,design_00_s2,design_00,ok,steered,2.0,3,35.738,,,0,0,71.8,65.07,0.2744,0.5623,0.0,0.1025641025641025
design_8_seq_1,design_01_s1,design_01,ok,steered,1.0,3,38.362,,,0,0,79.84,70.59,0.1929,0.5258,0.0,0.0555555555555555
design_9_seq_0,initial,initial,initial,cold_start,,0,11.434,,,0,1,75.68,68.11,0.395,0.6156,0.0,0.4722222222222222
design_9_seq_0,design_01_s1,design_01,ok,steered,1.0,3,4.338,,,0,1,78.55,67.61,0.18,0.4909,0.0,0.6666666666666666
design_9_seq_0,design_01_s0,design_01,ok,steered,0.0,3,2.957,6.82,pose_collapses,1,1,78.38000000000001,67.55,0.1471,0.4667,0.0,0.6551724137931034
design_9_seq_0,design_02_s1,design_02,ok,steered,1.0,3,10.003,,,2,1,70.06,62.49,0.6522,0.7581,0.1452,0.4166666666666667
design_9_seq_0,design_02_s0,design_02,ok,steered,0.0,3,27.155,,,1,1,73.83,65.35,0.1587,0.4908,0.0,0.3225806451612903
design_9_seq_0,design_00_s0,design_00,ok,steered,0.0,3,10.409,,,1,0,67.29,60.660000000000004,0.38,0.606,0.0,0.5454545454545454
design_9_seq_0,design_01_s2,design_01,ok,steered,2.0,3,19.869,,,0,0,72.78999999999999,60.01,0.4722,0.6674,0.0036,0.40625
design_9_seq_0,design_00_s2,design_00,ok,steered,2.0,3,21.546,,,0,0,71.43,62.71,0.2063,0.4768,0.0,0.4
design_9_seq_0,design_00_s1,design_00,ok,steered,1.0,3,22.191,,,0,0,75.03,66.03,0.373,0.5947,0.0031,0.3548387096774194
design_9_seq_0,design_02_s2,design_02,ok,steered,2.0,3,40.329,,,0,0,74.55000000000001,67.83,0.1558,0.523,0.0,0.0294117647058823
design_9_seq_1,initial,initial,initial,cold_start,,0,36.96,,,0,0,78.67,75.79,0.2259,0.5295,0.0,0.0303030303030303
design_9_seq_1,design_02_s1,design_02,ok,steered,1.0,6,31.487,,,4,1,72.21,58.809999999999995,0.223,0.5016,0.0,0.1935483870967742
design_9_seq_1,design_00_s2,design_00,ok,steered,2.0,6,14.694,,,3,0,68.12,58.650000000000006,0.5258,0.6954,0.0029,0.2972972972972973
design_9_seq_1,design_00_s1,design_00,ok,steered,1.0,6,15.314,,,3,0,69.1,58.17,0.3701,0.6061,0.0,0.3142857142857143
design_9_seq_1,design_00_s0,design_00,ok,steered,0.0,6,15.397,,,4,0,71.33,61.050000000000004,0.2812,0.5454,0.0,0.2647058823529412
design_9_seq_1,design_01_s1,design_01,ok,steered,1.0,6,26.374,,,2,0,75.53,70.08,0.2553,0.5129,0.0,0.2352941176470588
design_9_seq_1,design_01_s0,design_01,ok,steered,0.0,6,27.169,,,2,0,74.35000000000001,65.91,0.308,0.5423,0.0,0.2777777777777778
design_9_seq_1,design_01_s2,design_01,ok,steered,2.0,6,27.544,,,2,0,70.92,62.529999999999994,0.3201,0.5435,0.0,0.2285714285714285
design_9_seq_1,design_02_s0,design_02,ok,steered,0.0,6,27.76,,,1,0,73.91,64.87,0.1414,0.4528,0.0,0.2
design_9_seq_1,design_02_s2,design_02,ok,steered,2.0,6,28.701,,,1,0,75.53,64.89,0.1046,0.4462,0.0,0.2666666666666666
