unit,design,base,status,kind,seed_index,n_mutations,ra_eff,reverted_ra_eff_vs_truth,reversion_verdict,steered_n_contacts_on_mutated_positions,steered_receptor_intact,complex_plddt,interface_plddt,iptm,ptm,ipsae_min,true_jaccard
design_0_seq_0,initial,initial,initial,cold_start,0.0,0,2.176,,,0,1,74.58,67.39,0.8975,0.9127,0.7127,0.5161290322580645
design_0_seq_0,initial_s2,initial,initial,cold_start,2.0,0,2.467,,,0,1,72.22,63.839999999999996,0.8981,0.9119,0.7116,0.6206896551724138
design_0_seq_0,initial_s1,initial,initial,cold_start,1.0,0,3.574,,,0,1,76.68,69.84,0.8903,0.9077,0.6974,0.6428571428571429
design_0_seq_1,initial,initial,initial,cold_start,,0,1.859,,,0,1,74.48,69.06,0.874,0.8933,0.6242,0.46875
design_0_seq_1,design_01_s1,design_01,ok,steered,1.0,3,5.534,18.416,pose_collapses,1,1,74.11,68.61,0.7796,0.8163,0.4008,0.46875
design_0_seq_1,design_00_s1,design_00,ok,steered,1.0,3,8.857,,,3,1,73.88,66.13,0.727,0.8168,0.294,0.5
design_0_seq_1,design_00_s2,design_00,ok,steered,2.0,3,8.947,,,3,1,68.22,60.35,0.8762,0.9042,0.6728,0.59375
design_0_seq_1,design_01_s2,design_01,ok,steered,2.0,3,9.418,,,1,1,73.96000000000001,67.43,0.9017,0.9079,0.7143,0.6129032258064516
design_0_seq_1,design_01_s0,design_01,ok,steered,0.0,3,8.796,,,1,0,71.32,64.53999999999999,0.8135,0.8454,0.4861,0.4848484848484848
design_0_seq_1,design_00_s0,design_00,ok,steered,0.0,3,10.067,,,2,0,70.28999999999999,63.11,0.896,0.9121,0.7311,0.5483870967741935
design_0_seq_1,design_02_s1,design_02,ok,steered,1.0,3,15.113,,,2,0,62.64999999999999,57.16,0.7034,0.7942,0.2433,0.4473684210526316
design_0_seq_1,design_02_s0,design_02,ok,steered,0.0,3,27.346,,,1,0,67.17999999999999,60.97,0.6967,0.8058,0.1935,0.4838709677419355
design_0_seq_1,design_02_s2,design_02,ok,steered,2.0,3,28.583,,,2,0,68.56,64.24,0.6601,0.7833,0.1655,0.4545454545454545
design_10_seq_0,initial,initial,initial,cold_start,,0,25.669,,,0,1,88.14999999999999,83.96000000000001,0.8326,0.8691,0.5554,0.5161290322580645
design_10_seq_0,design_02_s2,design_02,ok,steered,2.0,3,1.868,2.591,pose_holds,1,1,82.8,78.45,0.7339,0.8208,0.3148,0.72
design_10_seq_0,design_01_s2,design_01,ok,steered,2.0,3,2.19,2.137,pose_holds,1,1,89.53,85.39999999999999,0.9001,0.9342,0.7178,0.6923076923076923
design_10_seq_0,design_02_s0,design_02,ok,steered,0.0,3,3.608,3.966,pose_holds,1,1,82.59,76.51,0.8207,0.8717,0.4705,0.64
design_10_seq_0,design_00_s1,design_00,ok,steered,1.0,3,28.074,,,1,1,87.1,83.61,0.8943,0.9018,0.7337,0.4375
design_10_seq_0,design_01_s1,design_01,ok,steered,1.0,3,29.155,,,1,1,90.18,86.13,0.8765,0.8957,0.6225,0.4666666666666667
design_10_seq_0,design_01_s0,design_01,ok,steered,0.0,3,29.341,,,1,1,90.68,86.22,0.8973,0.9121,0.6936,0.4516129032258064
design_10_seq_0,design_02_s1,design_02,ok,steered,1.0,3,7.734,,,2,0,81.17,76.81,0.8482,0.8857,0.5936,0.6071428571428571
design_10_seq_0,design_00_s2,design_00,ok,steered,2.0,3,29.059,,,2,0,86.68,82.28999999999999,0.8909,0.8987,0.7261,0.3421052631578947
design_10_seq_0,design_00_s0,design_00,ok,steered,0.0,3,29.667,,,2,0,86.75,82.86,0.8834,0.878,0.6901,0.375
design_10_seq_1,initial,initial,initial,cold_start,,0,25.959,,,0,1,90.57,87.01,0.8722,0.8992,0.6672,0.5
design_10_seq_1,design_01_s0,design_01,ok,steered,0.0,3,4.188,25.381,pose_collapses,2,1,82.09,77.51,0.7157,0.8103,0.2869,0.5161290322580645
design_10_seq_1,design_01_s1,design_01,ok,steered,1.0,3,4.447,27.641,pose_collapses,2,1,90.02,88.51,0.8753,0.8892,0.7048,0.5666666666666667
design_10_seq_1,design_01_s2,design_01,ok,steered,2.0,3,5.429,25.463,pose_collapses,2,1,80.94,77.86999999999999,0.8566,0.8903,0.5791,0.5161290322580645
design_10_seq_1,design_02_s0,design_02,ok,steered,0.0,3,25.795,,,3,1,87.48,82.46,0.7724,0.8334,0.4498,0.5517241379310345
design_10_seq_1,design_02_s2,design_02,ok,steered,2.0,3,25.852,,,3,1,88.02,84.08,0.8093,0.8588,0.541,0.5333333333333333
design_10_seq_1,design_00_s2,design_00,ok,steered,2.0,3,27.376,,,2,0,83.16,78.9,0.7503,0.818,0.4475,0.4102564102564102
design_10_seq_1,design_00_s1,design_00,ok,steered,1.0,3,27.485,,,2,0,82.58,78.72,0.7976,0.848,0.5421,0.4444444444444444
design_10_seq_1,design_00_s0,design_00,ok,steered,0.0,3,28.362,,,2,0,80.62,77.32,0.8178,0.8555,0.5884,0.3714285714285714
design_10_seq_1,design_02_s1,design_02,ok,steered,1.0,3,29.125,,,3,0,86.96000000000001,81.99,0.8183,0.8694,0.5606,0.4838709677419355
design_11_seq_0,initial,initial,initial,cold_start,0.0,0,2.893,,,0,1,93.87,92.08,0.9248,0.9424,0.8414,0.7857142857142857
design_11_seq_0,initial_s2,initial,initial,cold_start,2.0,0,1.539,,,0,1,94.01,92.27,0.92,0.9391,0.8337,0.75
design_11_seq_0,initial_s1,initial,initial,cold_start,1.0,0,1.804,,,0,1,93.77,91.77,0.9306,0.9478,0.8585,0.7586206896551724
design_11_seq_1,initial,initial,initial,cold_start,,0,27.106,,,0,1,86.64,82.38,0.8256,0.8898,0.5473,0.3333333333333333
design_11_seq_1,design_02_s2,design_02,ok,steered,2.0,3,2.062,2.47,pose_holds,1,1,92.92,90.78,0.9396,0.9549,0.8868,0.7
design_11_seq_1,design_02_s0,design_02,ok,steered,0.0,3,2.931,3.0,pose_holds,1,1,92.63,91.06,0.951,0.9616,0.9026,0.7241379310344828
design_11_seq_1,design_01_s1,design_01,ok,steered,1.0,3,2.87,,,0,1,91.32000000000001,88.81,0.9412,0.9548,0.8701,0.6666666666666666
design_11_seq_1,design_01_s0,design_01,ok,steered,0.0,3,3.408,,,1,1,91.88,89.17,0.935,0.9515,0.8518,0.6666666666666666
design_11_seq_1,design_02_s1,design_02,ok,steered,1.0,3,2.478,4.0,pose_holds,1,1,92.45,91.01,0.9485,0.9601,0.9009,0.6666666666666666
design_11_seq_1,design_01_s2,design_01,ok,steered,2.0,3,4.306,,,0,1,90.79,88.34,0.9471,0.9586,0.878,0.6666666666666666
design_11_seq_1,design_00_s2,design_00,ok,steered,2.0,3,2.26,29.859,pose_collapses,1,1,91.86999999999999,89.2,0.929,0.9389,0.8352,0.7241379310344828
design_11_seq_1,design_00_s0,design_00,ok,steered,0.0,3,2.263,29.674,pose_collapses,1,1,92.73,92.2,0.9458,0.956,0.8804,0.5333333333333333
design_11_seq_1,design_00_s1,design_00,ok,steered,1.0,3,2.471,29.742,pose_collapses,1,1,93.10000000000001,92.46,0.9501,0.9592,0.8873,0.5862068965517241
design_12_seq_0,initial,initial,initial,cold_start,,0,10.286,,,0,1,88.97,86.37,0.872,0.8837,0.6952,0.5862068965517241
design_12_seq_0,design_02_s1,design_02,ok,steered,1.0,3,2.114,2.923,pose_holds,0,1,91.84,88.85,0.8311,0.8706,0.6024,0.8333333333333334
design_12_seq_0,design_00_s2,design_00,ok,steered,2.0,3,2.984,1.594,pose_holds,1,1,90.45,86.75,0.8235,0.8729,0.4911,0.76
design_12_seq_0,design_02_s0,design_02,ok,steered,0.0,3,2.295,,,0,1,91.60000000000001,88.94999999999999,0.864,0.8941,0.6823,0.7916666666666666
design_12_seq_0,design_00_s1,design_00,ok,steered,1.0,3,3.608,2.37,pose_holds,1,1,90.46,87.86,0.8534,0.8886,0.5819,0.75
design_12_seq_0,design_02_s2,design_02,ok,steered,2.0,3,2.583,,,0,1,91.23,89.01,0.8481,0.8769,0.6306,0.76
design_12_seq_0,design_01_s0,design_01,ok,steered,0.0,3,3.803,2.499,pose_holds,2,1,78.01,69.91000000000001,0.5595,0.7184,0.0875,0.7037037037037037
design_12_seq_0,design_00_s0,design_00,ok,steered,0.0,3,3.627,2.676,pose_holds,1,1,89.17,85.72,0.7616,0.8222,0.3691,0.7083333333333334
design_12_seq_0,design_01_s1,design_01,ok,steered,1.0,3,8.979,,,2,0,77.5,66.22,0.5144,0.6953,0.031,0.5357142857142857
design_12_seq_0,design_01_s2,design_01,ok,steered,2.0,3,10.292,,,1,0,79.14,67.02,0.4844,0.6834,0.0237,0.6
design_12_seq_1,initial,initial,initial,cold_start,,0,8.031,,,0,1,88.17,85.44,0.8192,0.8486,0.566,0.53125
design_12_seq_1,design_02_s1,design_02,ok,steered,1.0,3,1.848,1.57,pose_holds,1,1,84.05,79.67,0.787,0.8421,0.4013,0.7037037037037037
design_12_seq_1,design_02_s0,design_02,ok,steered,0.0,3,1.347,2.386,pose_holds,1,1,84.15,78.60000000000001,0.7541,0.8221,0.3204,0.7407407407407407
design_12_seq_1,design_02_s2,design_02,ok,steered,2.0,3,1.906,13.206,pose_collapses,2,1,86.07000000000001,82.47,0.809,0.8564,0.4672,0.6666666666666666
design_12_seq_1,design_00_s2,design_00,ok,steered,2.0,3,4.481,,,1,0,72.28999999999999,67.77,0.8079,0.8371,0.3731,0.2682926829268293
design_12_seq_1,design_00_s1,design_00,ok,steered,1.0,3,5.357,,,2,0,69.19999999999999,65.75,0.6721,0.7395,0.1683,0.2439024390243902
design_12_seq_1,design_01_s1,design_01,ok,steered,1.0,3,6.283,,,1,0,71.71,67.36,0.7935,0.8652,0.4326,0.175
design_12_seq_1,design_01_s0,design_01,ok,steered,0.0,3,6.304,,,1,0,75.64999999999999,72.37,0.7816,0.8561,0.3377,0.2631578947368421
design_12_seq_1,design_00_s0,design_00,ok,steered,0.0,3,8.101,,,1,0,74.83,70.66,0.6877,0.756,0.2047,0.25
design_12_seq_1,design_01_s2,design_01,ok,steered,2.0,3,9.302,,,1,0,80.58999999999999,78.8,0.8898,0.9229,0.7089,0.2631578947368421
design_13_seq_0,initial,initial,initial,cold_start,0.0,0,1.943,,,0,1,82.72,73.68,0.7999,0.862,0.4337,0.7142857142857143
design_13_seq_0,initial_s2,initial,initial,cold_start,2.0,0,2.752,,,0,1,83.98,76.42,0.8155,0.8761,0.5144,0.6521739130434783
design_13_seq_0,initial_s1,initial,initial,cold_start,1.0,0,3.443,,,0,1,83.76,76.82,0.8513,0.8981,0.5941,0.6363636363636364
design_13_seq_1,initial,initial,initial,cold_start,,0,29.198,,,0,0,88.23,83.50999999999999,0.903,0.9222,0.7845,0.4827586206896552
design_13_seq_1,design_00_s0,design_00,ok,steered,0.0,3,2.059,,,0,1,79.24,72.55,0.806,0.8725,0.4628,0.5416666666666666
design_13_seq_1,design_00_s1,design_00,ok,steered,1.0,3,4.601,,,1,1,78.34,72.50999999999999,0.6352,0.7658,0.185,0.6521739130434783
design_13_seq_1,design_00_s2,design_00,ok,steered,2.0,3,2.88,21.37,pose_collapses,1,1,78.02,73.55000000000001,0.7224,0.8155,0.3067,0.6363636363636364
design_13_seq_1,design_01_s1,design_01,ok,steered,1.0,3,4.659,5.962,pose_collapses,2,1,69.78,63.36000000000001,0.7888,0.8408,0.3602,0.6363636363636364
design_13_seq_1,design_01_s0,design_01,ok,steered,0.0,3,4.735,8.279,pose_collapses,1,1,66.49000000000001,63.190000000000005,0.8234,0.8771,0.5536,0.4838709677419355
design_13_seq_1,design_02_s0,design_02,ok,steered,0.0,3,24.028,,,2,0,80.89,74.00999999999999,0.772,0.854,0.3808,0.28125
design_13_seq_1,design_02_s1,design_02,ok,steered,1.0,3,27.358,,,2,0,78.82000000000001,70.58,0.7353,0.8267,0.2651,0.2702702702702703
design_13_seq_1,design_02_s2,design_02,ok,steered,2.0,3,27.462,,,1,0,83.63000000000001,77.71000000000001,0.7463,0.8078,0.3001,0.40625
design_13_seq_1,design_01_s2,design_01,ok,steered,2.0,3,28.353,,,2,0,72.8,66.3,0.7875,0.8601,0.3981,0.2857142857142857
design_14_seq_0,initial,initial,initial,cold_start,0.0,0,0.808,,,0,1,92.65,90.39,0.9233,0.9436,0.8338,0.8333333333333334
design_14_seq_0,initial_s1,initial,initial,cold_start,1.0,0,1.332,,,0,1,92.7,90.10000000000001,0.9258,0.9469,0.8441,0.8
design_14_seq_0,initial_s2,initial,initial,cold_start,2.0,0,1.782,,,0,1,93.11,91.0,0.926,0.9458,0.8446,0.7916666666666666
design_14_seq_1,initial,initial,initial,cold_start,,0,30.358,,,0,0,92.09,89.81,0.9327,0.9424,0.8361,0.3939393939393939
design_14_seq_1,design_02_s0,design_02,ok,steered,0.0,6,1.631,,,0,1,92.47,90.23,0.9315,0.9469,0.8523,0.8260869565217391
design_14_seq_1,design_02_s1,design_02,ok,steered,1.0,6,1.756,,,0,1,91.86,89.71000000000001,0.9322,0.9481,0.8491,0.75
design_14_seq_1,design_00_s1,design_00,ok,steered,1.0,6,1.745,28.466,pose_collapses,2,1,89.16,87.16000000000001,0.9169,0.929,0.844,0.68
design_14_seq_1,design_01_s0,design_01,ok,steered,0.0,6,1.92,27.593,pose_collapses,2,1,91.7,90.82000000000001,0.944,0.9518,0.8892,0.8
design_14_seq_1,design_01_s1,design_01,ok,steered,1.0,6,1.942,28.043,pose_collapses,3,1,91.31,90.12,0.9445,0.9499,0.8927,0.7037037037037037
design_14_seq_1,design_01_s2,design_01,ok,steered,2.0,6,2.204,27.916,pose_collapses,3,1,91.61,90.9,0.9378,0.946,0.8776,0.6428571428571429
design_14_seq_1,design_02_s2,design_02,ok,steered,2.0,6,2.314,28.372,pose_collapses,1,1,91.47,87.97,0.9354,0.952,0.8623,0.7916666666666666
design_14_seq_1,design_00_s0,design_00,ok,steered,0.0,6,2.358,28.24,pose_collapses,2,1,90.13,87.24,0.9303,0.9457,0.8699,0.7307692307692307
design_14_seq_1,design_00_s2,design_00,ok,steered,2.0,6,2.892,28.756,pose_collapses,2,1,90.3,86.02,0.9403,0.9526,0.8881,0.76
design_15_seq_0,initial,initial,initial,cold_start,,0,8.019,,,0,1,77.52,73.74000000000001,0.9225,0.9277,0.8336,0.5454545454545454
design_15_seq_0,design_00_s2,design_00,ok,steered,2.0,3,5.959,8.704,pose_collapses,2,1,82.08,80.16,0.9176,0.9228,0.8319,0.5454545454545454
design_15_seq_0,design_01_s1,design_01,ok,steered,1.0,3,8.361,,,2,1,90.51,88.92999999999999,0.9196,0.9235,0.7978,0.5666666666666667
design_15_seq_0,design_02_s2,design_02,ok,steered,2.0,3,8.378,,,2,1,87.92999999999999,84.69,0.8696,0.8862,0.7083,0.6428571428571429
design_15_seq_0,design_01_s2,design_01,ok,steered,2.0,3,8.779,,,2,1,89.63,87.2,0.9155,0.9211,0.7868,0.6206896551724138
design_15_seq_0,design_02_s0,design_02,ok,steered,0.0,3,9.016,,,2,1,88.05,85.42999999999999,0.8819,0.895,0.7252,0.6206896551724138
design_15_seq_0,design_01_s0,design_01,ok,steered,0.0,3,9.025,,,2,1,86.77,83.58,0.8561,0.8783,0.6729,0.5517241379310345
design_15_seq_0,design_00_s1,design_00,ok,steered,1.0,3,9.4,,,2,1,76.42999999999999,71.25,0.8932,0.9008,0.7523,0.5517241379310345
design_15_seq_0,design_00_s0,design_00,ok,steered,0.0,3,9.555,,,2,1,76.8,72.92,0.9051,0.9102,0.7787,0.6206896551724138
design_15_seq_0,design_02_s1,design_02,ok,steered,1.0,3,9.709,,,2,1,88.21,85.02,0.8755,0.8873,0.7028,0.6206896551724138
design_15_seq_1,initial,initial,initial,cold_start,0.0,0,3.334,,,0,1,90.72,86.49,0.9076,0.9306,0.8067,0.72
design_15_seq_1,initial_s1,initial,initial,cold_start,1.0,0,3.654,,,0,1,91.41,87.58,0.9157,0.9362,0.8268,0.76
design_15_seq_1,initial_s2,initial,initial,cold_start,2.0,0,2.971,,,0,1,91.93,89.13,0.9222,0.943,0.8379,0.6153846153846154
design_16_seq_0,initial,initial,initial,cold_start,,0,3.256,,,0,1,85.05,77.61,0.8947,0.9263,0.7235,0.72
design_16_seq_0,design_01_s0,design_01,ok,steered,0.0,2,2.977,,,0,1,77.86999999999999,72.96000000000001,0.8922,0.9213,0.7573,0.6206896551724138
design_16_seq_0,design_02_s2,design_02,ok,steered,2.0,2,4.664,4.152,pose_holds,2,1,79.12,71.71,0.7425,0.8229,0.3492,0.6296296296296297
design_16_seq_0,design_01_s1,design_01,ok,steered,1.0,2,12.837,,,0,1,77.98,72.92,0.8973,0.9245,0.7698,0.5
design_16_seq_0,design_00_s2,design_00,ok,steered,2.0,2,24.774,,,0,1,86.41,80.7,0.807,0.8727,0.4554,0.5666666666666667
design_16_seq_0,design_01_s2,design_01,ok,steered,2.0,2,24.813,,,0,1,76.03,69.34,0.8387,0.8828,0.621,0.5357142857142857
design_16_seq_0,design_00_s1,design_00,ok,steered,1.0,2,25.215,,,1,1,86.09,80.13,0.7612,0.848,0.3535,0.5333333333333333
design_16_seq_0,design_02_s1,design_02,ok,steered,1.0,2,26.589,,,1,1,81.94,76.23,0.6592,0.7694,0.2281,0.4482758620689655
design_16_seq_0,design_02_s0,design_02,ok,steered,0.0,2,26.687,,,1,1,81.57,74.63,0.6107,0.7405,0.1584,0.4482758620689655
design_16_seq_0,design_00_s0,design_00,ok,steered,0.0,2,24.894,,,1,0,86.95,82.39999999999999,0.7684,0.842,0.3937,0.3333333333333333
design_16_seq_1,initial,initial,initial,cold_start,,0,25.82,,,0,1,84.03,76.12,0.6969,0.7679,0.279,0.3448275862068966
design_16_seq_1,design_01_s2,design_01,ok,steered,2.0,3,2.182,,,0,1,88.42999999999999,85.17,0.8583,0.8802,0.5723,0.7307692307692307
design_16_seq_1,design_01_s1,design_01,ok,steered,1.0,3,2.582,4.21,pose_holds,1,1,90.44,88.26,0.9078,0.9199,0.797,0.7307692307692307
design_16_seq_1,design_01_s0,design_01,ok,steered,0.0,3,3.495,2.342,pose_holds,1,1,83.19,80.85,0.9009,0.9169,0.7499,0.5925925925925926
design_16_seq_1,design_02_s2,design_02,ok,steered,2.0,3,3.352,2.563,pose_holds,2,1,77.63,72.8,0.799,0.844,0.416,0.5555555555555556
design_16_seq_1,design_02_s0,design_02,ok,steered,0.0,3,7.556,,,2,1,69.28999999999999,63.41,0.8107,0.8505,0.4182,0.5172413793103449
design_16_seq_1,design_02_s1,design_02,ok,steered,1.0,3,8.163,,,2,1,79.17999999999999,72.72,0.8207,0.8789,0.5176,0.4827586206896552
design_16_seq_1,design_00_s1,design_00,ok,steered,1.0,3,27.574,,,3,1,87.76,82.27,0.8838,0.882,0.6353,0.4333333333333333
design_16_seq_1,design_00_s2,design_00,ok,steered,2.0,3,28.067,,,3,1,87.83999999999999,82.01,0.8708,0.8737,0.5908,0.4666666666666667
design_16_seq_1,design_00_s0,design_00,ok,steered,0.0,3,28.096,,,3,1,86.42999999999999,80.56,0.8996,0.899,0.667,0.4666666666666667
design_17_seq_0,initial,initial,initial,cold_start,0.0,0,2.178,,,0,1,84.81,81.08999999999999,0.8731,0.8823,0.6578,0.6296296296296297
design_17_seq_0,initial_s2,initial,initial,cold_start,2.0,0,1.22,,,0,1,84.43,81.14,0.8969,0.8986,0.7061,0.5925925925925926
design_17_seq_0,initial_s1,initial,initial,cold_start,1.0,0,1.476,,,0,1,84.7,82.12,0.9061,0.9104,0.7599,0.5185185185185185
design_17_seq_1,initial,initial,initial,cold_start,0.0,0,1.717,,,0,1,93.17,91.25999999999999,0.9315,0.9428,0.8489,0.7307692307692307
design_17_seq_1,initial_s1,initial,initial,cold_start,1.0,0,1.403,,,0,1,93.0,90.47,0.9353,0.9454,0.8471,0.72
design_17_seq_1,initial_s2,initial,initial,cold_start,2.0,0,2.007,,,0,1,94.34,93.44,0.9145,0.93,0.8164,0.7307692307692307
design_18_seq_0,initial,initial,initial,cold_start,,0,8.668,,,0,1,82.93,76.05,0.8801,0.9128,0.7111,0.5833333333333334
design_18_seq_0,design_00_s0,design_00,ok,steered,0.0,3,1.783,1.656,pose_holds,0,1,91.52,87.27000000000001,0.921,0.9289,0.8043,0.7619047619047619
design_18_seq_0,design_02_s1,design_02,ok,steered,1.0,3,1.763,1.464,pose_holds,1,1,93.28999999999999,91.02,0.9351,0.9445,0.8756,0.7272727272727273
design_18_seq_0,design_00_s2,design_00,ok,steered,2.0,3,2.028,,,0,1,91.66,87.42,0.9031,0.9137,0.7633,0.7272727272727273
design_18_seq_0,design_02_s2,design_02,ok,steered,2.0,3,1.066,1.576,pose_holds,1,1,93.51,91.74,0.9414,0.9507,0.8862,0.6956521739130435
design_18_seq_0,design_00_s1,design_00,ok,steered,1.0,3,2.151,,,0,1,92.2,88.82,0.9281,0.9359,0.8231,0.7142857142857143
design_18_seq_0,design_02_s0,design_02,ok,steered,0.0,3,1.372,1.97,pose_holds,1,1,93.8,92.56,0.937,0.946,0.8769,0.6818181818181818
design_18_seq_0,design_01_s0,design_01,ok,steered,0.0,3,28.163,,,2,1,85.72999999999999,78.06,0.734,0.8044,0.2406,0.4642857142857143
design_18_seq_0,design_01_s1,design_01,ok,steered,1.0,3,28.225,,,2,1,87.33,81.54,0.7292,0.7829,0.2033,0.4444444444444444
design_18_seq_0,design_01_s2,design_01,ok,steered,2.0,3,28.906,,,2,1,87.42,80.15,0.6723,0.7386,0.1481,0.4615384615384615
design_18_seq_1,initial,initial,initial,cold_start,,0,9.765,,,0,1,83.19,77.66999999999999,0.5708,0.7163,0.1162,0.5652173913043478
design_18_seq_1,design_00_s2,design_00,ok,steered,2.0,3,2.811,2.068,pose_holds,1,1,91.18,89.29,0.8806,0.8967,0.7051,0.7272727272727273
design_18_seq_1,design_00_s0,design_00,ok,steered,0.0,3,2.983,2.024,pose_holds,1,1,90.7,88.12,0.8649,0.8827,0.6386,0.6818181818181818
design_18_seq_1,design_01_s2,design_01,ok,steered,2.0,3,3.323,1.554,pose_holds,1,1,89.09,86.47,0.863,0.88,0.6254,0.6363636363636364
design_18_seq_1,design_00_s1,design_00,ok,steered,1.0,3,2.018,2.333,pose_holds,1,1,91.97999999999999,89.98,0.8508,0.8727,0.626,0.6666666666666666
design_18_seq_1,design_01_s0,design_01,ok,steered,0.0,3,3.929,5.723,pose_collapses,2,1,83.36,78.42,0.8102,0.8324,0.4337,0.6086956521739131
design_18_seq_1,design_01_s1,design_01,ok,steered,1.0,3,5.867,29.673,pose_collapses,0,1,83.56,81.66,0.7653,0.7975,0.3212,0.5833333333333334
design_18_seq_1,design_02_s1,design_02,ok,steered,1.0,3,8.243,,,3,1,87.51,84.39,0.799,0.8428,0.4666,0.5185185185185185
design_18_seq_1,design_02_s0,design_02,ok,steered,0.0,3,8.974,,,3,1,86.81,83.04,0.7974,0.8452,0.4786,0.4642857142857143
design_18_seq_1,design_02_s2,design_02,ok,steered,2.0,3,9.14,,,3,1,85.17,80.4,0.7438,0.8032,0.367,0.5833333333333334
design_19_seq_0,initial,initial,initial,cold_start,,0,29.119,,,0,1,82.15,73.16,0.693,0.7613,0.2328,0.4814814814814814
design_19_seq_0,design_00_s0,design_00,ok,steered,0.0,3,7.977,,,2,1,83.43,76.8,0.4518,0.6461,0.0033,0.5172413793103449
design_19_seq_0,design_02_s2,design_02,ok,steered,2.0,3,8.31,,,2,1,82.21000000000001,78.09,0.7063,0.7772,0.2598,0.5185185185185185
design_19_seq_0,design_02_s1,design_02,ok,steered,1.0,3,8.317,,,2,1,79.06,73.83,0.6653,0.7469,0.1894,0.6
design_19_seq_0,design_02_s0,design_02,ok,steered,0.0,3,8.735,,,2,1,79.41,74.37,0.6263,0.7102,0.1591,0.5769230769230769
design_19_seq_0,design_01_s1,design_01,ok,steered,1.0,3,28.022,,,2,1,76.42,69.95,0.7083,0.7694,0.3046,0.4642857142857143
design_19_seq_0,design_01_s0,design_01,ok,steered,0.0,3,24.184,,,2,0,73.69,70.81,0.7768,0.8413,0.4148,0.3928571428571428
design_19_seq_0,design_01_s2,design_01,ok,steered,2.0,3,27.672,,,2,0,76.82,73.03,0.829,0.8318,0.487,0.46875
design_19_seq_0,design_00_s1,design_00,ok,steered,1.0,3,28.921,,,3,0,85.15,82.44,0.7636,0.7937,0.3567,0.303030303030303
design_19_seq_0,design_00_s2,design_00,ok,steered,2.0,3,29.062,,,2,0,87.02,84.48,0.7927,0.8176,0.3835,0.3870967741935484
design_19_seq_1,initial,initial,initial,cold_start,,0,28.815,,,0,1,82.44,75.76,0.8885,0.8959,0.6848,0.4482758620689655
design_19_seq_1,design_02_s2,design_02,ok,steered,2.0,3,2.926,30.276,pose_collapses,1,1,75.59,70.67,0.5434,0.6981,0.1068,0.5384615384615384
design_19_seq_1,design_01_s0,design_01,ok,steered,0.0,3,3.347,28.889,pose_collapses,2,1,69.45,64.22,0.7742,0.8238,0.3853,0.5833333333333334
design_19_seq_1,design_02_s1,design_02,ok,steered,1.0,3,3.876,29.388,pose_collapses,1,1,73.00999999999999,67.0,0.4796,0.6682,0.0269,0.5909090909090909
design_19_seq_1,design_01_s1,design_01,ok,steered,1.0,3,6.021,,,1,1,70.78,63.849999999999994,0.8521,0.8883,0.6123,0.5384615384615384
design_19_seq_1,design_00_s2,design_00,ok,steered,2.0,3,6.432,,,3,1,78.0,74.96000000000001,0.8949,0.9073,0.7334,0.5483870967741935
design_19_seq_1,design_00_s0,design_00,ok,steered,0.0,3,6.436,,,2,1,76.36,73.83,0.861,0.873,0.6044,0.5161290322580645
design_19_seq_1,design_00_s1,design_00,ok,steered,1.0,3,7.412,,,3,1,76.64,73.79,0.8996,0.9138,0.7671,0.5
design_19_seq_1,design_02_s0,design_02,ok,steered,0.0,3,8.227,,,3,1,68.2,61.27,0.5769,0.7273,0.1005,0.4666666666666667
design_19_seq_1,design_01_s2,design_01,ok,steered,2.0,3,7.413,,,2,0,69.41000000000001,61.92999999999999,0.6458,0.7431,0.1996,0.4666666666666667
design_1_seq_0,initial,initial,initial,cold_start,,0,30.234,,,0,0,81.73,76.29,0.8789,0.896,0.6523,0.3823529411764705
design_1_seq_0,design_00_s0,design_00,ok,steered,0.0,6,4.477,29.602,pose_collapses,3,1,74.89,68.37,0.8599,0.8909,0.623,0.6333333333333333
design_1_seq_0,design_00_s1,design_00,ok,steered,1.0,6,5.445,33.626,pose_collapses,3,1,75.78,68.65,0.8898,0.9246,0.747,0.5483870967741935
design_1_seq_0,design_00_s2,design_00,ok,steered,2.0,6,5.617,27.935,pose_collapses,2,1,77.39,71.7,0.8439,0.8916,0.5746,0.5666666666666667
design_1_seq_0,design_01_s2,design_01,ok,steered,2.0,6,6.741,,,2,1,72.23,67.31,0.9005,0.9169,0.7034,0.5625
design_1_seq_0,design_02_s1,design_02,ok,steered,1.0,6,7.641,,,1,1,74.69,68.2,0.5939,0.7331,0.1404,0.5151515151515151
design_1_seq_0,design_02_s2,design_02,ok,steered,2.0,6,8.358,,,1,1,72.27,65.93,0.7022,0.7801,0.2484,0.59375
design_1_seq_0,design_01_s1,design_01,ok,steered,1.0,6,8.38,,,2,1,72.76,66.27,0.8557,0.8878,0.5505,0.53125
design_1_seq_0,design_01_s0,design_01,ok,steered,0.0,6,8.638,,,2,1,70.83,64.37,0.8319,0.868,0.4518,0.5
design_1_seq_0,design_02_s0,design_02,ok,steered,0.0,6,9.075,,,1,1,73.96000000000001,67.35,0.6261,0.7448,0.166,0.4571428571428571
design_1_seq_1,initial,initial,initial,cold_start,,0,9.937,,,0,1,70.15,63.18,0.6803,0.7838,0.2125,0.4516129032258064
design_1_seq_1,design_01_s0,design_01,ok,steered,0.0,3,6.292,,,2,1,68.26,62.11,0.736,0.8045,0.2958,0.53125
design_1_seq_1,design_01_s1,design_01,ok,steered,1.0,3,9.286,,,1,1,68.51,59.19,0.7461,0.8271,0.3127,0.4482758620689655
design_1_seq_1,design_02_s0,design_02,ok,steered,0.0,3,16.795,,,2,0,78.48,71.89999999999999,0.4879,0.6685,0.0266,0.4193548387096774
design_1_seq_1,design_00_s0,design_00,ok,steered,0.0,3,19.328,,,1,0,77.46,74.99,0.4299,0.6385,0.0061,0.3214285714285714
design_1_seq_1,design_02_s2,design_02,ok,steered,2.0,3,19.693,,,1,0,72.02,65.74,0.2658,0.5373,0.0028,0.4074074074074074
design_1_seq_1,design_00_s2,design_00,ok,steered,2.0,3,20.968,,,0,0,77.55,72.5,0.6472,0.7747,0.2135,0.4827586206896552
design_1_seq_1,design_00_s1,design_00,ok,steered,1.0,3,22.071,,,0,0,72.34,65.86999999999999,0.6846,0.7853,0.2715,0.3703703703703703
design_1_seq_1,design_02_s1,design_02,ok,steered,1.0,3,23.915,,,1,0,77.19,74.33999999999999,0.2727,0.53,0.003,0.3636363636363636
design_1_seq_1,design_01_s2,design_01,ok,steered,2.0,3,24.789,,,2,0,75.48,68.16,0.3315,0.5766,0.0033,0.4117647058823529
design_20_seq_0,initial,initial,initial,cold_start,,0,27.972,,,0,1,84.44,79.71000000000001,0.7821,0.8072,0.4538,0.4333333333333333
design_20_seq_0,design_02_s2,design_02,ok,steered,2.0,3,5.071,3.275,pose_holds,2,1,80.76,77.41,0.7908,0.8575,0.4238,0.5555555555555556
design_20_seq_0,design_01_s2,design_01,ok,steered,2.0,3,3.598,10.164,pose_collapses,1,1,77.51,73.1,0.733,0.8149,0.2824,0.4814814814814814
design_20_seq_0,design_01_s0,design_01,ok,steered,0.0,3,4.764,26.694,pose_collapses,1,1,72.88,64.64999999999999,0.4943,0.6875,0.0368,0.5
design_20_seq_0,design_02_s1,design_02,ok,steered,1.0,3,4.99,11.496,pose_collapses,2,1,77.79,73.96000000000001,0.685,0.7932,0.2372,0.5925925925925926
design_20_seq_0,design_02_s0,design_02,ok,steered,0.0,3,5.866,26.103,pose_collapses,2,1,77.11,70.47,0.5944,0.7123,0.0934,0.5185185185185185
design_20_seq_0,design_00_s1,design_00,ok,steered,1.0,3,6.969,,,2,1,77.7,72.45,0.7767,0.8268,0.4098,0.5357142857142857
design_20_seq_0,design_00_s0,design_00,ok,steered,0.0,3,8.618,,,1,1,77.97,74.77000000000001,0.7447,0.8032,0.3469,0.4516129032258064
design_20_seq_0,design_01_s1,design_01,ok,steered,1.0,3,25.605,,,1,1,78.14,74.28,0.675,0.7858,0.2308,0.4333333333333333
design_20_seq_0,design_00_s2,design_00,ok,steered,2.0,3,8.84,,,1,0,80.47999999999999,77.59,0.8219,0.8518,0.5466,0.3870967741935484
design_20_seq_1,initial,initial,initial,cold_start,,0,29.208,,,0,1,82.43,75.14999999999999,0.721,0.775,0.3585,0.3666666666666666
design_20_seq_1,design_00_s2,design_00,ok,steered,2.0,6,1.988,28.693,pose_collapses,3,1,83.62,77.92999999999999,0.8016,0.8266,0.4949,0.5185185185185185
design_20_seq_1,design_00_s1,design_00,ok,steered,1.0,6,3.873,28.389,pose_collapses,3,1,84.24000000000001,80.30000000000001,0.8508,0.8663,0.6053,0.5517241379310345
design_20_seq_1,design_00_s0,design_00,ok,steered,0.0,6,4.018,28.197,pose_collapses,3,1,79.56,78.39,0.8032,0.8186,0.4412,0.4666666666666667
design_20_seq_1,design_02_s0,design_02,ok,steered,0.0,6,5.868,25.148,pose_collapses,2,1,84.66,82.41000000000001,0.9103,0.924,0.7991,0.6153846153846154
design_20_seq_1,design_02_s1,design_02,ok,steered,1.0,6,5.421,,,0,0,82.89,80.04,0.9035,0.909,0.7563,0.56
design_20_seq_1,design_02_s2,design_02,ok,steered,2.0,6,7.679,,,3,0,84.81,81.6,0.9029,0.9131,0.7806,0.5769230769230769
design_20_seq_1,design_01_s0,design_01,ok,steered,0.0,6,10.784,,,0,0,66.38,60.150000000000006,0.6397,0.7646,0.1834,0.4666666666666667
design_20_seq_1,design_01_s1,design_01,ok,steered,1.0,6,11.247,,,2,0,64.67,60.75000000000001,0.7375,0.8083,0.3082,0.4516129032258064
design_20_seq_1,design_01_s2,design_01,ok,steered,2.0,6,12.615,,,3,0,66.03,59.61,0.5863,0.7215,0.1409,0.4137931034482758
design_21_seq_0,initial,initial,initial,cold_start,0.0,0,1.223,,,0,1,93.78,92.66,0.9227,0.9391,0.8272,0.8214285714285714
design_21_seq_0,initial_s1,initial,initial,cold_start,1.0,0,1.678,,,0,1,93.69,92.47,0.9396,0.9526,0.8597,0.8518518518518519
design_21_seq_0,initial_s2,initial,initial,cold_start,2.0,0,1.737,,,0,1,93.30000000000001,91.94,0.9462,0.9584,0.883,0.8518518518518519
design_21_seq_1,initial,initial,initial,cold_start,0.0,0,1.226,,,0,1,95.0,94.08,0.9347,0.9479,0.8691,0.75
design_21_seq_1,initial_s2,initial,initial,cold_start,2.0,0,1.224,,,0,1,94.78999999999999,94.24,0.946,0.9564,0.8917,0.8461538461538461
design_21_seq_1,initial_s1,initial,initial,cold_start,1.0,0,1.592,,,0,1,95.21,94.67999999999999,0.9387,0.9512,0.8759,0.7857142857142857
design_22_seq_0,initial,initial,initial,cold_start,,0,28.547,,,0,1,86.06,80.28,0.7502,0.8132,0.3298,0.4137931034482758
design_22_seq_0,design_02_s0,design_02,ok,steered,0.0,6,2.47,3.753,pose_holds,3,1,82.45,81.32000000000001,0.8381,0.8574,0.4756,0.7272727272727273
design_22_seq_0,design_02_s1,design_02,ok,steered,1.0,6,1.71,28.361,pose_collapses,3,1,80.69,77.64,0.8651,0.8927,0.5456,0.5769230769230769
design_22_seq_0,design_02_s2,design_02,ok,steered,2.0,6,1.885,29.203,pose_collapses,3,1,83.49,80.91000000000001,0.862,0.8842,0.5397,0.64
design_22_seq_0,design_00_s1,design_00,ok,steered,1.0,6,1.935,28.11,pose_collapses,4,1,84.07,81.39999999999999,0.8622,0.8991,0.5735,0.6153846153846154
design_22_seq_0,design_00_s2,design_00,ok,steered,2.0,6,2.144,28.397,pose_collapses,4,1,82.01,77.19,0.7693,0.8414,0.357,0.6666666666666666
design_22_seq_0,design_00_s0,design_00,ok,steered,0.0,6,2.178,26.951,pose_collapses,3,1,84.03,80.58999999999999,0.8227,0.8712,0.4573,0.6666666666666666
design_22_seq_0,design_01_s0,design_01,ok,steered,0.0,6,6.002,,,6,1,89.86,87.64999999999999,0.5271,0.6805,0.1053,0.5161290322580645
design_22_seq_0,design_01_s2,design_01,ok,steered,2.0,6,6.132,,,6,1,90.86999999999999,89.34,0.5301,0.6859,0.1214,0.5333333333333333
design_22_seq_0,design_01_s1,design_01,ok,steered,1.0,6,6.603,,,5,1,88.28,86.77,0.6299,0.7569,0.2002,0.5714285714285714
design_22_seq_1,initial,initial,initial,cold_start,0.0,0,1.257,,,0,1,88.05,84.21,0.9188,0.928,0.8235,0.625
design_22_seq_1,initial_s2,initial,initial,cold_start,2.0,0,1.275,,,0,1,87.37,82.83,0.9028,0.9141,0.786,0.7272727272727273
design_22_seq_1,initial_s1,initial,initial,cold_start,1.0,0,1.507,,,0,1,87.83999999999999,83.11,0.9147,0.9264,0.8267,0.625
design_23_seq_0,initial,initial,initial,cold_start,,0,28.469,,,0,1,91.14999999999999,87.77000000000001,0.8934,0.9088,0.683,0.5172413793103449
design_23_seq_0,design_02_s2,design_02,ok,steered,2.0,3,4.73,28.218,pose_collapses,2,1,72.08,65.59,0.7345,0.826,0.3153,0.7083333333333334
design_23_seq_0,design_01_s2,design_01,ok,steered,2.0,3,27.4,,,3,1,86.5,82.0,0.8622,0.8744,0.5973,0.4838709677419355
design_23_seq_0,design_01_s1,design_01,ok,steered,1.0,3,27.795,,,3,1,86.89,81.63,0.7595,0.7851,0.3503,0.4516129032258064
design_23_seq_0,design_01_s0,design_01,ok,steered,0.0,3,27.826,,,3,1,86.3,81.14,0.8566,0.8696,0.5869,0.5161290322580645
design_23_seq_0,design_00_s2,design_00,ok,steered,2.0,3,28.502,,,3,1,91.3,87.58,0.9151,0.9225,0.7929,0.4333333333333333
design_23_seq_0,design_00_s1,design_00,ok,steered,1.0,3,28.768,,,3,1,90.8,87.61,0.9077,0.9169,0.7745,0.4666666666666667
design_23_seq_0,design_00_s0,design_00,ok,steered,0.0,3,29.042,,,3,1,90.33,86.37,0.9169,0.9232,0.7945,0.4838709677419355
design_23_seq_0,design_02_s0,design_02,ok,steered,0.0,3,25.545,,,1,0,70.94,63.06,0.7429,0.8172,0.2827,0.5185185185185185
design_23_seq_0,design_02_s1,design_02,ok,steered,1.0,3,27.571,,,2,0,72.66,64.78,0.7406,0.8225,0.3093,0.40625
design_23_seq_1,initial,initial,initial,cold_start,,0,29.006,,,0,1,82.54,74.87,0.7808,0.8117,0.44,0.5172413793103449
design_23_seq_1,design_01_s0,design_01,ok,steered,0.0,3,3.119,8.211,pose_collapses,1,1,77.9,70.21,0.7277,0.8175,0.3038,0.6538461538461539
design_23_seq_1,design_00_s1,design_00,ok,steered,1.0,3,7.113,,,1,1,79.86,77.64,0.7998,0.8004,0.3954,0.5555555555555556
design_23_seq_1,design_02_s1,design_02,ok,steered,1.0,3,7.438,,,2,1,70.94,63.13999999999999,0.529,0.6933,0.0864,0.4666666666666667
design_23_seq_1,design_00_s2,design_00,ok,steered,2.0,3,7.556,,,2,1,77.9,74.52,0.7862,0.7888,0.3822,0.4827586206896552
design_23_seq_1,design_01_s1,design_01,ok,steered,1.0,3,29.12,,,3,1,76.64,70.52000000000001,0.719,0.7777,0.3077,0.3870967741935484
design_23_seq_1,design_00_s0,design_00,ok,steered,0.0,3,8.515,,,2,0,81.62,78.75999999999999,0.7607,0.7741,0.3419,0.5333333333333333
design_23_seq_1,design_02_s0,design_02,ok,steered,0.0,3,8.59,,,1,0,73.9,67.55,0.3734,0.6153,0.0028,0.5357142857142857
design_23_seq_1,design_02_s2,design_02,ok,steered,2.0,3,8.85,,,1,0,76.33,70.33,0.6285,0.7697,0.166,0.4838709677419355
design_23_seq_1,design_01_s2,design_01,ok,steered,2.0,3,29.976,,,3,0,80.4,72.89999999999999,0.779,0.8199,0.3881,0.3225806451612903
design_24_seq_0,initial,initial,initial,cold_start,,0,13.46,,,0,0,74.45,65.77,0.5171,0.6882,0.0385,0.6333333333333333
design_24_seq_0,design_01_s1,design_01,ok,steered,1.0,3,1.673,10.952,pose_collapses,3,1,74.6,67.77,0.8075,0.8557,0.4572,0.6896551724137931
design_24_seq_0,design_01_s2,design_01,ok,steered,2.0,3,5.346,6.21,pose_collapses,3,1,72.35000000000001,64.11,0.6521,0.773,0.2027,0.6774193548387096
design_24_seq_0,design_02_s0,design_02,ok,steered,0.0,3,11.153,,,3,0,79.79,72.65,0.5848,0.7351,0.1503,0.4642857142857143
design_24_seq_0,design_01_s0,design_01,ok,steered,0.0,3,11.326,,,3,0,77.82,70.89999999999999,0.5507,0.7076,0.1185,0.5483870967741935
design_24_seq_0,design_00_s0,design_00,ok,steered,0.0,3,11.507,,,2,0,78.60000000000001,68.19,0.7116,0.8191,0.3046,0.5925925925925926
design_24_seq_0,design_00_s1,design_00,ok,steered,1.0,3,12.136,,,3,0,76.51,66.71000000000001,0.4748,0.6604,0.0079,0.5185185185185185
design_24_seq_0,design_02_s2,design_02,ok,steered,2.0,3,13.756,,,1,0,78.64999999999999,71.26,0.6267,0.7541,0.1652,0.46875
design_24_seq_0,design_00_s2,design_00,ok,steered,2.0,3,14.323,,,3,0,77.75,69.52000000000001,0.4933,0.6759,0.016,0.4827586206896552
design_24_seq_0,design_02_s1,design_02,ok,steered,1.0,3,15.503,,,2,0,77.47,72.0,0.679,0.781,0.2182,0.4516129032258064
design_24_seq_1,initial,initial,initial,cold_start,,0,28.758,,,0,1,85.37,78.43,0.6784,0.7529,0.178,0.4193548387096774
design_24_seq_1,design_00_s2,design_00,ok,steered,2.0,3,4.364,2.837,pose_holds,2,1,88.92999999999999,84.99,0.7521,0.7901,0.3389,0.5925925925925926
design_24_seq_1,design_02_s0,design_02,ok,steered,0.0,3,1.663,10.432,pose_collapses,2,1,79.59,75.69,0.899,0.9103,0.7669,0.7142857142857143
design_24_seq_1,design_02_s1,design_02,ok,steered,1.0,3,1.937,9.765,pose_collapses,2,1,77.97,74.26,0.886,0.8954,0.696,0.6896551724137931
design_24_seq_1,design_00_s0,design_00,ok,steered,0.0,3,3.437,10.752,pose_collapses,2,1,89.75,86.44,0.801,0.8291,0.4566,0.5714285714285714
design_24_seq_1,design_02_s2,design_02,ok,steered,2.0,3,3.918,10.223,pose_collapses,2,1,77.16,71.56,0.8624,0.8793,0.6196,0.6896551724137931
design_24_seq_1,design_00_s1,design_00,ok,steered,1.0,3,4.297,7.41,pose_collapses,2,1,88.71,86.59,0.8698,0.885,0.6646,0.6428571428571429
design_24_seq_1,design_01_s1,design_01,ok,steered,1.0,3,8.582,,,1,1,79.93,71.53,0.6712,0.7676,0.2324,0.7037037037037037
design_24_seq_1,design_01_s0,design_01,ok,steered,0.0,3,29.275,,,2,1,79.75999999999999,69.72,0.8089,0.8481,0.4745,0.4838709677419355
design_24_seq_1,design_01_s2,design_01,ok,steered,2.0,3,29.352,,,3,1,80.27,73.47,0.7676,0.8068,0.3868,0.3823529411764705
design_25_seq_0,initial,initial,initial,cold_start,,0,7.072,,,0,1,74.21,66.84,0.8892,0.917,0.6983,0.5151515151515151
design_25_seq_0,design_02_s2,design_02,ok,steered,2.0,3,4.57,9.084,pose_collapses,2,1,70.19,64.82,0.8589,0.8691,0.5024,0.5
design_25_seq_0,design_00_s0,design_00,ok,steered,0.0,3,4.766,8.304,pose_collapses,1,1,82.57,78.99000000000001,0.8636,0.8919,0.614,0.5862068965517241
design_25_seq_0,design_02_s1,design_02,ok,steered,1.0,3,5.353,11.143,pose_collapses,1,1,79.67,75.73,0.6992,0.7435,0.1857,0.5
design_25_seq_0,design_01_s0,design_01,ok,steered,0.0,3,5.96,27.933,pose_collapses,2,1,76.83,68.66,0.783,0.8528,0.3785,0.6785714285714286
design_25_seq_0,design_01_s2,design_01,ok,steered,2.0,3,6.091,,,2,1,83.08,77.59,0.7673,0.8383,0.362,0.6785714285714286
design_25_seq_0,design_00_s1,design_00,ok,steered,1.0,3,8.414,,,2,1,77.69,69.75,0.8665,0.9027,0.6301,0.5161290322580645
design_25_seq_0,design_01_s1,design_01,ok,steered,1.0,3,16.553,,,1,1,81.65,75.92999999999999,0.718,0.8215,0.268,0.4285714285714285
design_25_seq_0,design_00_s2,design_00,ok,steered,2.0,3,12.319,,,2,0,78.46,70.24000000000001,0.8476,0.8919,0.5642,0.53125
design_25_seq_0,design_02_s0,design_02,ok,steered,0.0,3,14.645,,,2,0,75.3,68.76,0.5304,0.7057,0.0643,0.4285714285714285
design_25_seq_1,initial,initial,initial,cold_start,,0,10.132,,,0,1,68.45,63.05,0.4596,0.6618,0.0031,0.5333333333333333
design_25_seq_1,design_01_s0,design_01,ok,steered,0.0,3,9.108,,,2,0,63.68000000000001,58.32000000000001,0.4613,0.6406,0.0109,0.5714285714285714
design_25_seq_1,design_02_s2,design_02,ok,steered,2.0,3,14.374,,,2,0,77.25999999999999,70.3,0.2915,0.5507,0.003,0.3793103448275862
design_25_seq_1,design_01_s2,design_01,ok,steered,2.0,3,19.132,,,1,0,68.57,62.25000000000001,0.6688,0.7908,0.1944,0.4516129032258064
design_25_seq_1,design_02_s0,design_02,ok,steered,0.0,3,20.279,,,1,0,69.64,62.5,0.2815,0.5438,0.0,0.4375
design_25_seq_1,design_00_s1,design_00,ok,steered,1.0,3,21.262,,,0,0,72.98,64.33,0.2473,0.5382,0.0027,0.5
design_25_seq_1,design_00_s0,design_00,ok,steered,0.0,3,22.682,,,0,0,75.96000000000001,67.69,0.272,0.5262,0.0028,0.5
design_25_seq_1,design_00_s2,design_00,ok,steered,2.0,3,22.78,,,0,0,73.4,66.17,0.2424,0.5145,0.0,0.4375
design_25_seq_1,design_01_s1,design_01,ok,steered,1.0,3,23.173,,,1,0,70.8,67.17,0.8579,0.8946,0.6306,0.4418604651162791
design_25_seq_1,design_02_s1,design_02,ok,steered,1.0,3,23.198,,,1,0,74.46000000000001,68.38,0.8248,0.8739,0.5034,0.3157894736842105
design_26_seq_0,initial,initial,initial,cold_start,0.0,0,2.848,,,0,1,89.09,86.29,0.9193,0.9276,0.7593,0.6296296296296297
design_26_seq_0,initial_s2,initial,initial,cold_start,2.0,0,1.781,,,0,1,93.30000000000001,92.10000000000001,0.8939,0.9077,0.7506,0.7692307692307693
design_26_seq_0,initial_s1,initial,initial,cold_start,1.0,0,2.718,,,0,1,89.53999999999999,86.3,0.9316,0.9384,0.8056,0.6428571428571429
design_26_seq_1,initial,initial,initial,cold_start,0.0,0,1.168,,,0,1,93.8,91.71000000000001,0.9265,0.9438,0.8516,0.7777777777777778
design_26_seq_1,initial_s1,initial,initial,cold_start,1.0,0,1.514,,,0,1,93.86,91.75,0.9234,0.9416,0.843,0.8076923076923077
design_26_seq_1,initial_s2,initial,initial,cold_start,2.0,0,1.402,,,0,1,94.05,92.10000000000001,0.9163,0.9348,0.8242,0.7777777777777778
design_27_seq_0,initial,initial,initial,cold_start,,0,1.295,,,0,1,82.48,71.36,0.7493,0.8437,0.3359,0.6956521739130435
design_27_seq_0,design_01_s2,design_01,ok,steered,2.0,3,1.531,1.856,pose_holds,3,1,85.36,79.08,0.8575,0.8893,0.5276,0.7142857142857143
design_27_seq_0,design_00_s0,design_00,ok,steered,0.0,3,6.248,,,1,1,80.67,74.1,0.8489,0.8687,0.5787,0.6153846153846154
design_27_seq_0,design_02_s2,design_02,ok,steered,2.0,3,7.251,,,1,1,87.86,84.95,0.8925,0.9073,0.772,0.5357142857142857
design_27_seq_0,design_00_s2,design_00,ok,steered,2.0,3,7.38,,,1,1,79.2,71.6,0.8197,0.8555,0.4983,0.6
design_27_seq_0,design_02_s1,design_02,ok,steered,1.0,3,7.748,,,1,1,88.08,86.2,0.8904,0.904,0.7706,0.4642857142857143
design_27_seq_0,design_02_s0,design_02,ok,steered,0.0,3,7.785,,,1,1,87.64999999999999,84.78999999999999,0.9026,0.9147,0.8014,0.5714285714285714
design_27_seq_0,design_00_s1,design_00,ok,steered,1.0,3,8.002,,,1,1,82.48,75.71,0.8499,0.8749,0.5997,0.64
design_27_seq_0,design_01_s0,design_01,ok,steered,0.0,3,30.136,,,2,1,83.97,76.24,0.8381,0.8819,0.5078,0.3928571428571428
design_27_seq_0,design_01_s1,design_01,ok,steered,1.0,3,28.293,,,2,0,86.29,82.19,0.8174,0.8596,0.4856,0.3703703703703703
design_27_seq_1,initial,initial,initial,cold_start,,0,2.405,,,0,1,84.59,76.09,0.7643,0.8336,0.339,0.5416666666666666
design_27_seq_1,design_01_s1,design_01,ok,steered,1.0,3,1.833,29.91,pose_collapses,3,1,86.98,81.04,0.9022,0.9127,0.7722,0.6521739130434783
design_27_seq_1,design_01_s2,design_01,ok,steered,2.0,3,2.073,8.993,pose_collapses,2,1,85.78,79.02,0.8889,0.9017,0.7366,0.625
design_27_seq_1,design_01_s0,design_01,ok,steered,0.0,3,3.673,29.776,pose_collapses,3,1,85.98,80.5,0.9029,0.9128,0.7917,0.6666666666666666
design_27_seq_1,design_00_s2,design_00,ok,steered,2.0,3,28.589,,,1,1,87.22999999999999,82.02000000000001,0.8777,0.911,0.6319,0.5
design_27_seq_1,design_02_s0,design_02,ok,steered,0.0,3,28.997,,,1,1,86.05000000000001,79.01,0.7658,0.8224,0.2974,0.4444444444444444
design_27_seq_1,design_02_s2,design_02,ok,steered,2.0,3,29.102,,,1,1,86.57000000000001,80.25,0.7667,0.8159,0.283,0.4615384615384615
design_27_seq_1,design_00_s0,design_00,ok,steered,0.0,3,29.212,,,1,1,86.38,79.79,0.8609,0.898,0.5563,0.4444444444444444
design_27_seq_1,design_02_s1,design_02,ok,steered,1.0,3,29.571,,,1,1,86.11999999999999,78.5,0.8158,0.8615,0.4015,0.4444444444444444
design_27_seq_1,design_00_s1,design_00,ok,steered,1.0,3,29.711,,,1,1,86.76,79.75,0.8498,0.894,0.5153,0.48
design_28_seq_0,initial,initial,initial,cold_start,,0,27.265,,,0,1,87.35000000000001,81.52000000000001,0.8645,0.8828,0.6455,0.5
design_28_seq_0,design_01_s2,design_01,ok,steered,2.0,3,1.957,27.893,pose_collapses,2,1,87.28,84.44,0.9184,0.9296,0.8296,0.7083333333333334
design_28_seq_0,design_01_s0,design_01,ok,steered,0.0,3,2.503,30.622,pose_collapses,2,1,86.57000000000001,84.00999999999999,0.8593,0.8682,0.6398,0.6666666666666666
design_28_seq_0,design_01_s1,design_01,ok,steered,1.0,3,2.96,28.181,pose_collapses,2,1,87.17,85.14,0.8301,0.8466,0.5944,0.6666666666666666
design_28_seq_0,design_02_s2,design_02,ok,steered,2.0,3,27.861,,,3,1,82.22,74.2,0.7934,0.8437,0.4267,0.4642857142857143
design_28_seq_0,design_00_s2,design_00,ok,steered,2.0,3,28.648,,,2,1,81.94,74.16,0.8825,0.8834,0.6935,0.4838709677419355
design_28_seq_0,design_02_s1,design_02,ok,steered,1.0,3,28.744,,,3,1,83.63000000000001,74.59,0.7185,0.7714,0.3132,0.3548387096774194
design_28_seq_0,design_02_s0,design_02,ok,steered,0.0,3,29.162,,,3,1,83.78,75.09,0.7399,0.8013,0.3243,0.3870967741935484
design_28_seq_0,design_00_s1,design_00,ok,steered,1.0,3,31.121,,,2,0,85.99,82.65,0.9128,0.9201,0.8,0.3548387096774194
design_28_seq_0,design_00_s0,design_00,ok,steered,0.0,3,31.175,,,3,0,82.64,78.78,0.9,0.9086,0.7635,0.2758620689655172
design_28_seq_1,initial,initial,initial,cold_start,,0,28.022,,,0,1,87.0,80.89,0.8522,0.8719,0.6006,0.5185185185185185
design_28_seq_1,design_00_s2,design_00,ok,steered,2.0,3,1.401,28.184,pose_collapses,2,1,85.86,79.61,0.8603,0.9037,0.6274,0.6153846153846154
design_28_seq_1,design_02_s1,design_02,ok,steered,1.0,3,26.737,,,3,1,85.89,80.81,0.8797,0.8834,0.7156,0.4
design_28_seq_1,design_02_s0,design_02,ok,steered,0.0,3,26.851,,,3,1,87.68,85.13,0.8894,0.8922,0.7311,0.4827586206896552
design_28_seq_1,design_02_s2,design_02,ok,steered,2.0,3,26.856,,,3,1,85.72999999999999,82.98,0.8649,0.86,0.7022,0.4516129032258064
design_28_seq_1,design_01_s2,design_01,ok,steered,2.0,3,28.119,,,2,1,82.19999999999999,78.88,0.8041,0.8207,0.516,0.303030303030303
design_28_seq_1,design_00_s0,design_00,ok,steered,0.0,3,28.222,,,3,1,84.47,76.78,0.88,0.9031,0.6893,0.5172413793103449
design_28_seq_1,design_01_s0,design_01,ok,steered,0.0,3,28.393,,,2,1,83.36,79.84,0.7811,0.7892,0.4265,0.3235294117647059
design_28_seq_1,design_01_s1,design_01,ok,steered,1.0,3,28.44,,,2,1,83.91999999999999,81.62,0.8313,0.835,0.5507,0.34375
design_28_seq_1,design_00_s1,design_00,ok,steered,1.0,3,28.69,,,3,1,82.62,72.08,0.8474,0.8841,0.5334,0.5
design_29_seq_0,initial,initial,initial,cold_start,0.0,0,4.257,,,0,1,86.75,85.14,0.8006,0.8264,0.4754,0.68
design_29_seq_0,initial_s2,initial,initial,cold_start,2.0,0,4.03,,,0,1,86.26,84.22,0.8003,0.8282,0.4731,0.68
design_29_seq_0,initial_s1,initial,initial,cold_start,1.0,0,2.039,,,0,1,87.33,85.42,0.8277,0.8431,0.5884,0.5357142857142857
design_29_seq_1,initial,initial,initial,cold_start,,0,27.968,,,0,0,83.89999999999999,76.4,0.8476,0.8925,0.6044,0.4642857142857143
design_29_seq_1,design_02_s2,design_02,ok,steered,2.0,3,2.467,1.665,pose_holds,1,1,86.33999999999999,82.33,0.8438,0.892,0.5734,0.76
design_29_seq_1,design_01_s0,design_01,ok,steered,0.0,3,2.522,,,0,1,90.59,87.07000000000001,0.9114,0.9307,0.7873,0.7916666666666666
design_29_seq_1,design_02_s1,design_02,ok,steered,1.0,3,3.173,2.127,pose_holds,1,1,86.86,82.56,0.8029,0.8663,0.4702,0.7307692307692307
design_29_seq_1,design_01_s1,design_01,ok,steered,1.0,3,2.659,1.879,pose_holds,1,1,89.59,85.94000000000001,0.9,0.9168,0.7655,0.6923076923076923
design_29_seq_1,design_01_s2,design_01,ok,steered,2.0,3,2.766,,,0,1,89.64,86.14,0.9174,0.9364,0.8003,0.7037037037037037
design_29_seq_1,design_02_s0,design_02,ok,steered,0.0,3,25.216,,,2,1,81.14,77.03,0.8618,0.9005,0.7063,0.4642857142857143
design_29_seq_1,design_00_s1,design_00,ok,steered,1.0,3,27.529,,,3,0,87.24,82.88,0.8672,0.8816,0.6798,0.3125
design_29_seq_1,design_00_s2,design_00,ok,steered,2.0,3,28.049,,,3,0,86.52,82.71,0.8788,0.8983,0.7374,0.2903225806451613
design_29_seq_1,design_00_s0,design_00,ok,steered,0.0,3,28.154,,,2,0,87.22,85.92,0.861,0.8768,0.6623,0.2758620689655172
design_2_seq_0,initial,initial,initial,cold_start,0.0,0,1.846,,,0,1,91.02,88.97,0.9071,0.9227,0.8086,0.52
design_2_seq_0,initial_s2,initial,initial,cold_start,2.0,0,3.352,,,0,1,91.05,89.35,0.915,0.927,0.8261,0.6521739130434783
design_2_seq_0,initial_s1,initial,initial,cold_start,1.0,0,1.56,,,0,1,90.64999999999999,87.96000000000001,0.8968,0.9123,0.7783,0.5416666666666666
design_2_seq_1,initial,initial,initial,cold_start,,0,28.544,,,0,1,90.32,85.8,0.8432,0.8553,0.5627,0.4814814814814814
design_2_seq_1,design_00_s2,design_00,ok,steered,2.0,3,2.326,28.515,pose_collapses,2,1,86.50999999999999,81.33,0.8616,0.8936,0.6339,0.5833333333333334
design_2_seq_1,design_00_s1,design_00,ok,steered,1.0,3,2.627,28.46,pose_collapses,2,1,88.88000000000001,84.86,0.8745,0.9081,0.6866,0.6
design_2_seq_1,design_00_s0,design_00,ok,steered,0.0,3,3.36,28.395,pose_collapses,2,1,88.81,85.47,0.9094,0.9324,0.8036,0.5769230769230769
design_2_seq_1,design_01_s1,design_01,ok,steered,1.0,3,4.998,27.428,pose_collapses,2,1,77.97,76.07000000000001,0.8477,0.8466,0.5438,0.4444444444444444
design_2_seq_1,design_01_s2,design_01,ok,steered,2.0,3,5.907,27.068,pose_collapses,2,1,82.73,82.12,0.8924,0.8926,0.7217,0.4642857142857143
design_2_seq_1,design_01_s0,design_01,ok,steered,0.0,3,8.077,,,2,1,78.97999999999999,78.56,0.7715,0.7764,0.3774,0.4666666666666667
design_2_seq_1,design_02_s0,design_02,ok,steered,0.0,3,29.305,,,3,0,83.71,77.42999999999999,0.8142,0.8425,0.5639,0.44
design_2_seq_1,design_02_s2,design_02,ok,steered,2.0,3,29.978,,,3,0,83.38,77.75999999999999,0.8528,0.8716,0.6227,0.44
design_2_seq_1,design_02_s1,design_02,ok,steered,1.0,3,30.044,,,3,0,83.94,78.79,0.808,0.8352,0.5471,0.3846153846153846
design_30_seq_0,initial,initial,initial,cold_start,,0,29.564,,,0,1,87.28,80.7,0.8309,0.8429,0.5443,0.4333333333333333
design_30_seq_0,design_01_s1,design_01,ok,steered,1.0,3,1.432,,,0,1,91.53,88.6,0.9148,0.9257,0.7784,0.76
design_30_seq_0,design_01_s2,design_01,ok,steered,2.0,3,1.787,,,0,1,90.83,87.94999999999999,0.9273,0.9377,0.8251,0.76
design_30_seq_0,design_02_s0,design_02,ok,steered,0.0,3,1.168,1.88,pose_holds,0,1,85.09,78.9,0.6993,0.8094,0.2356,0.72
design_30_seq_0,design_00_s2,design_00,ok,steered,2.0,3,1.875,2.335,pose_holds,1,1,88.89,86.11999999999999,0.924,0.926,0.8046,0.6428571428571429
design_30_seq_0,design_00_s1,design_00,ok,steered,1.0,3,1.546,1.859,pose_holds,1,1,89.51,87.5,0.9284,0.9311,0.8286,0.5925925925925926
design_30_seq_0,design_01_s0,design_01,ok,steered,0.0,3,2.038,,,0,1,91.12,89.53,0.9256,0.9344,0.8409,0.5925925925925926
design_30_seq_0,design_00_s0,design_00,ok,steered,0.0,3,1.691,2.255,pose_holds,1,1,89.57000000000001,86.83999999999999,0.9357,0.9425,0.8575,0.5925925925925926
design_30_seq_0,design_02_s2,design_02,ok,steered,2.0,3,2.735,2.879,pose_holds,1,1,85.71,79.72,0.7507,0.8342,0.2875,0.5925925925925926
design_30_seq_0,design_02_s1,design_02,ok,steered,1.0,3,2.161,2.725,pose_holds,1,1,86.22999999999999,80.17999999999999,0.7153,0.8133,0.2419,0.5769230769230769
design_30_seq_1,initial,initial,initial,cold_start,,0,27.676,,,0,1,87.6,80.78999999999999,0.7348,0.8275,0.3501,0.4827586206896552
design_30_seq_1,design_02_s0,design_02,ok,steered,0.0,3,2.712,1.836,pose_holds,2,1,85.75,79.60000000000001,0.7528,0.8355,0.3192,0.6923076923076923
design_30_seq_1,design_00_s0,design_00,ok,steered,0.0,3,2.353,1.946,pose_holds,1,1,89.51,89.05999999999999,0.9285,0.9334,0.8485,0.64
design_30_seq_1,design_02_s1,design_02,ok,steered,1.0,3,1.576,28.927,pose_collapses,2,1,85.39,79.52,0.7682,0.8507,0.3471,0.6538461538461539
design_30_seq_1,design_01_s0,design_01,ok,steered,0.0,3,1.844,29.559,pose_collapses,1,1,92.73,92.07,0.9397,0.9483,0.8766,0.75
design_30_seq_1,design_00_s1,design_00,ok,steered,1.0,3,1.88,25.718,pose_collapses,1,1,88.9,87.42,0.9387,0.9438,0.8765,0.72
design_30_seq_1,design_01_s1,design_01,ok,steered,1.0,3,2.157,28.523,pose_collapses,1,1,92.27,90.86999999999999,0.9465,0.954,0.887,0.782608695652174
design_30_seq_1,design_01_s2,design_01,ok,steered,2.0,3,2.221,43.015,pose_collapses,1,1,92.86999999999999,92.71000000000001,0.9287,0.9373,0.8514,0.7083333333333334
design_30_seq_1,design_02_s2,design_02,ok,steered,2.0,3,2.97,27.334,pose_collapses,2,1,85.85000000000001,79.39,0.7601,0.8424,0.3321,0.6923076923076923
design_30_seq_1,design_00_s2,design_00,ok,steered,2.0,3,3.098,25.722,pose_collapses,1,1,89.45,89.02,0.9297,0.9343,0.8504,0.6666666666666666
design_31_seq_0,initial,initial,initial,cold_start,0.0,0,1.86,,,0,1,89.91,86.74,0.8335,0.8674,0.5528,0.782608695652174
design_31_seq_0,initial_s2,initial,initial,cold_start,2.0,0,1.676,,,0,1,88.08,83.02000000000001,0.8016,0.848,0.4427,0.8333333333333334
design_31_seq_0,initial_s1,initial,initial,cold_start,1.0,0,2.338,,,0,1,89.48,85.72,0.8043,0.8564,0.4673,0.7916666666666666
design_31_seq_1,initial,initial,initial,cold_start,,0,1.279,,,0,1,79.34,70.52000000000001,0.614,0.7597,0.1254,0.6923076923076923
design_31_seq_1,design_02_s2,design_02,ok,steered,2.0,3,3.243,,,0,1,77.88000000000001,66.28,0.5645,0.7086,0.0708,0.7727272727272727
design_31_seq_1,design_00_s2,design_00,ok,steered,2.0,3,2.722,2.457,pose_holds,2,1,72.11,64.5,0.7941,0.8655,0.4511,0.7083333333333334
design_31_seq_1,design_00_s1,design_00,ok,steered,1.0,3,3.823,2.419,pose_holds,3,1,73.55000000000001,66.02,0.6432,0.773,0.1611,0.68
design_31_seq_1,design_02_s0,design_02,ok,steered,0.0,3,3.389,2.85,pose_holds,1,1,79.99000000000001,71.19,0.5581,0.6956,0.0525,0.6153846153846154
design_31_seq_1,design_02_s1,design_02,ok,steered,1.0,3,2.653,26.478,pose_collapses,2,1,81.84,73.91,0.6088,0.7401,0.142,0.5384615384615384
design_31_seq_1,design_00_s0,design_00,ok,steered,0.0,3,7.943,,,3,1,72.33000000000001,65.61,0.7368,0.8293,0.292,0.3870967741935484
design_31_seq_1,design_01_s0,design_01,ok,steered,0.0,3,9.883,,,2,0,74.64,63.04,0.8177,0.8794,0.5098,0.6
design_31_seq_1,design_01_s1,design_01,ok,steered,1.0,3,27.697,,,1,0,72.11,64.53999999999999,0.7628,0.8132,0.3819,0.4285714285714285
design_31_seq_1,design_01_s2,design_01,ok,steered,2.0,3,30.452,,,1,0,72.48,66.99000000000001,0.8861,0.8875,0.6579,0.34375
design_32_seq_0,initial,initial,initial,cold_start,,0,3.2,,,0,1,85.2,80.54,0.8509,0.8968,0.6037,0.5357142857142857
design_32_seq_0,design_02_s1,design_02,ok,steered,1.0,3,5.488,5.54,pose_collapses,1,1,82.83,80.63,0.826,0.8727,0.4915,0.5416666666666666
design_32_seq_0,design_00_s0,design_00,ok,steered,0.0,3,7.659,,,2,1,88.06,85.25,0.8921,0.9176,0.7336,0.5172413793103449
design_32_seq_0,design_01_s1,design_01,ok,steered,1.0,3,8.056,,,1,1,83.5,78.97,0.6689,0.7668,0.1977,0.5769230769230769
design_32_seq_0,design_01_s0,design_01,ok,steered,0.0,3,8.544,,,1,1,87.81,85.53,0.8402,0.8658,0.5296,0.5357142857142857
design_32_seq_0,design_01_s2,design_01,ok,steered,2.0,3,8.937,,,1,1,87.81,85.84,0.8414,0.871,0.585,0.5
design_32_seq_0,design_00_s1,design_00,ok,steered,1.0,3,28.518,,,0,1,87.83999999999999,83.45,0.813,0.8375,0.4112,0.4137931034482758
design_32_seq_0,design_02_s0,design_02,ok,steered,0.0,3,5.117,,,2,0,87.33,84.55,0.8564,0.8945,0.599,0.64
design_32_seq_0,design_02_s2,design_02,ok,steered,2.0,3,7.01,,,2,0,84.3,81.3,0.8559,0.8949,0.5754,0.5555555555555556
design_32_seq_0,design_00_s2,design_00,ok,steered,2.0,3,29.461,,,0,0,89.09,86.91,0.8549,0.8764,0.6263,0.3235294117647059
design_32_seq_1,initial,initial,initial,cold_start,,0,7.757,,,0,0,83.17999999999999,81.92,0.8702,0.8723,0.6213,0.5555555555555556
design_32_seq_1,design_02_s2,design_02,ok,steered,2.0,3,4.088,,,0,1,82.37,73.35000000000001,0.6354,0.769,0.2038,0.7272727272727273
design_32_seq_1,design_00_s2,design_00,ok,steered,2.0,3,5.742,1.798,pose_holds,2,1,83.48,78.63,0.5763,0.6906,0.1581,0.6071428571428571
design_32_seq_1,design_02_s1,design_02,ok,steered,1.0,3,4.05,,,0,1,85.50999999999999,78.73,0.7402,0.829,0.3591,0.5833333333333334
design_32_seq_1,design_00_s1,design_00,ok,steered,1.0,3,7.516,,,1,1,82.45,77.85,0.6633,0.7432,0.2207,0.5517241379310345
design_32_seq_1,design_00_s0,design_00,ok,steered,0.0,3,7.637,,,2,1,85.2,82.86,0.5434,0.6704,0.1391,0.5172413793103449
design_32_seq_1,design_02_s0,design_02,ok,steered,0.0,3,7.98,,,1,1,80.85,76.33,0.856,0.9036,0.666,0.5555555555555556
design_32_seq_1,design_01_s2,design_01,ok,steered,2.0,3,8.163,,,2,1,91.25999999999999,89.51,0.9039,0.9186,0.8178,0.6
design_32_seq_1,design_01_s1,design_01,ok,steered,1.0,3,8.427,,,2,1,93.0,92.67999999999999,0.9136,0.9262,0.8378,0.5555555555555556
design_32_seq_1,design_01_s0,design_01,ok,steered,0.0,3,8.795,,,2,1,91.36999999999999,90.3,0.9056,0.9179,0.8136,0.5555555555555556
design_33_seq_0,initial,initial,initial,cold_start,,0,1.727,,,0,1,69.05,62.580000000000005,0.8755,0.8932,0.5878,0.5333333333333333
design_33_seq_0,design_00_s1,design_00,ok,steered,1.0,3,5.774,1.748,pose_holds,3,1,75.14,68.75,0.886,0.9036,0.6467,0.5333333333333333
design_33_seq_0,design_00_s2,design_00,ok,steered,2.0,3,7.125,,,3,1,75.73,68.82000000000001,0.8579,0.8869,0.5607,0.46875
design_33_seq_0,design_02_s0,design_02,ok,steered,0.0,3,7.808,,,3,1,70.04,62.41,0.732,0.7994,0.3436,0.5666666666666667
design_33_seq_0,design_02_s1,design_02,ok,steered,1.0,3,15.508,,,3,1,71.77,64.59,0.8032,0.862,0.4302,0.34375
design_33_seq_0,design_01_s1,design_01,ok,steered,1.0,3,8.049,,,2,0,72.36,66.4,0.8029,0.8477,0.4665,0.5517241379310345
design_33_seq_0,design_01_s2,design_01,ok,steered,2.0,3,10.029,,,2,0,64.64999999999999,55.58,0.5471,0.6853,0.1013,0.5357142857142857
design_33_seq_0,design_02_s2,design_02,ok,steered,2.0,3,10.961,,,1,0,71.12,61.71,0.8028,0.8281,0.4233,0.5172413793103449
design_33_seq_0,design_00_s0,design_00,ok,steered,0.0,3,14.099,,,1,0,77.4,69.25,0.8198,0.8735,0.5928,0.3870967741935484
design_33_seq_0,design_01_s0,design_01,ok,steered,0.0,3,24.513,,,2,0,68.58999999999999,60.29,0.7796,0.8351,0.4214,0.3333333333333333
design_33_seq_1,initial,initial,initial,cold_start,0.0,0,5.381,,,0,1,78.38000000000001,70.37,0.8359,0.8797,0.5241,0.5172413793103449
design_33_seq_1,initial_s2,initial,initial,cold_start,2.0,0,4.861,,,0,1,79.17999999999999,71.15,0.8793,0.9145,0.7035,0.4666666666666667
design_33_seq_1,initial_s1,initial,initial,cold_start,1.0,0,5.257,,,0,1,74.39,67.15,0.8822,0.9073,0.6533,0.5666666666666667
design_34_seq_0,initial,initial,initial,cold_start,,0,28.951,,,0,1,87.03,81.12,0.8563,0.8947,0.57,0.4
design_34_seq_0,design_01_s1,design_01,ok,steered,1.0,3,1.268,,,1,1,82.0,79.12,0.9067,0.9104,0.7863,0.5925925925925926
design_34_seq_0,design_00_s2,design_00,ok,steered,2.0,3,2.285,,,0,1,84.28,81.22,0.9117,0.9262,0.7989,0.5769230769230769
design_34_seq_0,design_00_s0,design_00,ok,steered,0.0,3,4.116,,,0,1,84.84,81.88,0.9319,0.9444,0.8651,0.6296296296296297
design_34_seq_0,design_00_s1,design_00,ok,steered,1.0,3,4.489,,,0,1,83.8,81.11,0.9188,0.9335,0.835,0.5769230769230769
design_34_seq_0,design_01_s2,design_01,ok,steered,2.0,3,1.462,29.704,pose_collapses,1,1,85.39999999999999,82.74000000000001,0.896,0.8981,0.7108,0.5384615384615384
design_34_seq_0,design_01_s0,design_01,ok,steered,0.0,3,2.031,28.526,pose_collapses,1,1,82.05,76.8,0.9163,0.9225,0.8183,0.5
design_34_seq_0,design_02_s1,design_02,ok,steered,1.0,3,26.039,,,3,0,77.32,72.21,0.7834,0.8206,0.463,0.2571428571428571
design_34_seq_0,design_02_s0,design_02,ok,steered,0.0,3,26.674,,,2,0,79.54,75.96000000000001,0.7886,0.8254,0.4587,0.2903225806451613
design_34_seq_0,design_02_s2,design_02,ok,steered,2.0,3,27.43,,,3,0,78.94,73.53,0.7675,0.8276,0.422,0.25
design_34_seq_1,initial,initial,initial,cold_start,0.0,0,3.33,,,0,1,90.92,87.38,0.8902,0.9127,0.6919,0.7083333333333334
design_34_seq_1,initial_s1,initial,initial,cold_start,1.0,0,2.872,,,0,1,90.9,87.22999999999999,0.8798,0.9066,0.668,0.6666666666666666
design_34_seq_1,initial_s2,initial,initial,cold_start,2.0,0,2.477,,,0,1,90.63,86.98,0.8964,0.9177,0.7137,0.64
design_35_seq_0,initial,initial,initial,cold_start,0.0,0,2.373,,,0,1,91.22,87.18,0.9004,0.9184,0.7275,0.7727272727272727
design_35_seq_0,initial_s2,initial,initial,cold_start,2.0,0,1.778,,,0,1,91.64999999999999,87.33999999999999,0.91,0.9275,0.7588,0.7391304347826086
design_35_seq_0,initial_s1,initial,initial,cold_start,1.0,0,2.401,,,0,1,92.06,88.81,0.8951,0.9173,0.7183,0.6818181818181818
design_35_seq_1,initial,initial,initial,cold_start,,0,30.423,,,0,1,83.94,76.1,0.8886,0.9145,0.7226,0.4137931034482758
design_35_seq_1,design_01_s2,design_01,ok,steered,2.0,3,1.379,31.069,pose_collapses,2,1,79.29,73.1,0.8402,0.8601,0.5027,0.68
design_35_seq_1,design_01_s1,design_01,ok,steered,1.0,3,1.663,30.969,pose_collapses,2,1,79.93,73.99,0.8623,0.8759,0.5912,0.64
design_35_seq_1,design_01_s0,design_01,ok,steered,0.0,3,7.988,,,1,1,81.07,75.64,0.8617,0.8856,0.6814,0.5769230769230769
design_35_seq_1,design_00_s0,design_00,ok,steered,0.0,3,30.527,,,2,1,85.65,80.14,0.921,0.9314,0.8405,0.4516129032258064
design_35_seq_1,design_00_s1,design_00,ok,steered,1.0,3,30.558,,,2,1,83.31,75.64999999999999,0.8776,0.8885,0.7046,0.4838709677419355
design_35_seq_1,design_02_s1,design_02,ok,steered,1.0,3,30.615,,,3,1,83.28999999999999,75.11,0.8417,0.8579,0.6086,0.52
design_35_seq_1,design_00_s2,design_00,ok,steered,2.0,3,30.895,,,2,1,85.11999999999999,81.66,0.9202,0.9248,0.8142,0.3571428571428571
design_35_seq_1,design_02_s0,design_02,ok,steered,0.0,3,30.917,,,3,1,82.28999999999999,75.06,0.8565,0.883,0.6632,0.4814814814814814
design_35_seq_1,design_02_s2,design_02,ok,steered,2.0,3,31.826,,,3,1,81.0,72.83,0.8223,0.8411,0.5726,0.4137931034482758
design_36_seq_0,initial,initial,initial,cold_start,,0,8.093,,,0,1,81.39,78.21000000000001,0.8865,0.8938,0.7417,0.5862068965517241
design_36_seq_0,design_00_s2,design_00,ok,steered,2.0,3,5.777,7.029,pose_collapses,2,1,80.04,78.53999999999999,0.6348,0.7018,0.1541,0.6296296296296297
design_36_seq_0,design_01_s1,design_01,ok,steered,1.0,3,7.286,,,3,1,85.47,83.47,0.8527,0.8695,0.6464,0.5862068965517241
design_36_seq_0,design_00_s0,design_00,ok,steered,0.0,3,7.3,,,3,1,80.95,79.32000000000001,0.6212,0.6786,0.1366,0.6
design_36_seq_0,design_01_s0,design_01,ok,steered,0.0,3,7.842,,,3,1,85.49,83.97,0.8724,0.8873,0.6847,0.6071428571428571
design_36_seq_0,design_00_s1,design_00,ok,steered,1.0,3,8.217,,,3,1,81.56,78.64,0.7125,0.7786,0.3061,0.6206896551724138
design_36_seq_0,design_01_s2,design_01,ok,steered,2.0,3,8.321,,,3,1,87.02,84.89999999999999,0.9205,0.9268,0.8203,0.6206896551724138
design_36_seq_0,design_02_s0,design_02,ok,steered,0.0,3,12.285,,,2,0,68.22,62.11,0.7082,0.7915,0.2699,0.5517241379310345
design_36_seq_0,design_02_s1,design_02,ok,steered,1.0,3,16.62,,,0,0,62.96000000000001,59.699999999999996,0.8375,0.8762,0.5323,0.40625
design_36_seq_0,design_02_s2,design_02,ok,steered,2.0,3,23.087,,,0,0,68.28999999999999,66.47999999999999,0.8701,0.8908,0.5856,0.4166666666666667
design_36_seq_1,initial,initial,initial,cold_start,,0,26.358,,,0,1,89.67,84.95,0.8272,0.8815,0.5474,0.5862068965517241
design_36_seq_1,design_02_s2,design_02,ok,steered,2.0,3,1.608,2.151,pose_holds,1,1,92.24,88.85,0.9207,0.9381,0.8243,0.7692307692307693
design_36_seq_1,design_02_s0,design_02,ok,steered,0.0,3,1.84,2.005,pose_holds,1,1,91.56,87.94,0.9275,0.9421,0.8372,0.76
design_36_seq_1,design_00_s2,design_00,ok,steered,2.0,3,2.041,2.686,pose_holds,1,1,89.52,84.44,0.9272,0.9366,0.8465,0.7692307692307693
design_36_seq_1,design_02_s1,design_02,ok,steered,1.0,3,2.362,2.925,pose_holds,1,1,92.43,88.96,0.9236,0.9396,0.8216,0.76
design_36_seq_1,design_00_s0,design_00,ok,steered,0.0,3,3.146,3.576,pose_holds,1,1,90.28,85.55,0.9254,0.9337,0.8402,0.76
design_36_seq_1,design_00_s1,design_00,ok,steered,1.0,3,3.036,2.688,pose_holds,1,1,89.12,83.38,0.9142,0.9244,0.813,0.6666666666666666
design_36_seq_1,design_01_s0,design_01,ok,steered,0.0,3,28.582,,,2,1,90.39,87.22999999999999,0.9108,0.9191,0.7481,0.4666666666666667
design_36_seq_1,design_01_s1,design_01,ok,steered,1.0,3,28.785,,,2,1,89.12,86.57000000000001,0.9263,0.9383,0.8423,0.4827586206896552
design_36_seq_1,design_01_s2,design_01,ok,steered,2.0,3,29.925,,,2,0,89.24,85.99,0.9439,0.9513,0.8647,0.4333333333333333
design_37_seq_0,initial,initial,initial,cold_start,0.0,0,4.94,,,0,1,84.15,82.15,0.8864,0.8874,0.6646,0.5185185185185185
design_37_seq_0,initial_s1,initial,initial,cold_start,1.0,0,3.064,,,0,1,81.93,78.45,0.8463,0.8608,0.5981,0.6129032258064516
design_37_seq_0,initial_s2,initial,initial,cold_start,2.0,0,3.319,,,0,1,83.49,78.51,0.8311,0.8552,0.5462,0.6206896551724138
design_37_seq_1,initial,initial,initial,cold_start,0.0,0,1.754,,,0,1,88.05,83.78,0.8555,0.8839,0.5986,0.782608695652174
design_37_seq_1,initial_s1,initial,initial,cold_start,1.0,0,1.713,,,0,1,88.58,82.75,0.8175,0.8594,0.4981,0.8260869565217391
design_37_seq_1,initial_s2,initial,initial,cold_start,2.0,0,2.129,,,0,1,87.14,82.24000000000001,0.884,0.9068,0.6686,0.7391304347826086
design_38_seq_0,initial,initial,initial,cold_start,,0,27.219,,,0,1,81.17,77.88000000000001,0.905,0.9119,0.7786,0.4516129032258064
design_38_seq_0,design_01_s0,design_01,ok,steered,0.0,3,1.347,,,0,1,91.03,88.02,0.8811,0.9177,0.6746,0.7692307692307693
design_38_seq_0,design_01_s1,design_01,ok,steered,1.0,3,1.655,,,0,1,90.91,87.96000000000001,0.8801,0.9107,0.6253,0.7692307692307693
design_38_seq_0,design_02_s1,design_02,ok,steered,1.0,3,2.14,,,0,1,76.98,72.48,0.7068,0.7831,0.2989,0.5357142857142857
design_38_seq_0,design_00_s1,design_00,ok,steered,1.0,3,2.883,2.834,pose_holds,1,1,84.37,82.26,0.8917,0.8965,0.7297,0.5517241379310345
design_38_seq_0,design_02_s0,design_02,ok,steered,0.0,3,4.169,,,0,1,79.3,75.76,0.7816,0.8265,0.3941,0.5172413793103449
design_38_seq_0,design_00_s0,design_00,ok,steered,0.0,3,1.365,29.763,pose_collapses,1,1,82.13000000000001,79.28,0.848,0.8485,0.5686,0.5357142857142857
design_38_seq_0,design_00_s2,design_00,ok,steered,2.0,3,2.127,32.595,pose_collapses,1,1,84.55,83.03,0.9116,0.9165,0.7871,0.5714285714285714
design_38_seq_0,design_02_s2,design_02,ok,steered,2.0,3,8.466,,,0,1,78.63,74.48,0.8486,0.8833,0.6212,0.6071428571428571
design_38_seq_0,design_01_s2,design_01,ok,steered,2.0,3,28.348,,,0,1,91.09,87.36,0.8771,0.8694,0.6277,0.3793103448275862
design_38_seq_1,initial,initial,initial,cold_start,,0,9.083,,,0,1,83.73,80.35,0.8639,0.8832,0.7016,0.4516129032258064
design_38_seq_1,design_00_s1,design_00,ok,steered,1.0,3,7.843,,,3,1,84.1,80.97999999999999,0.8642,0.8764,0.6437,0.4838709677419355
design_38_seq_1,design_02_s0,design_02,ok,steered,0.0,3,8.081,,,3,1,84.03,79.59,0.8976,0.8992,0.7414,0.5
design_38_seq_1,design_01_s1,design_01,ok,steered,1.0,3,8.145,,,3,1,79.62,77.02,0.6909,0.742,0.2528,0.4827586206896552
design_38_seq_1,design_02_s1,design_02,ok,steered,1.0,3,8.166,,,3,1,82.83,78.01,0.9068,0.9073,0.7652,0.4827586206896552
design_38_seq_1,design_00_s2,design_00,ok,steered,2.0,3,8.437,,,2,1,83.21,78.92,0.8756,0.8904,0.7133,0.4516129032258064
design_38_seq_1,design_01_s2,design_01,ok,steered,2.0,3,8.717,,,3,1,80.34,74.91,0.8471,0.869,0.6006,0.5384615384615384
design_38_seq_1,design_02_s2,design_02,ok,steered,2.0,3,9.125,,,3,1,84.22,79.33,0.9205,0.9245,0.8224,0.4642857142857143
design_38_seq_1,design_00_s0,design_00,ok,steered,0.0,3,5.912,,,2,0,81.87,79.81,0.9127,0.9176,0.8082,0.6538461538461539
design_38_seq_1,design_01_s0,design_01,ok,steered,0.0,3,7.518,,,3,0,79.28,73.94,0.8772,0.8836,0.6452,0.5357142857142857
design_39_seq_0,initial,initial,initial,cold_start,0.0,0,1.324,,,0,1,94.39,93.45,0.9389,0.9516,0.8814,0.8636363636363636
design_39_seq_0,initial_s1,initial,initial,cold_start,1.0,0,0.768,,,0,1,94.45,93.27,0.9331,0.9465,0.8693,0.7916666666666666
design_39_seq_0,initial_s2,initial,initial,cold_start,2.0,0,1.238,,,0,1,94.75,93.65,0.9359,0.95,0.8746,0.76
design_39_seq_1,initial,initial,initial,cold_start,0.0,0,1.609,,,0,1,93.5,93.11,0.9492,0.9587,0.8976,0.782608695652174
design_39_seq_1,initial_s2,initial,initial,cold_start,2.0,0,1.49,,,0,1,93.76,93.7,0.9532,0.9637,0.9063,0.7916666666666666
design_39_seq_1,initial_s1,initial,initial,cold_start,1.0,0,2.102,,,0,1,93.45,93.26,0.9428,0.954,0.8858,0.75
design_3_seq_0,initial,initial,initial,cold_start,,0,28.434,,,0,1,89.82,87.2,0.8969,0.9157,0.7832,0.4137931034482758
design_3_seq_0,design_01_s0,design_01,ok,steered,0.0,3,26.425,,,3,1,84.17,78.72,0.842,0.8304,0.584,0.3225806451612903
design_3_seq_0,design_01_s1,design_01,ok,steered,1.0,3,26.582,,,3,1,84.07,78.53999999999999,0.825,0.8136,0.544,0.3333333333333333
design_3_seq_0,design_01_s2,design_01,ok,steered,2.0,3,27.676,,,3,1,83.12,78.53999999999999,0.8476,0.8558,0.648,0.34375
design_3_seq_0,design_00_s0,design_00,ok,steered,0.0,3,27.783,,,3,1,90.34,87.87,0.924,0.9387,0.8304,0.4193548387096774
design_3_seq_0,design_02_s2,design_02,ok,steered,2.0,3,27.968,,,3,1,91.24,89.25,0.9264,0.9445,0.8519,0.4482758620689655
design_3_seq_0,design_02_s0,design_02,ok,steered,0.0,3,28.101,,,3,1,90.44,87.79,0.8994,0.9155,0.7628,0.4482758620689655
design_3_seq_0,design_02_s1,design_02,ok,steered,1.0,3,28.109,,,3,1,90.59,88.29,0.9178,0.9387,0.8414,0.4333333333333333
design_3_seq_0,design_00_s2,design_00,ok,steered,2.0,3,28.142,,,3,1,89.79,87.58,0.924,0.9322,0.8053,0.4482758620689655
design_3_seq_0,design_00_s1,design_00,ok,steered,1.0,3,28.15,,,3,1,89.79,87.92,0.9198,0.938,0.8278,0.4666666666666667
design_3_seq_1,initial,initial,initial,cold_start,,0,27.675,,,0,0,85.07000000000001,83.32000000000001,0.8557,0.8666,0.6807,0.3157894736842105
design_3_seq_1,design_02_s1,design_02,ok,steered,1.0,6,3.613,27.938,pose_collapses,4,1,68.39,62.03999999999999,0.8795,0.9178,0.7136,0.6
design_3_seq_1,design_02_s2,design_02,ok,steered,2.0,6,3.726,28.77,pose_collapses,1,1,69.13,59.79,0.6392,0.7488,0.1766,0.52
design_3_seq_1,design_02_s0,design_02,ok,steered,0.0,6,4.857,28.957,pose_collapses,3,1,65.3,59.9,0.8207,0.8674,0.4695,0.5357142857142857
design_3_seq_1,design_00_s2,design_00,ok,steered,2.0,6,26.554,,,4,0,89.22,86.17,0.879,0.8555,0.637,0.4054054054054054
design_3_seq_1,design_00_s1,design_00,ok,steered,1.0,6,26.681,,,4,0,87.74,83.39999999999999,0.8756,0.862,0.6412,0.3333333333333333
design_3_seq_1,design_00_s0,design_00,ok,steered,0.0,6,27.585,,,5,0,87.85,85.27,0.8957,0.8702,0.6823,0.275
design_3_seq_1,design_01_s0,design_01,ok,steered,0.0,6,28.245,,,2,0,85.50999999999999,81.98,0.8461,0.8733,0.6549,0.3714285714285714
design_3_seq_1,design_01_s2,design_01,ok,steered,2.0,6,28.471,,,2,0,85.52,81.84,0.7738,0.8109,0.4707,0.3611111111111111
design_3_seq_1,design_01_s1,design_01,ok,steered,1.0,6,29.014,,,3,0,79.57,74.28,0.73,0.7714,0.4066,0.3333333333333333
design_40_seq_0,initial,initial,initial,cold_start,0.0,0,1.879,,,0,1,93.47999999999999,91.59,0.9432,0.9566,0.8862,0.76
design_40_seq_0,initial_s1,initial,initial,cold_start,1.0,0,1.381,,,0,1,93.46,91.75,0.9363,0.9509,0.8746,0.7307692307692307
design_40_seq_0,initial_s2,initial,initial,cold_start,2.0,0,1.425,,,0,1,93.62,92.0,0.9404,0.9546,0.878,0.7307692307692307
design_40_seq_1,initial,initial,initial,cold_start,0.0,0,1.535,,,0,1,92.12,89.51,0.9352,0.9497,0.8705,0.7916666666666666
design_40_seq_1,initial_s2,initial,initial,cold_start,2.0,0,1.594,,,0,1,91.43,88.2,0.938,0.9514,0.8682,0.782608695652174
design_40_seq_1,initial_s1,initial,initial,cold_start,1.0,0,2.016,,,0,1,91.64,88.7,0.9407,0.9514,0.8759,0.7916666666666666
design_41_seq_0,initial,initial,initial,cold_start,,0,1.928,,,0,1,74.36,65.81,0.8075,0.8528,0.4201,0.5925925925925926
design_41_seq_0,design_02_s2,design_02,ok,steered,2.0,3,2.8,7.607,pose_collapses,3,1,78.21000000000001,71.34,0.8782,0.8922,0.622,0.5769230769230769
design_41_seq_0,design_02_s1,design_02,ok,steered,1.0,3,3.02,12.553,pose_collapses,3,1,75.21,68.37,0.7,0.7595,0.2523,0.5185185185185185
design_41_seq_0,design_00_s2,design_00,ok,steered,2.0,3,3.98,8.826,pose_collapses,2,1,70.75,61.739999999999995,0.6844,0.796,0.2229,0.5555555555555556
design_41_seq_0,design_00_s0,design_00,ok,steered,0.0,3,7.432,,,3,1,72.43,64.96,0.7816,0.8563,0.4012,0.5
design_41_seq_0,design_01_s2,design_01,ok,steered,2.0,3,7.657,,,2,1,78.10000000000001,73.08,0.8827,0.9092,0.7117,0.5357142857142857
design_41_seq_0,design_01_s1,design_01,ok,steered,1.0,3,7.927,,,2,1,76.52,69.97,0.8842,0.8982,0.6857,0.5
design_41_seq_0,design_02_s0,design_02,ok,steered,0.0,3,10.551,,,1,1,72.04,67.12,0.7513,0.8144,0.3365,0.5
design_41_seq_0,design_00_s1,design_00,ok,steered,1.0,3,15.145,,,3,1,75.41,68.02,0.7649,0.8524,0.3521,0.3548387096774194
design_41_seq_0,design_01_s0,design_01,ok,steered,0.0,3,13.442,,,2,0,73.79,63.849999999999994,0.6969,0.8036,0.2377,0.3548387096774194
design_41_seq_1,initial,initial,initial,cold_start,,0,3.691,,,0,1,75.11,67.12,0.8809,0.9045,0.6503,0.5925925925925926
design_41_seq_1,design_01_s0,design_01,ok,steered,0.0,3,3.262,2.565,pose_holds,3,1,73.83,67.64,0.6827,0.7573,0.2664,0.5
design_41_seq_1,design_01_s1,design_01,ok,steered,1.0,3,3.833,9.569,pose_collapses,3,1,76.62,69.5,0.7582,0.8074,0.3704,0.5555555555555556
design_41_seq_1,design_01_s2,design_01,ok,steered,2.0,3,6.046,,,2,1,75.96000000000001,67.25999999999999,0.8412,0.87,0.5554,0.4137931034482758
design_41_seq_1,design_02_s2,design_02,ok,steered,2.0,3,8.27,,,2,1,77.32,70.61,0.8175,0.8646,0.4527,0.4666666666666667
design_41_seq_1,design_02_s0,design_02,ok,steered,0.0,3,8.274,,,1,1,70.39,65.31,0.6394,0.7709,0.1858,0.5384615384615384
design_41_seq_1,design_02_s1,design_02,ok,steered,1.0,3,8.88,,,2,1,77.7,71.91,0.8197,0.8666,0.4602,0.4516129032258064
design_41_seq_1,design_00_s2,design_00,ok,steered,2.0,3,17.775,,,1,0,83.82,76.1,0.2565,0.5178,0.0025,0.3235294117647059
design_41_seq_1,design_00_s1,design_00,ok,steered,1.0,3,21.849,,,2,0,81.28999999999999,75.14999999999999,0.3762,0.6079,0.0029,0.3548387096774194
design_41_seq_1,design_00_s0,design_00,ok,steered,0.0,3,22.681,,,0,0,83.54,76.06,0.3683,0.5919,0.0034,0.3103448275862069
design_42_seq_0,initial,initial,initial,cold_start,0.0,0,1.741,,,0,1,91.97999999999999,89.66,0.9224,0.9378,0.8405,0.7777777777777778
design_42_seq_0,initial_s2,initial,initial,cold_start,2.0,0,1.758,,,0,1,91.52,89.14,0.9375,0.9511,0.8756,0.75
design_42_seq_0,initial_s1,initial,initial,cold_start,1.0,0,1.847,,,0,1,92.42,90.86,0.9374,0.9495,0.8717,0.75
design_42_seq_1,initial,initial,initial,cold_start,0.0,0,1.107,,,0,1,81.37,73.55000000000001,0.6592,0.7737,0.2118,0.88
design_42_seq_1,initial_s1,initial,initial,cold_start,1.0,0,1.465,,,0,1,82.15,74.78,0.7282,0.8171,0.2873,0.8
design_42_seq_1,initial_s2,initial,initial,cold_start,2.0,0,1.499,,,0,1,82.39,76.03,0.6633,0.774,0.2345,0.75
design_43_seq_0,initial,initial,initial,cold_start,0.0,0,1.531,,,0,1,83.41,74.22,0.6124,0.7629,0.1344,0.7727272727272727
design_43_seq_0,initial_s1,initial,initial,cold_start,1.0,0,1.057,,,0,1,83.24000000000001,73.34,0.7638,0.8419,0.322,0.8095238095238095
design_43_seq_0,initial_s2,initial,initial,cold_start,2.0,0,1.064,,,0,1,85.18,78.47,0.5982,0.7304,0.1358,0.7391304347826086
design_43_seq_1,initial,initial,initial,cold_start,0.0,0,2.189,,,0,1,86.02,79.91,0.8707,0.9071,0.684,0.782608695652174
design_43_seq_1,initial_s1,initial,initial,cold_start,1.0,0,1.221,,,0,1,86.16,78.75,0.7227,0.8201,0.291,0.8181818181818182
design_43_seq_1,initial_s2,initial,initial,cold_start,2.0,0,1.658,,,0,1,86.29,79.05,0.5798,0.7343,0.1126,0.782608695652174
design_44_seq_0,initial,initial,initial,cold_start,,0,33.436,,,0,0,86.31,80.78,0.6514,0.7508,0.1902,0.3142857142857143
design_44_seq_0,design_02_s0,design_02,ok,steered,0.0,6,9.051,,,2,1,80.03,72.33000000000001,0.8326,0.8728,0.5073,0.5172413793103449
design_44_seq_0,design_02_s1,design_02,ok,steered,1.0,6,9.734,,,3,1,83.65,78.21000000000001,0.8554,0.8863,0.5948,0.5357142857142857
design_44_seq_0,design_02_s2,design_02,ok,steered,2.0,6,10.933,,,3,1,81.95,74.3,0.8182,0.8713,0.489,0.4642857142857143
design_44_seq_0,design_00_s1,design_00,ok,steered,1.0,6,3.805,,,3,0,62.56,56.13,0.664,0.7785,0.1793,0.3142857142857143
design_44_seq_0,design_01_s1,design_01,ok,steered,1.0,6,4.465,,,2,0,62.980000000000004,57.53,0.7242,0.7873,0.2492,0.5172413793103449
design_44_seq_0,design_00_s0,design_00,ok,steered,0.0,6,6.051,,,3,0,65.62,60.28,0.7541,0.8353,0.2957,0.2702702702702703
design_44_seq_0,design_00_s2,design_00,ok,steered,2.0,6,6.452,,,3,0,65.74,59.940000000000005,0.5898,0.7282,0.1018,0.3055555555555556
design_44_seq_0,design_01_s0,design_01,ok,steered,0.0,6,23.507,,,2,0,68.60000000000001,62.260000000000005,0.6843,0.7575,0.2274,0.3428571428571428
design_44_seq_0,design_01_s2,design_01,ok,steered,2.0,6,29.968,,,2,0,71.98,70.35,0.8938,0.9222,0.7446,0.2432432432432432
design_44_seq_1,initial,initial,initial,cold_start,,0,26.78,,,0,1,86.26,80.01,0.8959,0.9248,0.7795,0.5357142857142857
design_44_seq_1,design_01_s1,design_01,ok,steered,1.0,3,3.106,,,0,1,87.18,82.89,0.8965,0.9153,0.7398,0.6923076923076923
design_44_seq_1,design_01_s2,design_01,ok,steered,2.0,3,3.093,,,1,1,84.73,82.0,0.9032,0.917,0.7619,0.5925925925925926
design_44_seq_1,design_01_s0,design_01,ok,steered,0.0,3,1.136,30.199,pose_collapses,1,1,81.32000000000001,75.62,0.883,0.9075,0.6893,0.6538461538461539
design_44_seq_1,design_02_s1,design_02,ok,steered,1.0,3,1.253,28.972,pose_collapses,2,1,81.47,73.33,0.8492,0.8913,0.5629,0.6296296296296297
design_44_seq_1,design_02_s0,design_02,ok,steered,0.0,3,1.951,27.864,pose_collapses,2,1,82.93,75.33999999999999,0.8665,0.9065,0.6052,0.7307692307692307
design_44_seq_1,design_02_s2,design_02,ok,steered,2.0,3,27.358,,,3,0,85.3,81.06,0.7819,0.8435,0.4083,0.25
design_44_seq_1,design_00_s1,design_00,ok,steered,1.0,3,27.482,,,3,0,85.75,80.22,0.8915,0.8702,0.696,0.3636363636363636
design_44_seq_1,design_00_s0,design_00,ok,steered,0.0,3,28.046,,,3,0,87.02,80.74,0.9206,0.9152,0.7741,0.3870967741935484
design_44_seq_1,design_00_s2,design_00,ok,steered,2.0,3,28.053,,,3,0,86.35000000000001,83.21,0.9088,0.8908,0.7311,0.3125
design_45_seq_0,initial,initial,initial,cold_start,0.0,0,2.645,,,0,1,85.82,79.29,0.7797,0.857,0.3302,0.8181818181818182
design_45_seq_0,initial_s2,initial,initial,cold_start,2.0,0,1.819,,,0,1,84.11,75.9,0.7492,0.8387,0.2843,0.7391304347826086
design_45_seq_0,initial_s1,initial,initial,cold_start,1.0,0,3.965,,,0,1,85.42,78.18,0.7482,0.8416,0.284,0.7083333333333334
design_45_seq_1,initial,initial,initial,cold_start,0.0,0,1.925,,,0,1,89.99000000000001,87.25,0.9226,0.9315,0.8165,0.6428571428571429
design_45_seq_1,initial_s2,initial,initial,cold_start,2.0,0,2.644,,,0,1,89.81,86.61999999999999,0.8933,0.9018,0.7229,0.6296296296296297
design_45_seq_1,initial_s1,initial,initial,cold_start,1.0,0,2.878,,,0,1,90.63,88.41,0.9124,0.9213,0.7781,0.6296296296296297
design_46_seq_0,initial,initial,initial,cold_start,,0,29.556,,,0,0,86.77,84.16,0.8578,0.8674,0.6332,0.4
design_46_seq_0,design_02_s2,design_02,ok,steered,2.0,6,8.532,,,2,1,85.27,81.91000000000001,0.892,0.9038,0.7305,0.5517241379310345
design_46_seq_0,design_02_s1,design_02,ok,steered,1.0,6,8.754,,,2,1,85.27,81.21000000000001,0.8727,0.8861,0.6738,0.5517241379310345
design_46_seq_0,design_02_s0,design_02,ok,steered,0.0,6,9.125,,,2,1,84.22,79.24,0.8622,0.8825,0.6609,0.5714285714285714
design_46_seq_0,design_01_s1,design_01,ok,steered,1.0,6,27.221,,,2,1,81.46,78.25,0.7393,0.7899,0.3743,0.3870967741935484
design_46_seq_0,design_00_s2,design_00,ok,steered,2.0,6,27.802,,,4,1,89.57000000000001,86.46000000000001,0.867,0.853,0.6094,0.3666666666666666
design_46_seq_0,design_00_s1,design_00,ok,steered,1.0,6,28.016,,,4,1,91.36999999999999,89.48,0.9295,0.9359,0.8285,0.4193548387096774
design_46_seq_0,design_01_s2,design_01,ok,steered,2.0,6,28.322,,,2,1,80.41,76.67,0.8007,0.8169,0.4424,0.4
design_46_seq_0,design_00_s0,design_00,ok,steered,0.0,6,28.377,,,4,1,89.56,86.67,0.9215,0.9281,0.7926,0.4666666666666667
design_46_seq_0,design_01_s0,design_01,ok,steered,0.0,6,28.487,,,2,1,80.41,76.12,0.7577,0.7989,0.4302,0.3870967741935484
design_46_seq_1,initial,initial,initial,cold_start,,0,29.338,,,0,0,89.55,88.59,0.9041,0.9151,0.7864,0.3142857142857143
design_46_seq_1,design_02_s0,design_02,ok,steered,0.0,6,5.559,2.929,pose_holds,4,1,86.7,85.75,0.7803,0.8142,0.4878,0.4857142857142857
design_46_seq_1,design_01_s2,design_01,ok,steered,2.0,6,3.548,28.705,pose_collapses,1,1,83.93,81.34,0.4968,0.6744,0.044,0.68
design_46_seq_1,design_01_s0,design_01,ok,steered,0.0,6,4.129,27.173,pose_collapses,1,1,82.64,80.10000000000001,0.5341,0.6829,0.1076,0.5925925925925926
design_46_seq_1,design_01_s1,design_01,ok,steered,1.0,6,4.964,29.223,pose_collapses,1,1,83.39,78.55,0.5038,0.6613,0.074,0.6153846153846154
design_46_seq_1,design_00_s2,design_00,ok,steered,2.0,6,5.651,6.892,pose_collapses,4,1,92.57,91.4,0.8357,0.8563,0.612,0.5151515151515151
design_46_seq_1,design_00_s0,design_00,ok,steered,0.0,6,5.747,28.151,pose_collapses,4,1,92.42,92.14,0.7869,0.8212,0.5021,0.4375
design_46_seq_1,design_02_s2,design_02,ok,steered,2.0,6,5.771,29.485,pose_collapses,2,1,86.42999999999999,85.00999999999999,0.8073,0.8275,0.4975,0.5151515151515151
design_46_seq_1,design_02_s1,design_02,ok,steered,1.0,6,6.112,,,2,1,82.17999999999999,80.81,0.7239,0.7595,0.3228,0.5517241379310345
design_46_seq_1,design_00_s1,design_00,ok,steered,1.0,6,7.588,,,4,1,91.63,89.92999999999999,0.8105,0.8499,0.5782,0.5806451612903226
design_47_seq_0,initial,initial,initial,cold_start,0.0,0,2.137,,,0,1,92.92,91.25999999999999,0.9431,0.9509,0.8848,0.7307692307692307
design_47_seq_0,initial_s2,initial,initial,cold_start,2.0,0,1.753,,,0,1,93.04,90.62,0.9343,0.9437,0.8673,0.8076923076923077
design_47_seq_0,initial_s1,initial,initial,cold_start,1.0,0,1.662,,,0,1,93.56,92.43,0.9374,0.9451,0.87,0.76
design_47_seq_1,initial,initial,initial,cold_start,0.0,0,2.17,,,0,1,90.35,84.82,0.903,0.9248,0.7645,0.6785714285714286
design_47_seq_1,initial_s1,initial,initial,cold_start,1.0,0,2.874,,,0,1,90.5,85.71,0.8987,0.92,0.757,0.7307692307692307
design_47_seq_1,initial_s2,initial,initial,cold_start,2.0,0,2.899,,,0,1,90.5,85.53,0.8916,0.9163,0.7438,0.6785714285714286
design_48_seq_0,initial,initial,initial,cold_start,,0,28.277,,,0,1,84.84,80.08,0.9171,0.9311,0.7957,0.4117647058823529
design_48_seq_0,design_00_s0,design_00,ok,steered,0.0,3,3.124,,,0,1,85.98,80.25,0.9021,0.927,0.7626,0.6896551724137931
design_48_seq_0,design_00_s2,design_00,ok,steered,2.0,3,3.753,,,0,1,86.5,81.42,0.9081,0.9297,0.7785,0.6666666666666666
design_48_seq_0,design_00_s1,design_00,ok,steered,1.0,3,2.973,24.25,pose_collapses,2,1,85.27,80.08999999999999,0.8905,0.9172,0.7181,0.5757575757575758
design_48_seq_0,design_01_s1,design_01,ok,steered,1.0,3,27.302,,,2,1,83.87,77.22,0.8052,0.8351,0.4523,0.3939393939393939
design_48_seq_0,design_02_s2,design_02,ok,steered,2.0,3,27.593,,,2,1,88.78,84.00999999999999,0.8576,0.891,0.6256,0.3529411764705882
design_48_seq_0,design_01_s0,design_01,ok,steered,0.0,3,28.088,,,1,1,81.67999999999999,76.48,0.8495,0.8659,0.6544,0.3888888888888889
design_48_seq_0,design_01_s2,design_01,ok,steered,2.0,3,28.536,,,1,1,82.39,76.89,0.8872,0.9044,0.7473,0.3243243243243243
design_48_seq_0,design_02_s0,design_02,ok,steered,0.0,3,28.626,,,2,1,87.21,81.38,0.8758,0.9044,0.6607,0.3939393939393939
design_48_seq_0,design_02_s1,design_02,ok,steered,1.0,3,36.531,,,3,0,86.33,80.21000000000001,0.9195,0.9345,0.7906,0.3513513513513513
design_48_seq_1,initial,initial,initial,cold_start,,0,25.806,,,0,1,86.32,80.72,0.7623,0.842,0.361,0.3428571428571428
design_48_seq_1,design_00_s2,design_00,ok,steered,2.0,6,3.251,2.736,pose_holds,5,1,87.94999999999999,84.89,0.8708,0.8872,0.6234,0.6
design_48_seq_1,design_01_s0,design_01,ok,steered,0.0,6,3.667,3.649,pose_holds,4,1,69.67,67.93,0.8143,0.8685,0.5135,0.6333333333333333
design_48_seq_1,design_02_s1,design_02,ok,steered,1.0,6,4.286,3.876,pose_holds,2,1,92.52,92.73,0.9137,0.9172,0.7879,0.6428571428571429
design_48_seq_1,design_02_s2,design_02,ok,steered,2.0,6,4.347,3.891,pose_holds,2,1,92.4,92.43,0.9144,0.9166,0.7994,0.6333333333333333
design_48_seq_1,design_01_s2,design_01,ok,steered,2.0,6,5.23,3.544,pose_holds,4,1,67.95,67.11,0.8062,0.8638,0.4988,0.6
design_48_seq_1,design_00_s0,design_00,ok,steered,0.0,6,3.329,3.523,pose_holds,5,1,84.93,81.17999999999999,0.9022,0.9167,0.7788,0.5625
design_48_seq_1,design_00_s1,design_00,ok,steered,1.0,6,3.042,5.031,pose_collapses,3,1,88.96,88.84,0.9115,0.919,0.7837,0.5806451612903226
design_48_seq_1,design_02_s0,design_02,ok,steered,0.0,6,4.308,28.815,pose_collapses,3,1,92.25999999999999,92.34,0.9293,0.9347,0.8507,0.6551724137931034
design_48_seq_1,design_01_s1,design_01,ok,steered,1.0,6,5.143,,,3,0,66.19,64.68,0.7247,0.7698,0.2539,0.6666666666666666
design_49_seq_0,initial,initial,initial,cold_start,0.0,0,1.7,,,0,1,93.58,92.35,0.9441,0.9555,0.8815,0.8333333333333334
design_49_seq_0,initial_s2,initial,initial,cold_start,2.0,0,1.6,,,0,1,93.74,92.46,0.9443,0.9559,0.8879,0.8333333333333334
design_49_seq_0,initial_s1,initial,initial,cold_start,1.0,0,1.665,,,0,1,93.87,92.81,0.9436,0.9548,0.8835,0.8260869565217391
design_49_seq_1,initial,initial,initial,cold_start,0.0,0,2.146,,,0,1,94.65,93.13,0.9392,0.9549,0.8807,0.7307692307692307
design_49_seq_1,initial_s2,initial,initial,cold_start,2.0,0,1.963,,,0,1,94.6,93.11,0.9437,0.9584,0.8873,0.7307692307692307
design_49_seq_1,initial_s1,initial,initial,cold_start,1.0,0,2.126,,,0,1,93.36,90.60000000000001,0.9378,0.9552,0.8729,0.6923076923076923
design_4_seq_0,initial,initial,initial,cold_start,,0,8.886,,,0,1,88.22,87.56,0.8476,0.8719,0.5882,0.5333333333333333
design_4_seq_0,design_02_s1,design_02,ok,steered,1.0,3,5.125,3.274,pose_holds,2,1,85.88,80.65,0.6221,0.7621,0.1682,0.5666666666666667
design_4_seq_0,design_02_s2,design_02,ok,steered,2.0,3,4.919,3.805,pose_holds,2,1,85.92,81.03,0.7634,0.8475,0.3495,0.5333333333333333
design_4_seq_0,design_02_s0,design_02,ok,steered,0.0,3,4.557,10.5,pose_collapses,2,1,88.79,85.84,0.8195,0.877,0.4903,0.5862068965517241
design_4_seq_0,design_00_s1,design_00,ok,steered,1.0,3,5.536,8.673,pose_collapses,2,1,83.37,81.14,0.7011,0.7557,0.1836,0.5806451612903226
design_4_seq_0,design_00_s2,design_00,ok,steered,2.0,3,8.757,,,3,1,82.13000000000001,79.14999999999999,0.5456,0.6598,0.0484,0.4857142857142857
design_4_seq_0,design_00_s0,design_00,ok,steered,0.0,3,8.963,,,3,1,85.65,84.16,0.513,0.6696,0.0598,0.4848484848484848
design_4_seq_0,design_01_s1,design_01,ok,steered,1.0,3,9.708,,,3,1,88.35,87.58,0.889,0.9007,0.763,0.5357142857142857
design_4_seq_0,design_01_s2,design_01,ok,steered,2.0,3,9.768,,,3,1,86.52,85.41,0.8924,0.9067,0.7653,0.5517241379310345
design_4_seq_0,design_01_s0,design_01,ok,steered,0.0,3,10.669,,,3,1,87.39,86.75,0.8666,0.8809,0.7114,0.5172413793103449
design_4_seq_1,initial,initial,initial,cold_start,0.0,0,2.589,,,0,1,84.25,76.97,0.8529,0.9072,0.5672,0.72
design_4_seq_1,initial_s2,initial,initial,cold_start,2.0,0,2.017,,,0,1,84.91,78.60000000000001,0.8522,0.9048,0.6108,0.72
design_4_seq_1,initial_s1,initial,initial,cold_start,1.0,0,2.876,,,0,1,82.69999999999999,74.98,0.8826,0.9185,0.6828,0.6296296296296297
design_50_seq_0,initial,initial,initial,cold_start,0.0,0,1.666,,,0,1,85.8,78.9,0.6952,0.7928,0.2154,0.6086956521739131
design_50_seq_0,initial_s1,initial,initial,cold_start,1.0,0,1.665,,,0,1,85.68,78.38000000000001,0.8036,0.8608,0.4047,0.75
design_50_seq_0,initial_s2,initial,initial,cold_start,2.0,0,1.657,,,0,1,86.5,79.86999999999999,0.7437,0.8219,0.2829,0.6363636363636364
design_50_seq_1,initial,initial,initial,cold_start,,0,29.274,,,0,1,82.78,76.11,0.8227,0.8604,0.4916,0.4444444444444444
design_50_seq_1,design_01_s0,design_01,ok,steered,0.0,3,1.707,1.593,pose_holds,2,1,88.36,83.56,0.8926,0.9082,0.7635,0.6818181818181818
design_50_seq_1,design_02_s2,design_02,ok,steered,2.0,3,2.98,3.762,pose_holds,1,1,90.46,87.58,0.8967,0.9119,0.7656,0.7619047619047619
design_50_seq_1,design_01_s2,design_01,ok,steered,2.0,3,2.364,2.261,pose_holds,2,1,87.67,82.19,0.8679,0.8823,0.6784,0.6521739130434783
design_50_seq_1,design_02_s1,design_02,ok,steered,1.0,3,1.924,2.998,pose_holds,1,1,89.53999999999999,85.89,0.9034,0.914,0.7791,0.6521739130434783
design_50_seq_1,design_02_s0,design_02,ok,steered,0.0,3,2.065,3.973,pose_holds,1,1,88.47,83.85000000000001,0.8912,0.9055,0.7567,0.6818181818181818
design_50_seq_1,design_00_s0,design_00,ok,steered,0.0,3,2.513,4.74,pose_holds,1,1,80.52,76.39,0.8685,0.863,0.586,0.6363636363636364
design_50_seq_1,design_00_s1,design_00,ok,steered,1.0,3,4.123,,,0,1,81.03,78.13,0.8733,0.8681,0.6107,0.5833333333333334
design_50_seq_1,design_00_s2,design_00,ok,steered,2.0,3,5.134,4.349,pose_holds,2,1,80.31,75.21,0.9127,0.9203,0.7768,0.4642857142857143
design_50_seq_1,design_01_s1,design_01,ok,steered,1.0,3,7.833,,,1,1,88.83,86.67,0.8974,0.9016,0.7518,0.6086956521739131
design_51_seq_0,initial,initial,initial,cold_start,0.0,0,2.62,,,0,1,90.2,86.77,0.8883,0.9149,0.7129,0.5833333333333334
design_51_seq_0,initial_s2,initial,initial,cold_start,2.0,0,2.476,,,0,1,89.88000000000001,86.11,0.8205,0.8741,0.5499,0.5652173913043478
design_51_seq_0,initial_s1,initial,initial,cold_start,1.0,0,2.343,,,0,1,90.51,86.98,0.9035,0.9239,0.7601,0.5416666666666666
design_51_seq_1,initial,initial,initial,cold_start,0.0,0,1.27,,,0,1,91.09,86.67,0.698,0.8041,0.2391,0.7727272727272727
design_51_seq_1,initial_s1,initial,initial,cold_start,1.0,0,1.194,,,0,1,90.67,85.75,0.6862,0.7948,0.2202,0.7391304347826086
design_51_seq_1,initial_s2,initial,initial,cold_start,2.0,0,1.463,,,0,1,90.41,85.47,0.6373,0.7703,0.1685,0.6521739130434783
design_52_seq_0,initial,initial,initial,cold_start,,0,32.269,,,0,0,81.0,74.59,0.9225,0.9426,0.8168,0.3448275862068966
design_52_seq_0,design_00_s0,design_00,ok,steered,0.0,6,5.871,28.572,pose_collapses,4,1,82.67999999999999,80.76,0.838,0.8841,0.5246,0.6153846153846154
design_52_seq_0,design_00_s1,design_00,ok,steered,1.0,6,5.998,26.01,pose_collapses,4,1,82.61,81.23,0.8333,0.8819,0.5285,0.5666666666666667
design_52_seq_0,design_00_s2,design_00,ok,steered,2.0,6,6.558,,,5,1,82.58,80.73,0.8404,0.8865,0.5443,0.5172413793103449
design_52_seq_0,design_01_s2,design_01,ok,steered,2.0,6,28.573,,,5,1,80.99,73.77,0.8196,0.8403,0.4731,0.4074074074074074
design_52_seq_0,design_01_s1,design_01,ok,steered,1.0,6,29.885,,,6,1,81.66,76.1,0.6433,0.7174,0.1859,0.3214285714285714
design_52_seq_0,design_02_s1,design_02,ok,steered,1.0,6,5.033,,,3,0,65.92,62.25000000000001,0.8003,0.8669,0.4963,0.3870967741935484
design_52_seq_0,design_02_s2,design_02,ok,steered,2.0,6,7.73,,,2,0,67.10000000000001,60.980000000000004,0.7579,0.8374,0.3693,0.4
design_52_seq_0,design_02_s0,design_02,ok,steered,0.0,6,8.599,,,4,0,59.35,55.55,0.6855,0.7906,0.2264,0.5517241379310345
design_52_seq_0,design_01_s0,design_01,ok,steered,0.0,6,28.859,,,4,0,82.55,79.52,0.7307,0.7809,0.3066,0.3428571428571428
design_52_seq_1,initial,initial,initial,cold_start,,0,7.295,,,0,1,85.16,81.67999999999999,0.7952,0.8298,0.4715,0.5517241379310345
design_52_seq_1,design_00_s0,design_00,ok,steered,0.0,3,3.628,,,0,1,84.96000000000001,79.73,0.7848,0.8526,0.389,0.75
design_52_seq_1,design_02_s0,design_02,ok,steered,0.0,3,5.994,1.515,pose_holds,2,1,84.28999999999999,82.61,0.826,0.8809,0.5385,0.6071428571428571
design_52_seq_1,design_00_s1,design_00,ok,steered,1.0,3,5.226,,,0,1,84.64,79.67999999999999,0.8672,0.9038,0.6062,0.782608695652174
design_52_seq_1,design_02_s1,design_02,ok,steered,1.0,3,6.321,,,2,1,86.02,83.28999999999999,0.7577,0.8393,0.3426,0.5483870967741935
design_52_seq_1,design_02_s2,design_02,ok,steered,2.0,3,6.523,,,2,1,86.19,84.33,0.6272,0.749,0.1851,0.5
design_52_seq_1,design_01_s1,design_01,ok,steered,1.0,3,6.925,,,3,1,85.38,80.78,0.8888,0.9065,0.7692,0.5714285714285714
design_52_seq_1,design_01_s0,design_01,ok,steered,0.0,3,7.006,,,2,1,85.68,82.32000000000001,0.874,0.9001,0.7145,0.5714285714285714
design_52_seq_1,design_01_s2,design_01,ok,steered,2.0,3,7.61,,,2,1,84.28999999999999,80.67999999999999,0.869,0.8906,0.6906,0.5714285714285714
design_52_seq_1,design_00_s2,design_00,ok,steered,2.0,3,7.822,,,2,1,87.14,84.17,0.8744,0.9108,0.6831,0.5714285714285714
design_53_seq_0,initial,initial,initial,cold_start,,0,2.756,,,0,1,82.23,80.28,0.8857,0.9095,0.7555,0.5806451612903226
design_53_seq_0,design_01_s0,design_01,ok,steered,0.0,3,5.375,2.24,pose_holds,2,1,88.75999999999999,87.4,0.9114,0.9293,0.8037,0.7142857142857143
design_53_seq_0,design_00_s2,design_00,ok,steered,2.0,3,1.9,3.731,pose_holds,1,1,89.98,88.02,0.9194,0.93,0.8161,0.7857142857142857
design_53_seq_0,design_00_s0,design_00,ok,steered,0.0,3,1.216,3.639,pose_holds,1,1,90.33,88.03,0.88,0.8959,0.7212,0.7777777777777778
design_53_seq_0,design_02_s1,design_02,ok,steered,1.0,3,3.722,2.345,pose_holds,3,1,77.14999999999999,74.58,0.8595,0.8657,0.603,0.7
design_53_seq_0,design_01_s1,design_01,ok,steered,1.0,3,4.94,2.835,pose_holds,2,1,88.44999999999999,86.74,0.9017,0.9198,0.7501,0.7241379310344828
design_53_seq_0,design_01_s2,design_01,ok,steered,2.0,3,5.241,2.677,pose_holds,2,1,88.6,87.12,0.9059,0.9265,0.7834,0.7
design_53_seq_0,design_00_s1,design_00,ok,steered,1.0,3,1.86,5.992,pose_collapses,1,1,89.74,87.82,0.9285,0.9358,0.8339,0.8148148148148148
design_53_seq_0,design_02_s0,design_02,ok,steered,0.0,3,6.949,,,2,1,83.65,81.31,0.8807,0.8862,0.7227,0.6551724137931034
design_53_seq_0,design_02_s2,design_02,ok,steered,2.0,3,8.801,,,3,0,73.7,70.00999999999999,0.7644,0.7715,0.3692,0.4838709677419355
design_53_seq_1,initial,initial,initial,cold_start,,0,8.939,,,0,1,84.95,83.32000000000001,0.8656,0.88,0.6591,0.6129032258064516
design_53_seq_1,design_02_s1,design_02,ok,steered,1.0,3,3.984,2.388,pose_holds,2,1,87.44,86.28,0.8821,0.9074,0.716,0.5862068965517241
design_53_seq_1,design_02_s2,design_02,ok,steered,2.0,3,4.186,3.038,pose_holds,1,1,86.82,84.68,0.8623,0.8962,0.6665,0.6071428571428571
design_53_seq_1,design_00_s2,design_00,ok,steered,2.0,3,4.513,7.308,pose_collapses,2,1,88.73,87.66000000000001,0.8856,0.9074,0.7147,0.53125
design_53_seq_1,design_00_s0,design_00,ok,steered,0.0,3,4.708,8.928,pose_collapses,2,1,87.31,84.95,0.7587,0.8174,0.4186,0.5
design_53_seq_1,design_00_s1,design_00,ok,steered,1.0,3,5.401,8.912,pose_collapses,2,1,86.61999999999999,85.6,0.8535,0.8838,0.6444,0.5806451612903226
design_53_seq_1,design_01_s0,design_01,ok,steered,0.0,3,7.317,,,1,1,89.18,88.53999999999999,0.9231,0.9364,0.837,0.5
design_53_seq_1,design_01_s1,design_01,ok,steered,1.0,3,8.209,,,2,1,89.42999999999999,88.77000000000001,0.9003,0.9112,0.7777,0.6206896551724138
design_53_seq_1,design_01_s2,design_01,ok,steered,2.0,3,9.548,,,2,1,89.25,87.86,0.8958,0.9057,0.7528,0.59375
design_53_seq_1,design_02_s0,design_02,ok,steered,0.0,3,11.182,,,2,0,86.69,82.89,0.8606,0.8895,0.6376,0.5
design_54_seq_0,initial,initial,initial,cold_start,0.0,0,3.086,,,0,1,81.67999999999999,73.92999999999999,0.8326,0.8817,0.5776,0.6785714285714286
design_54_seq_0,initial_s2,initial,initial,cold_start,2.0,0,1.421,,,0,1,81.61,74.03,0.8756,0.9044,0.7031,0.6896551724137931
design_54_seq_0,initial_s1,initial,initial,cold_start,1.0,0,1.412,,,0,1,79.67999999999999,73.21,0.8653,0.8996,0.6774,0.6785714285714286
design_54_seq_1,initial,initial,initial,cold_start,0.0,0,2.951,,,0,1,88.69,84.06,0.854,0.8939,0.5469,0.6296296296296297
design_54_seq_1,initial_s2,initial,initial,cold_start,2.0,0,3.281,,,0,1,89.42,84.37,0.7946,0.8523,0.4004,0.6923076923076923
design_54_seq_1,initial_s1,initial,initial,cold_start,1.0,0,3.973,,,0,1,88.1,81.87,0.8115,0.8657,0.4404,0.6923076923076923
design_55_seq_0,initial,initial,initial,cold_start,,0,30.193,,,0,1,88.6,85.13,0.7897,0.8432,0.4266,0.4
design_55_seq_0,design_00_s2,design_00,ok,steered,2.0,3,2.439,1.258,pose_holds,2,1,83.08,81.76,0.9208,0.9045,0.7107,0.6153846153846154
design_55_seq_0,design_00_s1,design_00,ok,steered,1.0,3,3.615,1.602,pose_holds,2,1,85.37,84.61999999999999,0.923,0.9146,0.7581,0.5666666666666667
design_55_seq_0,design_00_s0,design_00,ok,steered,0.0,3,3.77,1.003,pose_holds,2,1,84.56,84.0,0.9031,0.89,0.6679,0.5333333333333333
design_55_seq_0,design_01_s2,design_01,ok,steered,2.0,3,1.018,29.803,pose_collapses,1,1,89.08,85.15,0.9278,0.9394,0.8614,0.7307692307692307
design_55_seq_0,design_01_s0,design_01,ok,steered,0.0,3,1.375,29.815,pose_collapses,1,1,89.14,85.53,0.9252,0.9374,0.8569,0.72
design_55_seq_0,design_01_s1,design_01,ok,steered,1.0,3,1.404,28.458,pose_collapses,1,1,88.78,85.33,0.9376,0.9454,0.8729,0.68
design_55_seq_0,design_02_s1,design_02,ok,steered,1.0,3,29.306,,,3,1,82.28999999999999,76.46,0.6917,0.7462,0.3201,0.3666666666666666
design_55_seq_0,design_02_s2,design_02,ok,steered,2.0,3,29.759,,,2,1,81.28,76.28,0.7036,0.7395,0.3129,0.3548387096774194
design_55_seq_0,design_02_s0,design_02,ok,steered,0.0,3,29.85,,,3,1,79.92,74.57000000000001,0.7622,0.7936,0.3914,0.3333333333333333
design_55_seq_1,initial,initial,initial,cold_start,,0,29.715,,,0,1,87.86,83.15,0.8313,0.8427,0.5894,0.4
design_55_seq_1,design_00_s0,design_00,ok,steered,0.0,3,2.235,1.429,pose_holds,1,1,82.27,79.51,0.9078,0.9163,0.8051,0.7083333333333334
design_55_seq_1,design_00_s2,design_00,ok,steered,2.0,3,2.057,,,0,1,83.13000000000001,80.67,0.9197,0.9205,0.8034,0.72
design_55_seq_1,design_01_s0,design_01,ok,steered,0.0,3,1.655,,,0,1,86.68,82.50999999999999,0.9282,0.9361,0.8583,0.68
design_55_seq_1,design_00_s1,design_00,ok,steered,1.0,3,3.681,,,2,1,84.68,81.71000000000001,0.8901,0.8934,0.7228,0.76
design_55_seq_1,design_01_s2,design_01,ok,steered,2.0,3,1.268,29.466,pose_collapses,1,1,87.51,84.00999999999999,0.94,0.9464,0.884,0.6538461538461539
design_55_seq_1,design_01_s1,design_01,ok,steered,1.0,3,1.887,30.053,pose_collapses,1,1,87.55,84.14,0.9367,0.9418,0.8683,0.64
design_55_seq_1,design_02_s1,design_02,ok,steered,1.0,3,28.284,,,2,1,86.3,84.52,0.8768,0.8938,0.7287,0.4
design_55_seq_1,design_02_s2,design_02,ok,steered,2.0,3,28.53,,,2,1,85.88,83.81,0.8633,0.8755,0.6924,0.3870967741935484
design_55_seq_1,design_02_s0,design_02,ok,steered,0.0,3,29.643,,,2,1,85.22,82.64,0.8887,0.9012,0.7431,0.5
design_56_seq_0,initial,initial,initial,cold_start,,0,5.723,,,0,1,88.03,85.26,0.8729,0.8905,0.7245,0.7142857142857143
design_56_seq_0,design_00_s0,design_00,ok,steered,0.0,3,1.287,1.6,pose_holds,1,1,89.58,87.82,0.9444,0.9504,0.8848,0.8148148148148148
design_56_seq_0,design_02_s0,design_02,ok,steered,0.0,3,3.473,1.363,pose_holds,1,1,80.41,76.75,0.9095,0.933,0.8148,0.7857142857142857
design_56_seq_0,design_01_s1,design_01,ok,steered,1.0,3,1.783,1.589,pose_holds,1,1,90.86,89.45,0.9485,0.9535,0.8883,0.7857142857142857
design_56_seq_0,design_01_s2,design_01,ok,steered,2.0,3,1.207,,,1,1,91.03999999999999,89.42,0.9513,0.9573,0.8979,0.75
design_56_seq_0,design_00_s1,design_00,ok,steered,1.0,3,1.834,,,0,1,91.11,88.74,0.9445,0.9494,0.8768,0.75
design_56_seq_0,design_00_s2,design_00,ok,steered,2.0,3,1.467,2.651,pose_holds,0,1,90.38000000000001,88.38000000000001,0.9383,0.9437,0.8661,0.75
design_56_seq_0,design_01_s0,design_01,ok,steered,0.0,3,2.651,,,1,1,91.03999999999999,90.53999999999999,0.9411,0.9483,0.8733,0.7241379310344828
design_56_seq_0,design_02_s1,design_02,ok,steered,1.0,3,4.147,,,2,1,78.49000000000001,74.35000000000001,0.8876,0.9168,0.7608,0.7333333333333333
design_56_seq_0,design_02_s2,design_02,ok,steered,2.0,3,3.837,12.617,pose_collapses,1,1,79.2,76.52,0.906,0.9283,0.8123,0.7333333333333333
design_56_seq_1,initial,initial,initial,cold_start,,0,4.349,,,0,1,87.76,84.56,0.8459,0.8724,0.5945,0.6206896551724138
design_56_seq_1,design_01_s2,design_01,ok,steered,2.0,3,3.0,7.015,pose_collapses,1,1,89.7,88.27000000000001,0.9012,0.9117,0.7791,0.6896551724137931
design_56_seq_1,design_01_s1,design_01,ok,steered,1.0,3,4.803,8.59,pose_collapses,2,1,88.92,86.06,0.801,0.8462,0.54,0.6896551724137931
design_56_seq_1,design_02_s0,design_02,ok,steered,0.0,3,5.018,7.892,pose_collapses,1,1,84.55,79.73,0.6683,0.766,0.2389,0.6206896551724138
design_56_seq_1,design_00_s2,design_00,ok,steered,2.0,3,5.437,6.49,pose_collapses,2,1,81.71000000000001,76.34,0.509,0.6742,0.0772,0.6551724137931034
design_56_seq_1,design_00_s0,design_00,ok,steered,0.0,3,5.524,5.729,pose_collapses,2,1,86.3,82.67999999999999,0.7272,0.8141,0.3795,0.6206896551724138
design_56_seq_1,design_01_s0,design_01,ok,steered,0.0,3,5.537,8.638,pose_collapses,2,1,86.69,82.19999999999999,0.7526,0.8232,0.4548,0.6896551724137931
design_56_seq_1,design_02_s1,design_02,ok,steered,1.0,3,7.075,,,1,1,86.16,83.04,0.6155,0.7202,0.1804,0.59375
design_56_seq_1,design_02_s2,design_02,ok,steered,2.0,3,7.919,,,1,1,84.24000000000001,78.9,0.6194,0.7298,0.1942,0.6785714285714286
design_56_seq_1,design_00_s1,design_00,ok,steered,1.0,3,9.596,,,1,1,84.28999999999999,80.99,0.6238,0.7378,0.1807,0.6
design_57_seq_0,initial,initial,initial,cold_start,,0,28.044,,,0,1,88.53,82.93,0.7197,0.7821,0.2145,0.5925925925925926
design_57_seq_0,design_01_s1,design_01,ok,steered,1.0,3,2.275,,,0,1,87.72,82.39999999999999,0.8456,0.871,0.5347,0.7727272727272727
design_57_seq_0,design_02_s0,design_02,ok,steered,0.0,3,3.803,2.989,pose_holds,1,1,87.85,81.75,0.8431,0.8855,0.6088,0.6956521739130435
design_57_seq_0,design_01_s2,design_01,ok,steered,2.0,3,3.469,,,0,1,86.36,80.21000000000001,0.8385,0.8687,0.5051,0.6956521739130435
design_57_seq_0,design_01_s0,design_01,ok,steered,0.0,3,2.954,,,0,1,88.18,83.81,0.8183,0.8553,0.4653,0.625
design_57_seq_0,design_00_s1,design_00,ok,steered,1.0,3,1.627,28.978,pose_collapses,2,1,91.14,88.1,0.9073,0.9167,0.7995,0.5384615384615384
design_57_seq_0,design_00_s2,design_00,ok,steered,2.0,3,1.952,29.132,pose_collapses,2,1,91.14,87.94,0.9133,0.9251,0.827,0.7083333333333334
design_57_seq_0,design_00_s0,design_00,ok,steered,0.0,3,2.031,29.207,pose_collapses,2,1,91.19,88.36,0.8996,0.9124,0.7832,0.5384615384615384
design_57_seq_0,design_02_s1,design_02,ok,steered,1.0,3,2.999,28.125,pose_collapses,2,1,89.77000000000001,85.46000000000001,0.8117,0.8656,0.5212,0.6956521739130435
design_57_seq_0,design_02_s2,design_02,ok,steered,2.0,3,3.515,28.285,pose_collapses,2,1,88.3,83.19,0.6823,0.7633,0.2584,0.64
design_57_seq_1,initial,initial,initial,cold_start,,0,3.016,,,0,1,86.67,78.75999999999999,0.7778,0.8571,0.4082,0.7083333333333334
design_57_seq_1,design_01_s0,design_01,ok,steered,0.0,3,7.969,,,2,1,90.71000000000001,89.55,0.8606,0.8721,0.6411,0.5555555555555556
design_57_seq_1,design_01_s1,design_01,ok,steered,1.0,3,7.983,,,2,1,91.0,89.60000000000001,0.854,0.8611,0.6184,0.5555555555555556
design_57_seq_1,design_01_s2,design_01,ok,steered,2.0,3,8.842,,,2,1,90.22,88.9,0.8913,0.8921,0.7072,0.5769230769230769
design_57_seq_1,design_00_s1,design_00,ok,steered,1.0,3,28.564,,,2,1,87.3,81.74,0.8204,0.8552,0.524,0.4285714285714285
design_57_seq_1,design_00_s0,design_00,ok,steered,0.0,3,28.59,,,2,1,84.19,77.01,0.7498,0.789,0.3671,0.5172413793103449
design_57_seq_1,design_02_s2,design_02,ok,steered,2.0,3,28.765,,,1,1,83.56,78.21000000000001,0.8091,0.8473,0.4713,0.4615384615384615
design_57_seq_1,design_00_s2,design_00,ok,steered,2.0,3,28.981,,,1,1,85.58,78.71000000000001,0.8016,0.8412,0.4509,0.4444444444444444
design_57_seq_1,design_02_s0,design_02,ok,steered,0.0,3,30.099,,,2,0,87.9,83.64,0.8367,0.8623,0.5235,0.3548387096774194
design_57_seq_1,design_02_s1,design_02,ok,steered,1.0,3,31.612,,,2,0,86.72,81.03,0.8317,0.8624,0.5246,0.28125
design_58_seq_0,initial,initial,initial,cold_start,,0,1.349,,,0,1,81.56,73.11,0.6536,0.7625,0.1808,0.7083333333333334
design_58_seq_0,design_01_s1,design_01,ok,steered,1.0,2,5.788,26.381,pose_collapses,1,1,85.25,80.05,0.7774,0.8565,0.417,0.6666666666666666
design_58_seq_0,design_01_s0,design_01,ok,steered,0.0,2,6.102,,,2,1,83.36,77.07000000000001,0.6942,0.8055,0.2667,0.4705882352941176
design_58_seq_0,design_00_s2,design_00,ok,steered,2.0,2,9.462,,,2,1,86.08,81.99,0.7703,0.8481,0.4059,0.6071428571428571
design_58_seq_0,design_00_s1,design_00,ok,steered,1.0,2,9.605,,,2,1,86.33999999999999,83.0,0.8056,0.8653,0.4825,0.5862068965517241
design_58_seq_0,design_01_s2,design_01,ok,steered,2.0,2,9.707,,,2,1,85.41,80.83,0.7658,0.8452,0.3856,0.5483870967741935
design_58_seq_0,design_00_s0,design_00,ok,steered,0.0,2,9.795,,,2,1,85.44,80.67999999999999,0.7881,0.8566,0.4426,0.5333333333333333
design_58_seq_0,design_02_s2,design_02,ok,steered,2.0,2,26.688,,,2,1,84.6,77.42,0.6862,0.7934,0.2335,0.5161290322580645
design_58_seq_0,design_02_s0,design_02,ok,steered,0.0,2,28.902,,,2,1,87.67,81.62,0.8888,0.9146,0.6912,0.4666666666666667
design_58_seq_0,design_02_s1,design_02,ok,steered,1.0,2,27.898,,,2,0,82.77,76.01,0.8943,0.9166,0.7751,0.4333333333333333
design_58_seq_1,initial,initial,initial,cold_start,,0,29.096,,,0,0,83.93,79.85,0.7458,0.8308,0.3208,0.4333333333333333
design_58_seq_1,design_02_s0,design_02,ok,steered,0.0,3,3.435,13.859,pose_collapses,1,1,78.11,75.14,0.689,0.7983,0.2127,0.6666666666666666
design_58_seq_1,design_01_s0,design_01,ok,steered,0.0,3,6.965,,,2,1,82.73,78.36,0.8145,0.8549,0.522,0.6428571428571429
design_58_seq_1,design_01_s2,design_01,ok,steered,2.0,3,7.775,,,2,1,84.64,81.72,0.7621,0.8132,0.416,0.6071428571428571
design_58_seq_1,design_00_s2,design_00,ok,steered,2.0,3,7.879,,,0,1,81.91000000000001,78.7,0.7004,0.7728,0.2816,0.5555555555555556
design_58_seq_1,design_01_s1,design_01,ok,steered,1.0,3,8.469,,,2,1,83.03,79.86999999999999,0.7909,0.8404,0.4839,0.5666666666666667
design_58_seq_1,design_00_s1,design_00,ok,steered,1.0,3,8.597,,,0,1,82.49,79.3,0.7612,0.8061,0.3907,0.5185185185185185
design_58_seq_1,design_00_s0,design_00,ok,steered,0.0,3,9.623,,,0,1,82.17,79.0,0.7465,0.7907,0.3441,0.5555555555555556
design_58_seq_1,design_02_s1,design_02,ok,steered,1.0,3,27.592,,,2,1,82.65,76.25999999999999,0.6152,0.7622,0.1691,0.2580645161290322
design_58_seq_1,design_02_s2,design_02,ok,steered,2.0,3,28.355,,,2,1,79.32000000000001,73.69,0.6748,0.7772,0.2269,0.4
design_59_seq_0,initial,initial,initial,cold_start,,0,9.466,,,0,1,79.17999999999999,72.95,0.6943,0.7922,0.2455,0.6956521739130435
design_59_seq_0,design_00_s0,design_00,ok,steered,0.0,3,2.307,0.895,pose_holds,1,1,85.64,79.07,0.8448,0.8864,0.5675,0.5833333333333334
design_59_seq_0,design_01_s0,design_01,ok,steered,0.0,3,7.964,,,1,1,85.8,81.76,0.7926,0.8307,0.5074,0.6
design_59_seq_0,design_01_s1,design_01,ok,steered,1.0,3,8.204,,,1,1,85.39999999999999,80.78999999999999,0.8742,0.8912,0.7117,0.5833333333333334
design_59_seq_0,design_01_s2,design_01,ok,steered,2.0,3,9.487,,,2,1,82.17,78.46,0.8834,0.8909,0.7001,0.5357142857142857
design_59_seq_0,design_00_s1,design_00,ok,steered,1.0,3,28.241,,,2,1,87.44,82.59,0.8784,0.8919,0.6461,0.4642857142857143
design_59_seq_0,design_00_s2,design_00,ok,steered,2.0,3,28.435,,,2,1,87.16000000000001,82.39999999999999,0.8534,0.8642,0.5735,0.4137931034482758
design_59_seq_0,design_02_s1,design_02,ok,steered,1.0,3,28.521,,,2,1,89.19,84.89999999999999,0.8659,0.8795,0.6418,0.4137931034482758
design_59_seq_0,design_02_s2,design_02,ok,steered,2.0,3,28.893,,,2,1,89.68,85.83,0.8916,0.9007,0.6994,0.4814814814814814
design_59_seq_0,design_02_s0,design_02,ok,steered,0.0,3,32.889,,,2,0,87.58,82.25,0.8767,0.8915,0.6642,0.3793103448275862
design_59_seq_1,initial,initial,initial,cold_start,0.0,0,1.995,,,0,1,92.92,90.44,0.9231,0.9322,0.8155,0.6086956521739131
design_59_seq_1,initial_s1,initial,initial,cold_start,1.0,0,1.633,,,0,1,92.39,91.10000000000001,0.9422,0.9491,0.8709,0.7619047619047619
design_59_seq_1,initial_s2,initial,initial,cold_start,2.0,0,2.332,,,0,1,93.0,91.67,0.9188,0.9285,0.8152,0.6818181818181818
design_5_seq_0,initial,initial,initial,cold_start,0.0,0,1.599,,,0,1,92.51,91.81,0.9288,0.9317,0.8261,0.6
design_5_seq_0,initial_s2,initial,initial,cold_start,2.0,0,1.75,,,0,1,92.73,91.73,0.9126,0.9202,0.7993,0.6538461538461539
design_5_seq_0,initial_s1,initial,initial,cold_start,1.0,0,2.161,,,0,1,92.69,91.5,0.9231,0.9255,0.8103,0.6153846153846154
design_5_seq_1,initial,initial,initial,cold_start,0.0,0,2.651,,,0,1,92.36,90.25,0.9478,0.9593,0.8794,0.6538461538461539
design_5_seq_1,initial_s2,initial,initial,cold_start,2.0,0,2.585,,,0,1,92.99,91.10000000000001,0.9427,0.9559,0.869,0.72
design_5_seq_1,initial_s1,initial,initial,cold_start,1.0,0,2.768,,,0,1,93.51,92.36999999999999,0.934,0.9495,0.856,0.6538461538461539
design_60_seq_0,initial,initial,initial,cold_start,,0,27.465,,,0,1,89.0,83.58,0.6695,0.7751,0.2427,0.5
design_60_seq_0,design_00_s2,design_00,ok,steered,2.0,3,2.291,1.009,pose_holds,1,1,92.12,88.58,0.9202,0.9365,0.8182,0.7083333333333334
design_60_seq_0,design_00_s0,design_00,ok,steered,0.0,3,2.23,,,0,1,92.06,88.92,0.9268,0.9422,0.8332,0.75
design_60_seq_0,design_02_s0,design_02,ok,steered,0.0,3,2.908,,,0,1,91.08000000000001,87.12,0.904,0.9217,0.7994,0.782608695652174
design_60_seq_0,design_02_s2,design_02,ok,steered,2.0,3,2.394,,,0,1,91.08000000000001,86.68,0.8455,0.8663,0.6341,0.75
design_60_seq_0,design_02_s1,design_02,ok,steered,1.0,3,3.346,,,0,1,91.2,86.50999999999999,0.8651,0.8842,0.6818,0.782608695652174
design_60_seq_0,design_00_s1,design_00,ok,steered,1.0,3,2.634,,,1,1,92.04,88.44999999999999,0.9203,0.936,0.8188,0.7083333333333334
design_60_seq_0,design_01_s1,design_01,ok,steered,1.0,3,2.88,,,0,1,88.58,83.95,0.9008,0.9124,0.7527,0.7083333333333334
design_60_seq_0,design_01_s2,design_01,ok,steered,2.0,3,1.22,24.184,pose_collapses,1,1,89.25,84.7,0.9049,0.9186,0.7691,0.6923076923076923
design_60_seq_0,design_01_s0,design_01,ok,steered,0.0,3,1.238,28.931,pose_collapses,1,1,90.29,86.98,0.9084,0.92,0.7813,0.6428571428571429
design_60_seq_1,initial,initial,initial,cold_start,,0,32.145,,,0,0,85.64,82.01,0.8662,0.8847,0.6646,0.2758620689655172
design_60_seq_1,design_00_s1,design_00,ok,steered,1.0,5,5.371,2.301,pose_holds,2,1,89.33,86.50999999999999,0.672,0.7446,0.1889,0.6
design_60_seq_1,design_00_s2,design_00,ok,steered,2.0,5,8.891,,,3,1,85.16,81.86,0.5099,0.629,0.0399,0.5925925925925926
design_60_seq_1,design_02_s2,design_02,ok,steered,2.0,5,9.058,,,2,1,90.83,88.85,0.8254,0.8613,0.4658,0.5769230769230769
design_60_seq_1,design_02_s0,design_02,ok,steered,0.0,5,9.332,,,1,1,89.21,85.85000000000001,0.8153,0.8757,0.4535,0.5925925925925926
design_60_seq_1,design_02_s1,design_02,ok,steered,1.0,5,10.006,,,1,1,88.59,85.42999999999999,0.8246,0.8743,0.4788,0.5714285714285714
design_60_seq_1,design_00_s0,design_00,ok,steered,0.0,5,9.284,,,0,0,84.75,81.16,0.7934,0.8354,0.401,0.6296296296296297
design_60_seq_1,design_01_s0,design_01,ok,steered,0.0,5,29.892,,,4,0,83.94,79.17,0.8317,0.8467,0.5444,0.3333333333333333
design_60_seq_1,design_01_s2,design_01,ok,steered,2.0,5,29.92,,,4,0,86.53999999999999,83.49,0.8638,0.8709,0.6258,0.3611111111111111
design_60_seq_1,design_01_s1,design_01,ok,steered,1.0,5,30.376,,,3,0,82.02000000000001,77.72,0.8859,0.906,0.7493,0.2162162162162162
design_61_seq_0,initial,initial,initial,cold_start,,0,1.589,,,0,1,82.50999999999999,75.26,0.7834,0.8536,0.3573,0.7037037037037037
design_61_seq_0,design_01_s2,design_01,ok,steered,2.0,3,3.293,29.907,pose_collapses,2,1,82.19,80.01,0.9024,0.9071,0.7612,0.7037037037037037
design_61_seq_0,design_00_s2,design_00,ok,steered,2.0,3,3.358,25.904,pose_collapses,2,1,74.57000000000001,67.15,0.668,0.7791,0.2134,0.6333333333333333
design_61_seq_0,design_01_s0,design_01,ok,steered,0.0,3,5.879,25.79,pose_collapses,2,1,86.32,83.95,0.8654,0.8712,0.6317,0.5
design_61_seq_0,design_01_s1,design_01,ok,steered,1.0,3,6.56,,,3,1,82.6,79.97999999999999,0.7856,0.8063,0.4172,0.5
design_61_seq_0,design_00_s0,design_00,ok,steered,0.0,3,9.245,,,0,1,78.07,70.92,0.5175,0.6837,0.0495,0.5161290322580645
design_61_seq_0,design_00_s1,design_00,ok,steered,1.0,3,9.438,,,0,1,78.66,71.39999999999999,0.5777,0.7163,0.1054,0.5
design_61_seq_0,design_02_s0,design_02,ok,steered,0.0,3,12.197,,,1,1,81.64,71.95,0.4986,0.6913,0.0243,0.4516129032258064
design_61_seq_0,design_02_s1,design_02,ok,steered,1.0,3,13.942,,,0,0,76.59,68.62,0.6517,0.7665,0.1709,0.3870967741935484
design_61_seq_0,design_02_s2,design_02,ok,steered,2.0,3,27.943,,,2,0,81.10000000000001,73.27,0.5889,0.7349,0.1356,0.4545454545454545
design_61_seq_1,initial,initial,initial,cold_start,0.0,0,1.305,,,0,1,88.05,85.08,0.9082,0.9096,0.7418,0.7692307692307693
design_61_seq_1,initial_s1,initial,initial,cold_start,1.0,0,0.891,,,0,1,87.38,84.98,0.9136,0.9128,0.7601,0.7407407407407407
design_61_seq_1,initial_s2,initial,initial,cold_start,2.0,0,2.424,,,0,1,91.01,88.79,0.8798,0.882,0.6801,0.7037037037037037
design_62_seq_0,initial,initial,initial,cold_start,,0,28.686,,,0,1,77.73,70.91,0.709,0.7755,0.2908,0.2571428571428571
design_62_seq_0,design_01_s1,design_01,ok,steered,1.0,6,8.306,,,2,1,74.00999999999999,67.55,0.6776,0.7808,0.2334,0.4838709677419355
design_62_seq_0,design_00_s0,design_00,ok,steered,0.0,6,9.412,,,2,1,72.05,66.14999999999999,0.8058,0.8399,0.4516,0.5333333333333333
design_62_seq_0,design_00_s2,design_00,ok,steered,2.0,6,9.463,,,2,1,69.74000000000001,63.85999999999999,0.8331,0.8576,0.5049,0.4838709677419355
design_62_seq_0,design_01_s2,design_01,ok,steered,2.0,6,8.421,,,2,0,71.31,64.92999999999999,0.8766,0.9028,0.706,0.5862068965517241
design_62_seq_0,design_01_s0,design_01,ok,steered,0.0,6,8.61,,,2,0,69.45,61.870000000000005,0.8092,0.856,0.5127,0.5333333333333333
design_62_seq_0,design_00_s1,design_00,ok,steered,1.0,6,8.97,,,2,0,73.07000000000001,66.88,0.7073,0.7673,0.2609,0.5666666666666667
design_62_seq_0,design_02_s0,design_02,ok,steered,0.0,6,24.314,,,4,0,78.68,76.09,0.8107,0.858,0.4637,0.1944444444444444
design_62_seq_0,design_02_s1,design_02,ok,steered,1.0,6,25.878,,,4,0,79.28,75.58,0.7043,0.7973,0.2542,0.2162162162162162
design_62_seq_0,design_02_s2,design_02,ok,steered,2.0,6,25.932,,,4,0,81.25,77.59,0.7345,0.8094,0.3029,0.2222222222222222
design_62_seq_1,initial,initial,initial,cold_start,,0,9.192,,,0,1,71.48,65.21000000000001,0.5831,0.721,0.107,0.4375
design_62_seq_1,design_01_s2,design_01,ok,steered,2.0,3,7.841,,,2,1,73.54,67.16,0.8989,0.9244,0.7712,0.3529411764705882
design_62_seq_1,design_02_s2,design_02,ok,steered,2.0,3,8.262,,,3,1,64.25,59.919999999999995,0.8118,0.8466,0.402,0.5185185185185185
design_62_seq_1,design_00_s0,design_00,ok,steered,0.0,3,8.953,,,2,1,76.44,70.63000000000001,0.8889,0.9106,0.6926,0.5517241379310345
design_62_seq_1,design_00_s2,design_00,ok,steered,2.0,3,9.599,,,2,1,78.14999999999999,73.77,0.9026,0.925,0.7389,0.4838709677419355
design_62_seq_1,design_02_s1,design_02,ok,steered,1.0,3,9.733,,,3,1,70.02000000000001,63.970000000000006,0.4417,0.6362,0.003,0.3529411764705882
design_62_seq_1,design_01_s0,design_01,ok,steered,0.0,3,11.218,,,1,1,70.6,62.36000000000001,0.8991,0.9216,0.7421,0.4375
design_62_seq_1,design_00_s1,design_00,ok,steered,1.0,3,12.894,,,2,1,76.25,70.19,0.871,0.9042,0.6385,0.5333333333333333
design_62_seq_1,design_01_s1,design_01,ok,steered,1.0,3,9.375,,,1,0,69.88,62.78,0.8687,0.8992,0.6553,0.4242424242424242
design_62_seq_1,design_02_s0,design_02,ok,steered,0.0,3,10.267,,,1,0,67.75,60.68,0.3979,0.6205,0.0027,0.3793103448275862
design_63_seq_0,initial,initial,initial,cold_start,0.0,0,2.922,,,0,1,85.81,77.25,0.7659,0.8462,0.3804,0.6086956521739131
design_63_seq_0,initial_s1,initial,initial,cold_start,1.0,0,1.884,,,0,1,85.34,77.24,0.8105,0.8719,0.4669,0.6521739130434783
design_63_seq_0,initial_s2,initial,initial,cold_start,2.0,0,4.193,,,0,1,83.93,74.47,0.7188,0.8195,0.2878,0.5909090909090909
design_63_seq_1,initial,initial,initial,cold_start,,0,9.727,,,0,1,83.35000000000001,78.48,0.8633,0.8988,0.6648,0.5833333333333334
design_63_seq_1,design_00_s1,design_00,ok,steered,1.0,3,6.344,,,2,1,82.26,77.75,0.6242,0.7607,0.143,0.52
design_63_seq_1,design_00_s2,design_00,ok,steered,2.0,3,6.739,,,2,1,82.26,78.2,0.6243,0.7651,0.1476,0.5384615384615384
design_63_seq_1,design_02_s0,design_02,ok,steered,0.0,3,7.595,,,2,1,89.77000000000001,88.82,0.881,0.9021,0.7477,0.5833333333333334
design_63_seq_1,design_02_s1,design_02,ok,steered,1.0,3,7.605,,,2,1,89.79,89.14999999999999,0.8489,0.876,0.6362,0.6086956521739131
design_63_seq_1,design_02_s2,design_02,ok,steered,2.0,3,7.78,,,2,1,87.97,86.37,0.858,0.8835,0.6791,0.6086956521739131
design_63_seq_1,design_01_s2,design_01,ok,steered,2.0,3,9.181,,,1,1,86.24000000000001,83.35000000000001,0.8158,0.8348,0.5782,0.5833333333333334
design_63_seq_1,design_01_s0,design_01,ok,steered,0.0,3,9.252,,,1,1,86.56,82.0,0.8493,0.8656,0.6263,0.5384615384615384
design_63_seq_1,design_01_s1,design_01,ok,steered,1.0,3,9.614,,,1,1,84.96000000000001,79.99000000000001,0.8544,0.8688,0.6517,0.6086956521739131
design_63_seq_1,design_00_s0,design_00,ok,steered,0.0,3,29.659,,,1,0,80.44,73.91,0.7807,0.8293,0.3991,0.3939393939393939
design_6_seq_0,initial,initial,initial,cold_start,0.0,0,1.178,,,0,1,92.08,90.58,0.9482,0.9542,0.8853,0.76
design_6_seq_0,initial_s1,initial,initial,cold_start,1.0,0,2.515,,,0,1,92.28,91.41,0.9271,0.9363,0.8516,0.6666666666666666
design_6_seq_0,initial_s2,initial,initial,cold_start,2.0,0,2.935,,,0,1,92.47,92.14,0.9398,0.9439,0.8686,0.6666666666666666
design_6_seq_1,initial,initial,initial,cold_start,0.0,0,3.565,,,0,1,94.28,94.11,0.9367,0.9514,0.8619,0.6153846153846154
design_6_seq_1,initial_s1,initial,initial,cold_start,1.0,0,3.012,,,0,1,94.02000000000001,93.57,0.9483,0.9601,0.8882,0.64
design_6_seq_1,initial_s2,initial,initial,cold_start,2.0,0,3.89,,,0,1,93.58,92.77,0.9376,0.9521,0.8701,0.64
design_7_seq_0,initial,initial,initial,cold_start,,0,26.503,,,0,1,75.44999999999999,71.11,0.7674,0.8086,0.4298,0.40625
design_7_seq_0,design_01_s1,design_01,ok,steered,1.0,6,5.322,7.764,pose_collapses,2,1,78.23,75.89,0.8055,0.8174,0.4948,0.5625
design_7_seq_0,design_00_s2,design_00,ok,steered,2.0,6,5.052,,,4,0,80.99,78.46,0.8815,0.8876,0.7294,0.4838709677419355
design_7_seq_0,design_00_s0,design_00,ok,steered,0.0,6,5.092,,,3,0,80.61,77.68,0.8962,0.9083,0.795,0.4838709677419355
design_7_seq_0,design_00_s1,design_00,ok,steered,1.0,6,6.12,,,3,0,77.99000000000001,76.73,0.8103,0.8141,0.4851,0.46875
design_7_seq_0,design_01_s0,design_01,ok,steered,0.0,6,6.886,,,2,0,82.63000000000001,80.36999999999999,0.9235,0.9343,0.8463,0.59375
design_7_seq_0,design_01_s2,design_01,ok,steered,2.0,6,6.994,,,3,0,76.89,73.87,0.909,0.9266,0.817,0.4722222222222222
design_7_seq_0,design_02_s0,design_02,ok,steered,0.0,6,8.357,,,4,0,65.11,60.480000000000004,0.8358,0.8821,0.5588,0.4242424242424242
design_7_seq_0,design_02_s2,design_02,ok,steered,2.0,6,9.904,,,2,0,67.4,62.150000000000006,0.7889,0.7238,0.2068,0.5
design_7_seq_0,design_02_s1,design_02,ok,steered,1.0,6,16.446,,,5,0,67.01,60.96,0.8386,0.888,0.5938,0.3823529411764705
design_7_seq_1,initial,initial,initial,cold_start,,0,2.503,,,0,1,76.6,70.19,0.8566,0.8957,0.6346,0.6666666666666666
design_7_seq_1,design_02_s1,design_02,ok,steered,1.0,3,1.955,,,0,1,85.92999999999999,81.31,0.893,0.9057,0.7358,0.76
design_7_seq_1,design_00_s1,design_00,ok,steered,1.0,3,1.894,2.274,pose_holds,1,1,81.75,78.14,0.8082,0.8419,0.469,0.72
design_7_seq_1,design_01_s0,design_01,ok,steered,0.0,3,7.087,,,2,1,88.31,86.96000000000001,0.8977,0.8989,0.7486,0.5806451612903226
design_7_seq_1,design_02_s0,design_02,ok,steered,0.0,3,7.247,,,1,1,87.77000000000001,84.22,0.75,0.8058,0.3959,0.5806451612903226
design_7_seq_1,design_01_s1,design_01,ok,steered,1.0,3,7.25,,,1,1,87.92,86.32,0.8936,0.9024,0.7719,0.6
design_7_seq_1,design_02_s2,design_02,ok,steered,2.0,3,7.533,,,0,1,86.92999999999999,83.22,0.8097,0.8404,0.4698,0.6428571428571429
design_7_seq_1,design_01_s2,design_01,ok,steered,2.0,3,7.631,,,2,1,87.44,86.13,0.9104,0.9134,0.7909,0.6
design_7_seq_1,design_00_s0,design_00,ok,steered,0.0,3,5.756,,,2,0,79.0,75.55,0.8983,0.9156,0.7623,0.6206896551724138
design_7_seq_1,design_00_s2,design_00,ok,steered,2.0,3,6.564,,,1,0,79.57,75.96000000000001,0.8222,0.8562,0.5655,0.6428571428571429
design_8_seq_0,initial,initial,initial,cold_start,,0,28.347,,,0,1,82.03,76.52,0.9195,0.9292,0.812,0.4827586206896552
design_8_seq_0,design_00_s0,design_00,ok,steered,0.0,3,2.726,1.898,pose_holds,1,1,90.86999999999999,87.28,0.9152,0.9318,0.8264,0.7391304347826086
design_8_seq_0,design_00_s2,design_00,ok,steered,2.0,3,3.04,2.292,pose_holds,1,1,90.33,85.98,0.9077,0.9245,0.8161,0.7083333333333334
design_8_seq_0,design_00_s1,design_00,ok,steered,1.0,3,2.559,2.443,pose_holds,1,1,90.71000000000001,87.14,0.902,0.922,0.7943,0.7083333333333334
design_8_seq_0,design_02_s0,design_02,ok,steered,0.0,3,2.556,3.191,pose_holds,1,1,87.64999999999999,82.72,0.828,0.8503,0.6135,0.7083333333333334
design_8_seq_0,design_02_s2,design_02,ok,steered,2.0,3,2.037,2.628,pose_holds,2,1,87.47,83.86,0.8395,0.8605,0.6448,0.68
design_8_seq_0,design_02_s1,design_02,ok,steered,1.0,3,2.433,27.461,pose_collapses,2,1,88.0,83.06,0.8119,0.8435,0.589,0.6666666666666666
design_8_seq_0,design_01_s1,design_01,ok,steered,1.0,3,2.824,33.689,pose_collapses,1,1,81.17,76.72,0.8142,0.8631,0.5181,0.4827586206896552
design_8_seq_0,design_01_s0,design_01,ok,steered,0.0,3,3.175,29.451,pose_collapses,1,1,80.5,77.73,0.8747,0.8994,0.6919,0.5333333333333333
design_8_seq_0,design_01_s2,design_01,ok,steered,2.0,3,4.093,28.456,pose_collapses,1,1,77.97,75.03,0.7756,0.8253,0.4329,0.5714285714285714
design_8_seq_1,initial,initial,initial,cold_start,,0,2.688,,,0,1,85.25,79.03999999999999,0.8879,0.8948,0.6988,0.6153846153846154
design_8_seq_1,design_00_s0,design_00,ok,steered,0.0,3,4.29,2.385,pose_holds,2,1,84.5,80.56,0.866,0.892,0.654,0.5862068965517241
design_8_seq_1,design_01_s0,design_01,ok,steered,0.0,3,2.048,2.662,pose_holds,2,1,82.87,75.89,0.8991,0.908,0.7583,0.5925925925925926
design_8_seq_1,design_02_s2,design_02,ok,steered,2.0,3,3.539,2.238,pose_holds,2,1,79.86,76.25999999999999,0.8623,0.8716,0.6297,0.5357142857142857
design_8_seq_1,design_02_s0,design_02,ok,steered,0.0,3,4.144,1.225,pose_holds,3,1,76.57000000000001,72.0,0.8306,0.8573,0.5915,0.46875
design_8_seq_1,design_02_s1,design_02,ok,steered,1.0,3,3.583,1.166,pose_holds,3,1,76.13,71.91,0.84,0.8619,0.6013,0.4375
design_8_seq_1,design_00_s2,design_00,ok,steered,2.0,3,5.202,3.963,pose_holds,2,1,85.28999999999999,81.78,0.8941,0.9181,0.7395,0.5
design_8_seq_1,design_00_s1,design_00,ok,steered,1.0,3,5.18,5.258,pose_collapses,1,1,85.11,82.16,0.9025,0.9212,0.7867,0.5517241379310345
design_8_seq_1,design_01_s2,design_01,ok,steered,2.0,3,6.972,,,1,1,80.97999999999999,74.32,0.8818,0.898,0.7524,0.5555555555555556
design_8_seq_1,design_01_s1,design_01,ok,steered,1.0,3,7.366,,,1,1,82.89999999999999,77.66999999999999,0.9181,0.9265,0.838,0.6071428571428571
design_9_seq_0,initial,initial,initial,cold_start,0.0,0,2.331,,,0,1,83.5,75.44999999999999,0.5656,0.7028,0.072,0.6896551724137931
design_9_seq_0,initial_s1,initial,initial,cold_start,1.0,0,1.613,,,0,1,82.06,75.49,0.5804,0.7056,0.0821,0.7241379310344828
design_9_seq_0,initial_s2,initial,initial,cold_start,2.0,0,2.697,,,0,1,83.54,76.5,0.6138,0.7302,0.1244,0.75
design_9_seq_1,initial,initial,initial,cold_start,0.0,0,2.103,,,0,1,85.34,80.67999999999999,0.8861,0.8942,0.6601,0.7407407407407407
design_9_seq_1,initial_s1,initial,initial,cold_start,1.0,0,1.27,,,0,1,83.97,80.16,0.9009,0.908,0.7137,0.7142857142857143
design_9_seq_1,initial_s2,initial,initial,cold_start,2.0,0,1.664,,,0,1,84.7,79.62,0.9043,0.9086,0.7089,0.6666666666666666
