variant,unit,design,base,kind,seed_index,found,ipsae_min_stored,ra_eff,ipsae_ab,ipsae_ba,ipsae_min,ipsae_ab_mean,ipsae_ba_mean,ipsae_min_mean,argmax_ab,argmax_ba,n_below_argmax_ab,n_below_argmax_ba,d0_argmax_ab,d0_argmax_ba,n_rec,n_eff,saturated_ab,saturated_ba,L_interchain_pairs,L_frac,mean_pae_passing,n_interacting_rec,n_interacting_eff
negsteer,design_0_seq_0,initial,initial,cold_start,,1,0.3142,28.036,0.3142,0.3583,0.3142,0.21811311548325893,0.2735501818086316,0.21811311548325893,47,22,82,82,3.2363196445526423,3.2363196445526423,82,82,1,1,12813,0.9527810826888756,5.8114776611328125,80,81
negsteer,design_0_seq_0,design_01_s0,design_01,steered,0.0,1,0.0,3.509,0.0,0.003,0.0,0.0,0.0018054977507989218,0.0,0,37,0,1,0.5,0.5,82,82,0,0,149,0.011079714455681141,9.611759185791016,0,55
negsteer,design_0_seq_0,design_00_s0,design_00,steered,0.0,1,0.0032,25.675,0.0032,0.0089,0.0032,0.001295334375577002,0.0031755397255282575,0.001295334375577002,62,58,2,24,0.5,0.7793039405843609,82,82,0,0,1281,0.0952558001189768,8.812429428100586,39,72
negsteer,design_0_seq_0,design_00_s2,design_00,steered,2.0,1,0.0,26.862,0.0,0.0029,0.0,0.0,0.001408440523735452,0.0,0,56,0,1,0.5,0.5,82,82,0,0,53,0.003941106484235574,9.62790584564209,0,43
negsteer,design_0_seq_0,design_02_s2,design_02,steered,2.0,1,0.0,14.767,0.0,0.0026,0.0,0.0,0.00037484631941812793,0.0,0,12,0,1,0.5,0.5,82,82,0,0,21,0.001561570493753718,9.848466873168945,0,12
negsteer,design_0_seq_0,design_01_s1,design_01,steered,1.0,1,0.0,17.476,0.0,0.0,0.0,0.0,0.0,0.0,0,0,0,0,0.5,0.5,82,82,0,0,0,0.0,,0,0
negsteer,design_0_seq_0,design_01_s2,design_01,steered,2.0,1,0.0,18.062,0.0,0.0026,0.0,0.0,9.374637099936967e-05,0.0,0,56,0,1,0.5,0.5,82,82,0,0,3,0.000223081499107674,9.865270614624023,0,3
negsteer,design_0_seq_0,design_02_s0,design_02,steered,0.0,1,0.0,19.556,0.0,0.0028,0.0,0.0,0.0016511141595135375,0.0,0,60,0,4,0.5,0.5,82,82,0,0,150,0.011154074955383701,9.660775184631348,0,51
negsteer,design_0_seq_0,design_00_s1,design_00,steered,1.0,1,0.0029,21.214,0.003,0.0029,0.0029,0.0009086686612402157,0.001450362530105361,0.0009086686612402157,62,12,2,11,0.5,0.5,82,82,0,0,143,0.010633551457465794,9.643754005432129,28,45
negsteer,design_0_seq_0,design_02_s1,design_02,steered,1.0,1,0.1114,28.513,0.1114,0.1396,0.1114,0.034543471229149074,0.09493400847039572,0.034543471229149074,39,58,69,69,2.886906305608928,2.886906305608928,82,82,0,0,7186,0.5343545508625818,8.32833480834961,75,77
negsteer,design_0_seq_1,initial,initial,cold_start,,1,0.0289,27.402,0.0289,0.1063,0.0289,0.004985785083390954,0.053851618502493495,0.004985785083390954,38,58,35,64,1.565877844577684,2.7375390804284843,82,82,0,0,4456,0.33135038667459843,8.764907836914062,70,80
negsteer,design_0_seq_1,design_02_s1,design_02,steered,1.0,1,0.218,17.062,0.218,0.2458,0.218,0.14740738997281325,0.19206941759259236,0.14740738997281325,5,38,82,82,3.2363196445526423,3.2363196445526423,82,82,1,1,12245,0.9105443188578227,7.0416693687438965,81,81
negsteer,design_0_seq_1,design_01_s2,design_01,steered,2.0,1,0.0,24.932,0.0,0.0,0.0,0.0,0.0,0.0,0,0,0,0,0.5,0.5,82,82,0,0,0,0.0,,0,0
negsteer,design_0_seq_1,design_00_s2,design_00,steered,2.0,1,0.2884,2.675,0.2884,0.2894,0.2884,0.17313208823978174,0.22221863174402132,0.17313208823978174,74,58,81,82,3.2111376255715163,3.2363196445526423,82,82,0,1,12339,0.9175342058298632,6.478642463684082,82,81
negsteer,design_0_seq_1,design_00_s1,design_00,steered,1.0,1,0.2307,5.772,0.2307,0.2643,0.2307,0.15414703474380076,0.19342268394908255,0.15414703474380076,77,12,79,82,3.1599999999999993,3.2363196445526423,82,82,0,1,12089,0.8989440809042237,6.8727335929870605,82,81
negsteer,design_0_seq_1,design_00_s0,design_00,steered,0.0,1,0.0031,19.841,0.0035,0.0031,0.0031,0.0021096733569099407,0.002423546887457189,0.0021096733569099407,62,11,2,6,0.5,0.5,82,82,0,0,617,0.04588042831647829,9.271743774414062,58,69
negsteer,design_0_seq_1,design_01_s0,design_01,steered,0.0,1,0.0,20.995,0.0,0.0,0.0,0.0,0.0,0.0,0,0,0,0,0.5,0.5,82,82,0,0,0,0.0,,0,0
negsteer,design_0_seq_1,design_01_s1,design_01,steered,1.0,1,0.0,27.461,0.0,0.0,0.0,0.0,0.0,0.0,0,0,0,0,0.5,0.5,82,82,0,0,0,0.0,,0,0
negsteer,design_0_seq_1,design_02_s2,design_02,steered,2.0,1,0.0032,27.672,0.0032,0.0032,0.0032,0.002221244887062689,0.0024323107833724195,0.002221244887062689,64,56,5,12,0.5,0.5,82,82,0,0,850,0.0632064247471743,9.188562393188477,64,67
negsteer,design_0_seq_1,design_02_s0,design_02,steered,0.0,1,0.0037,28.964,0.0037,0.0872,0.0037,0.0030209783311342686,0.007386235122727912,0.0030209783311342686,25,3,17,59,0.5,2.577631935804318,82,82,0,0,2560,0.19036287923854847,8.85356330871582,77,77
negsteer,design_10_seq_0,initial,initial,cold_start,,1,0.4301,28.913,0.4301,0.4737,0.4301,0.2699800409241049,0.2612930514832686,0.2612930514832686,33,45,76,79,3.081256507046695,3.1599999999999993,79,82,0,1,11073,0.8546619326952763,5.12270975112915,79,80
negsteer,design_10_seq_0,design_01_s0,design_01,steered,0.0,1,0.3425,1.168,0.3425,0.3816,0.3425,0.22020877657245985,0.2688754641382796,0.22020877657245985,72,38,82,79,3.2363196445526423,3.1599999999999993,79,82,1,1,12114,0.9350108058042605,5.7607831954956055,77,81
negsteer,design_10_seq_0,design_01_s1,design_01,steered,1.0,1,0.2235,5.207,0.2235,0.2917,0.2235,0.1367373342973569,0.20310523930266955,0.1367373342973569,74,38,81,79,3.2111376255715163,3.1599999999999993,79,82,0,1,11186,0.8633837604198826,6.78306245803833,77,81
negsteer,design_10_seq_0,design_02_s1,design_02,steered,1.0,1,0.1075,5.409,0.1075,0.1642,0.1075,0.05858916898340553,0.10740387956498236,0.05858916898340553,8,58,67,74,2.828313834453388,3.0273155556828426,79,82,0,0,8316,0.6418647730781105,8.150794982910156,75,79
negsteer,design_10_seq_0,design_02_s2,design_02,steered,2.0,1,0.1564,25.834,0.1564,0.1761,0.1564,0.11054568743050287,0.11669154245713044,0.11054568743050287,8,55,75,76,3.054435875049391,3.081256507046695,79,82,0,0,10052,0.7758567459092313,7.803498268127441,76,81
negsteer,design_10_seq_0,design_02_s0,design_02,steered,0.0,1,0.0,26.474,0.0,0.003,0.0,0.0,0.001913523250373035,0.0,0,58,0,9,0.5,0.5,79,82,0,0,310,0.02392713800555727,9.498604774475098,0,57
negsteer,design_10_seq_0,design_00_s1,design_00,steered,1.0,1,0.5717,26.648,0.5717,0.6101,0.5717,0.3759048209832156,0.4119307217983211,0.3759048209832156,44,45,82,79,3.2363196445526423,3.1599999999999993,79,82,1,1,12344,0.9527631985180611,4.204078674316406,77,81
negsteer,design_10_seq_0,design_00_s2,design_00,steered,2.0,1,0.529,29.018,0.529,0.5679,0.529,0.29845067813603465,0.33648588749148495,0.29845067813603465,33,52,82,79,3.2363196445526423,3.1599999999999993,79,82,1,1,12013,0.9272151898734177,4.902620315551758,77,81
negsteer,design_10_seq_0,design_00_s0,design_00,steered,0.0,1,0.5559,29.268,0.5559,0.5945,0.5559,0.3184672690768832,0.3590317903137652,0.3184672690768832,33,45,82,79,3.2363196445526423,3.1599999999999993,79,82,1,1,11959,0.9230472368014819,4.6455230712890625,74,81
negsteer,design_10_seq_0,design_01_s2,design_01,steered,2.0,1,0.0818,9.443,0.0818,0.1663,0.0818,0.02224603336882082,0.10424415770884059,0.02224603336882082,76,58,58,75,2.5442135948795377,3.054435875049391,79,82,0,0,6585,0.5082587218277246,8.154583930969238,72,76
negsteer,design_10_seq_1,initial,initial,cold_start,,1,0.5354,27.453,0.5354,0.6009,0.5354,0.300007147204626,0.29957861242327477,0.29957861242327477,33,45,72,79,2.9721414027832376,3.1599999999999993,79,82,0,1,10425,0.804646495832047,4.557859897613525,79,72
negsteer,design_10_seq_1,design_00_s1,design_00,steered,1.0,1,0.1485,1.938,0.1485,0.1902,0.1485,0.06343896705893022,0.1019834889178505,0.06343896705893022,72,52,75,79,3.054435875049391,3.1599999999999993,79,82,0,1,8134,0.627817227539364,8.181105613708496,70,75
negsteer,design_10_seq_1,design_00_s2,design_00,steered,2.0,1,0.1414,3.048,0.1414,0.1816,0.1414,0.05454796848559304,0.09515739537537007,0.05454796848559304,72,52,71,79,2.9440693332755243,3.1599999999999993,79,82,0,1,7532,0.5813522692188947,8.242894172668457,59,67
negsteer,design_10_seq_1,design_01_s2,design_01,steered,2.0,1,0.0,3.123,0.0,0.0,0.0,0.0,0.0,0.0,0,0,0,0,0.5,0.5,79,82,0,0,0,0.0,,0,0
negsteer,design_10_seq_1,design_00_s0,design_00,steered,0.0,1,0.2259,3.417,0.2259,0.2415,0.2259,0.139959330069302,0.15102538268547505,0.139959330069302,71,52,80,79,3.185699940650432,3.1599999999999993,79,82,0,1,10835,0.8362920654523001,7.121926784515381,77,81
negsteer,design_10_seq_1,design_01_s1,design_01,steered,1.0,1,0.0,4.25,0.0,0.0,0.0,0.0,0.0,0.0,0,0,0,0,0.5,0.5,79,82,0,0,0,0.0,,0,0
negsteer,design_10_seq_1,design_02_s1,design_02,steered,1.0,1,0.4707,25.556,0.4707,0.5458,0.4707,0.3078457206676278,0.33171439003312914,0.3078457206676278,44,45,80,79,3.185699940650432,3.1599999999999993,79,82,0,1,11361,0.8768910157456005,4.646915912628174,78,81
negsteer,design_10_seq_1,design_02_s0,design_02,steered,0.0,1,0.207,25.695,0.207,0.2395,0.207,0.12292607148661266,0.14286487429436842,0.12292607148661266,44,53,71,79,2.9440693332755243,3.1599999999999993,79,82,0,1,9505,0.7336369249768447,6.994433879852295,75,71
negsteer,design_10_seq_1,design_02_s2,design_02,steered,2.0,1,0.2755,25.789,0.2755,0.3165,0.2755,0.16517300015798758,0.18495811522006989,0.16517300015798758,44,53,72,79,2.9721414027832376,3.1599999999999993,79,82,0,1,9895,0.7637388082741587,6.133158206939697,76,71
negsteer,design_10_seq_1,design_01_s0,design_01,steered,0.0,1,0.0,23.348,0.0,0.0,0.0,0.0,0.0,0.0,0,0,0,0,0.5,0.5,79,82,0,0,0,0.0,,0,0
negsteer,design_11_seq_0,initial,initial,cold_start,,1,0.0,34.304,0.0,0.0,0.0,0.0,0.0,0.0,0,0,0,0,0.5,0.5,83,82,0,0,0,0.0,,0,0
negsteer,design_11_seq_0,design_01_s2,design_01,steered,2.0,1,0.5172,2.789,0.5172,0.5452,0.5172,0.34026101834410016,0.36430223951706797,0.34026101834410016,6,45,82,83,3.2363196445526423,3.2612523263775115,83,82,1,1,13185,0.9686306200411402,4.644092082977295,83,81
negsteer,design_11_seq_0,design_01_s0,design_01,steered,0.0,1,0.2793,4.38,0.2793,0.3301,0.2793,0.18822928899843022,0.20549945850152432,0.18822928899843022,74,52,82,83,3.2363196445526423,3.2612523263775115,83,82,1,1,12003,0.8817954745812518,6.297652244567871,83,81
negsteer,design_11_seq_0,design_01_s1,design_01,steered,1.0,1,0.4392,2.674,0.4392,0.4408,0.4392,0.26821698613341405,0.2903647050431861,0.26821698613341405,76,45,82,83,3.2363196445526423,3.2612523263775115,83,82,1,1,12641,0.9286658830443726,5.279178142547607,83,81
negsteer,design_11_seq_0,design_00_s2,design_00,steered,2.0,1,0.0446,2.401,0.0446,0.0525,0.0446,0.012736189714913448,0.014900866969738429,0.012736189714913448,64,58,43,45,1.9653703251258212,2.052968307382785,83,82,0,0,3488,0.2562444901557449,9.12594223022461,68,66
negsteer,design_11_seq_0,design_00_s1,design_00,steered,1.0,1,0.0,2.767,0.0,0.0029,0.0,0.0,0.0009274245239794254,0.0,0,52,0,2,0.5,0.5,83,82,0,0,55,0.004040552453717308,9.737719535827637,0,29
negsteer,design_11_seq_0,design_00_s0,design_00,steered,0.0,1,0.0367,3.19,0.0386,0.0367,0.0367,0.008042788043259138,0.007017082600036591,0.007017082600036591,64,52,40,38,1.8257819953839538,1.726395055015941,83,82,0,0,2748,0.20188069350573024,9.183706283569336,66,65
negsteer,design_11_seq_0,design_02_s2,design_02,steered,2.0,1,0.0,18.127,0.0,0.0026,0.0,0.0,0.00034156727899865407,0.0,0,21,0,2,0.5,0.5,83,82,0,0,18,0.0013223626212165735,9.882439613342285,0,11
negsteer,design_11_seq_0,design_02_s1,design_02,steered,1.0,1,0.0,34.248,0.0,0.0029,0.0,0.0,0.0012532934069451763,0.0,0,20,0,1,0.5,0.5,83,82,0,0,116,0.008521892447840141,9.702656745910645,0,39
negsteer,design_11_seq_0,design_02_s0,design_02,steered,0.0,1,0.0,37.231,0.0,0.0,0.0,0.0,0.0,0.0,0,0,0,0,0.5,0.5,83,82,0,0,0,0.0,,0,0
negsteer,design_11_seq_1,initial,initial,cold_start,,1,0.003,26.654,0.003,0.0194,0.003,0.0015337021701621364,0.004564206862663169,0.0015337021701621364,30,53,1,30,0.5,1.2581029721697827,83,82,0,0,1339,0.09836908610049956,9.014939308166504,48,63
negsteer,design_11_seq_1,design_01_s1,design_01,steered,1.0,1,0.0,3.925,0.0,0.0032,0.0,0.0,0.0020510296013615116,0.0,0,52,0,9,0.5,0.5,83,82,0,0,502,0.036879224213928884,9.33971118927002,0,59
negsteer,design_11_seq_1,design_02_s2,design_02,steered,2.0,1,0.5386,4.092,0.5386,0.5486,0.5386,0.3142021880905896,0.3615392805872167,0.3142021880905896,76,45,82,83,3.2363196445526423,3.2612523263775115,83,82,1,1,12830,0.9425506905671467,4.72889518737793,83,81
negsteer,design_11_seq_1,design_02_s0,design_02,steered,0.0,1,0.3347,3.275,0.3347,0.3881,0.3347,0.18960307582550828,0.2219929446994395,0.18960307582550828,76,52,80,83,3.185699940650432,3.2612523263775115,83,82,0,1,11167,0.8203790772847488,5.915449619293213,79,79
negsteer,design_11_seq_1,design_02_s1,design_02,steered,1.0,1,0.402,6.199,0.402,0.4323,0.402,0.2280058253315244,0.2653580186263908,0.2280058253315244,76,45,82,83,3.2363196445526423,3.2612523263775115,83,82,1,1,12203,0.8964883925947693,5.658668518066406,80,81
negsteer,design_11_seq_1,design_01_s0,design_01,steered,0.0,1,0.0,39.074,0.0,0.003,0.0,0.0,0.002343225761362147,0.0,0,21,0,19,0.5,0.5,83,82,0,0,598,0.04393182486041728,9.424376487731934,0,69
negsteer,design_11_seq_1,design_01_s2,design_01,steered,2.0,1,0.0541,43.899,0.0541,0.0745,0.0541,0.01996107868491167,0.03020272005871847,0.01996107868491167,8,10,45,56,2.052968307382785,2.4757893780745857,83,82,0,0,4880,0.3585071995298266,8.880422592163086,78,81
negsteer,design_11_seq_1,design_00_s0,design_00,steered,0.0,1,0.0,21.966,0.0,0.0,0.0,0.0,0.0,0.0,0,0,0,0,0.5,0.5,83,82,0,0,0,0.0,,0,0
negsteer,design_11_seq_1,design_00_s2,design_00,steered,2.0,1,0.0,24.068,0.0,0.0,0.0,0.0,0.0,0.0,0,0,0,0,0.5,0.5,83,82,0,0,0,0.0,,0,0
negsteer,design_11_seq_1,design_00_s1,design_00,steered,1.0,1,0.0,45.574,0.0,0.0,0.0,0.0,0.0,0.0,0,0,0,0,0.5,0.5,83,82,0,0,0,0.0,,0,0
negsteer,design_12_seq_0,initial,initial,cold_start,,1,0.0,30.028,0.0,0.0,0.0,0.0,0.0,0.0,0,0,0,0,0.5,0.5,85,82,0,0,0,0.0,,0,0
negsteer,design_12_seq_0,design_02_s1,design_02,steered,1.0,1,0.0029,9.924,0.0029,0.0337,0.0029,0.0006505948957055807,0.005942973663189971,0.0006505948957055807,7,58,6,35,0.5,1.565877844577684,85,82,0,0,1458,0.10459110473457675,8.724431037902832,21,70
negsteer,design_12_seq_0,design_02_s0,design_02,steered,0.0,1,0.0,17.981,0.0,0.0033,0.0,0.0,0.0021410543392071635,0.0,0,24,0,7,0.5,0.5,85,82,0,0,431,0.03091822094691535,9.294483184814453,0,61
negsteer,design_12_seq_0,design_01_s0,design_01,steered,0.0,1,0.0,13.364,0.0,0.0,0.0,0.0,0.0,0.0,0,0,0,0,0.5,0.5,85,82,0,0,0,0.0,,0,0
negsteer,design_12_seq_0,design_00_s0,design_00,steered,0.0,1,0.0,22.759,0.0,0.0,0.0,0.0,0.0,0.0,0,0,0,0,0.5,0.5,85,82,0,0,0,0.0,,0,0
negsteer,design_12_seq_0,design_01_s2,design_01,steered,2.0,1,0.0,33.922,0.0,0.0,0.0,0.0,0.0,0.0,0,0,0,0,0.5,0.5,85,82,0,0,0,0.0,,0,0
negsteer,design_12_seq_0,design_02_s2,design_02,steered,2.0,1,0.0,38.252,0.0,0.0,0.0,0.0,0.0,0.0,0,0,0,0,0.5,0.5,85,82,0,0,0,0.0,,0,0
negsteer,design_12_seq_0,design_00_s2,design_00,steered,2.0,1,0.0,39.53,0.0,0.0,0.0,0.0,0.0,0.0,0,0,0,0,0.5,0.5,85,82,0,0,0,0.0,,0,0
negsteer,design_12_seq_0,design_00_s1,design_00,steered,1.0,1,0.0,40.471,0.0,0.003,0.0,0.0,0.0021782468425155413,0.0,0,77,0,11,0.5,0.5,85,82,0,0,568,0.040746054519368725,9.487302780151367,0,65
negsteer,design_12_seq_0,design_01_s1,design_01,steered,1.0,1,0.0,40.663,0.0,0.0,0.0,0.0,0.0,0.0,0,0,0,0,0.5,0.5,85,82,0,0,0,0.0,,0,0
negsteer,design_12_seq_1,initial,initial,cold_start,,1,0.0,36.106,0.0,0.0,0.0,0.0,0.0,0.0,0,0,0,0,0.5,0.5,85,82,0,0,0,0.0,,0,0
negsteer,design_12_seq_1,design_00_s1,design_00,steered,1.0,1,0.0,40.225,0.0,0.0,0.0,0.0,0.0,0.0,0,0,0,0,0.5,0.5,85,82,0,0,0,0.0,,0,0
negsteer,design_12_seq_1,design_00_s2,design_00,steered,2.0,1,0.0,40.596,0.0,0.0,0.0,0.0,0.0,0.0,0,0,0,0,0.5,0.5,85,82,0,0,0,0.0,,0,0
negsteer,design_12_seq_1,design_00_s0,design_00,steered,0.0,1,0.0,40.964,0.0,0.0,0.0,0.0,0.0,0.0,0,0,0,0,0.5,0.5,85,82,0,0,0,0.0,,0,0
negsteer,design_12_seq_1,design_01_s0,design_01,steered,0.0,1,0.1599,29.224,0.2728,0.1599,0.1599,0.026479521317078786,0.07782340340498017,0.026479521317078786,16,38,75,70,3.054435875049391,2.9156610513441255,85,82,0,0,4998,0.35853658536585364,7.865965843200684,56,81
negsteer,design_12_seq_1,design_01_s1,design_01,steered,1.0,1,0.2065,29.604,0.3376,0.2065,0.2065,0.053250857998671776,0.11487545711329071,0.053250857998671776,16,38,82,78,3.2363196445526423,3.1340309377915263,85,82,1,0,7221,0.5180057388809183,7.730872631072998,70,81
negsteer,design_12_seq_1,design_01_s2,design_01,steered,2.0,1,0.1369,30.939,0.25,0.1369,0.1369,0.026682563816361568,0.05479625664174375,0.026682563816361568,16,38,75,59,3.054435875049391,2.577631935804318,85,82,0,0,4244,0.30444763271162123,7.723896026611328,57,78
negsteer,design_12_seq_1,design_02_s0,design_02,steered,0.0,1,0.0,42.872,0.0,0.0,0.0,0.0,0.0,0.0,0,0,0,0,0.5,0.5,85,82,0,0,0,0.0,,0,0
negsteer,design_12_seq_1,design_02_s1,design_02,steered,1.0,1,0.0,43.319,0.0,0.0,0.0,0.0,0.0,0.0,0,0,0,0,0.5,0.5,85,82,0,0,0,0.0,,0,0
negsteer,design_12_seq_1,design_02_s2,design_02,steered,2.0,1,0.0,43.631,0.0,0.0,0.0,0.0,0.0,0.0,0,0,0,0,0.5,0.5,85,82,0,0,0,0.0,,0,0
negsteer,design_13_seq_0,initial,initial,cold_start,,1,0.0032,5.63,0.0038,0.0032,0.0032,0.0014640132339034033,0.0020595940693122583,0.0014640132339034033,74,58,22,14,0.572034666637762,0.5,76,82,0,0,737,0.05913029525032092,9.367399215698242,42,59
negsteer,design_13_seq_0,design_01_s2,design_01,steered,2.0,1,0.0729,5.592,0.0729,0.1064,0.0729,0.027061716224508064,0.058560356421100836,0.027061716224508064,72,58,54,63,2.4051021893375664,2.7064590702237057,76,82,0,0,5609,0.4500160462130937,8.70008659362793,68,69
negsteer,design_13_seq_0,design_01_s1,design_01,steered,1.0,1,0.1193,4.154,0.1193,0.1484,0.1193,0.07393312299513798,0.0929336949115301,0.07393312299513798,7,56,68,75,2.8577943352341295,3.054435875049391,76,82,0,0,8438,0.67698973042362,8.259923934936523,74,74
negsteer,design_13_seq_0,design_01_s0,design_01,steered,0.0,1,0.003,4.272,0.003,0.0123,0.003,0.002212247265943963,0.00323964531033686,0.002212247265943963,72,56,14,26,0.5,0.9577353123059507,76,82,0,0,1502,0.12050706033376123,9.012937545776367,61,63
negsteer,design_13_seq_0,design_02_s1,design_02,steered,1.0,1,0.0177,12.658,0.0241,0.0177,0.0177,0.007507877978863881,0.003696980196187591,0.003696980196187591,43,22,30,28,1.2581029721697827,1.115655012773739,76,82,0,0,2743,0.22007381258023107,8.68260669708252,70,75
negsteer,design_13_seq_0,design_00_s2,design_00,steered,2.0,1,0.0031,13.138,0.0033,0.0031,0.0031,0.0023322168792794017,0.0017549384430777736,0.0017549384430777736,40,27,8,1,0.5,0.5,76,82,0,0,473,0.03794929396662388,9.330150604248047,62,53
negsteer,design_13_seq_0,design_00_s0,design_00,steered,0.0,1,0.0179,29.337,0.0185,0.0179,0.0179,0.0025067676906473935,0.002234412905214945,0.002234412905214945,32,52,30,30,1.2581029721697827,1.2581029721697827,76,82,0,0,1153,0.09250641848523748,9.420257568359375,45,59
negsteer,design_13_seq_0,design_00_s1,design_00,steered,1.0,1,0.0055,29.634,0.0205,0.0055,0.0055,0.0030870269861464437,0.002042810622852568,0.002042810622852568,33,52,31,23,1.3246042037392856,0.6799999999999999,76,82,0,0,1141,0.09154364569961489,9.39526653289795,48,58
negsteer,design_13_seq_0,design_02_s2,design_02,steered,2.0,1,0.2197,31.165,0.2197,0.2347,0.2197,0.13837783385411298,0.15344199625968297,0.13837783385411298,43,45,82,75,3.2363196445526423,3.054435875049391,76,82,1,0,10328,0.8286264441591784,6.990347862243652,75,80
negsteer,design_13_seq_0,design_02_s0,design_02,steered,0.0,1,0.0569,31.4,0.0569,0.072,0.0569,0.010726737336402661,0.012962336132371025,0.010726737336402661,43,52,49,55,2.2171186335840796,2.440740347758208,76,82,0,0,2987,0.23965019255455713,9.168061256408691,55,67
negsteer,design_13_seq_1,initial,initial,cold_start,,1,0.0738,31.25,0.0738,0.0898,0.0738,0.0075359792957131405,0.03691614590153643,0.0075359792957131405,33,52,56,58,2.4757893780745857,2.5442135948795377,76,82,0,0,3372,0.27053915275994866,8.784355163574219,47,65
negsteer,design_13_seq_1,design_00_s2,design_00,steered,2.0,1,0.0,12.582,0.0,0.0,0.0,0.0,0.0,0.0,0,0,0,0,0.5,0.5,76,82,0,0,0,0.0,,0,0
negsteer,design_13_seq_1,design_02_s2,design_02,steered,2.0,1,0.1419,27.868,0.1419,0.1756,0.1419,0.03618691170183746,0.11086988458466693,0.03618691170183746,34,53,71,71,2.9440693332755243,2.9440693332755243,76,82,0,0,6702,0.5377086007702182,7.789997577667236,66,73
negsteer,design_13_seq_1,design_00_s1,design_00,steered,1.0,1,0.0032,27.988,0.0129,0.0032,0.0032,0.0011212408977658733,0.0021235567244996386,0.0011212408977658733,32,35,27,11,1.0388913215322628,0.5,76,82,0,0,717,0.057525673940949935,9.31179141998291,25,60
negsteer,design_13_seq_1,design_01_s2,design_01,steered,2.0,1,0.0,7.777,0.0,0.0,0.0,0.0,0.0,0.0,0,0,0,0,0.5,0.5,76,82,0,0,0,0.0,,0,0
negsteer,design_13_seq_1,design_02_s1,design_02,steered,1.0,1,0.0,11.423,0.0,0.0,0.0,0.0,0.0,0.0,0,0,0,0,0.5,0.5,76,82,0,0,0,0.0,,0,0
negsteer,design_13_seq_1,design_01_s0,design_01,steered,0.0,1,0.0,12.696,0.0,0.0029,0.0,0.0,0.0019945785482754796,0.0,0,36,0,4,0.5,0.5,76,82,0,0,379,0.030407573812580233,9.5308837890625,0,60
negsteer,design_13_seq_1,design_00_s0,design_00,steered,0.0,1,0.0,26.838,0.0,0.0,0.0,0.0,0.0,0.0,0,0,0,0,0.5,0.5,76,82,0,0,0,0.0,,0,0
negsteer,design_13_seq_1,design_02_s0,design_02,steered,0.0,1,0.2934,28.453,0.2934,0.2986,0.2934,0.12946122511608624,0.18464397252594097,0.12946122511608624,33,55,73,75,2.9998870343784683,3.054435875049391,76,82,0,0,9552,0.766367137355584,6.497504711151123,73,76
negsteer,design_13_seq_1,design_01_s1,design_01,steered,1.0,1,0.0,41.265,0.0,0.0,0.0,0.0,0.0,0.0,0,0,0,0,0.5,0.5,76,82,0,0,0,0.0,,0,0
negsteer,design_14_seq_0,initial,initial,cold_start,,1,0.4172,28.547,0.4172,0.4339,0.4172,0.24857391016557812,0.24509769529047445,0.24509769529047445,33,45,77,80,3.107785596003703,3.185699940650432,80,82,0,1,11129,0.8482469512195122,5.327982425689697,78,78
negsteer,design_14_seq_0,design_02_s0,design_02,steered,0.0,1,0.8132,2.663,0.8132,0.8322,0.8132,0.5210578731668647,0.5484893813547564,0.5210578731668647,5,45,82,80,3.2363196445526423,3.185699940650432,80,82,1,1,12808,0.9762195121951219,3.32321834564209,80,81
negsteer,design_14_seq_0,design_02_s2,design_02,steered,2.0,1,0.8369,2.469,0.8369,0.8547,0.8369,0.5562170675519156,0.5703202179383214,0.5562170675519156,5,45,82,80,3.2363196445526423,3.185699940650432,80,82,1,1,12851,0.9794969512195122,3.096065044403076,80,81
negsteer,design_14_seq_0,design_02_s1,design_02,steered,1.0,1,0.8363,3.031,0.8363,0.8553,0.8363,0.5431166645750636,0.569110734479093,0.5431166645750636,5,45,82,80,3.2363196445526423,3.185699940650432,80,82,1,1,12795,0.9752286585365854,3.15071702003479,80,81
negsteer,design_14_seq_0,design_01_s2,design_01,steered,2.0,1,0.8511,2.782,0.8671,0.8511,0.8511,0.5633115634904243,0.6066456655489009,0.5633115634904243,6,45,82,80,3.2363196445526423,3.185699940650432,80,82,1,1,12888,0.9823170731707317,2.898009777069092,80,82
negsteer,design_14_seq_0,design_00_s0,design_00,steered,0.0,1,0.698,2.898,0.698,0.7039,0.698,0.43203262706520035,0.4419125589065072,0.43203262706520035,71,52,82,80,3.2363196445526423,3.185699940650432,80,82,1,1,12735,0.9706554878048781,3.936807632446289,80,81
negsteer,design_14_seq_0,design_00_s2,design_00,steered,2.0,1,0.5503,3.041,0.5503,0.5505,0.5503,0.3270773169671884,0.3226845841286931,0.3226845841286931,6,52,82,80,3.2363196445526423,3.185699940650432,80,82,1,1,12384,0.9439024390243902,4.845685005187988,80,81
negsteer,design_14_seq_0,design_00_s1,design_00,steered,1.0,1,0.763,3.217,0.7986,0.763,0.763,0.5299043750157579,0.5375674192242824,0.5299043750157579,6,52,82,80,3.2363196445526423,3.185699940650432,80,82,1,1,12853,0.9796493902439024,3.175743818283081,80,82
negsteer,design_14_seq_0,design_01_s1,design_01,steered,1.0,1,0.8621,3.279,0.8659,0.8621,0.8621,0.5793059455405455,0.6182003788104872,0.5793059455405455,6,45,82,80,3.2363196445526423,3.185699940650432,80,82,1,1,12909,0.9839176829268292,2.808124303817749,80,81
negsteer,design_14_seq_0,design_01_s0,design_01,steered,0.0,1,0.8296,3.626,0.8534,0.8296,0.8296,0.5573330728278961,0.587683016042475,0.5573330728278961,6,45,82,80,3.2363196445526423,3.185699940650432,80,82,1,1,12875,0.9813262195121951,2.9423136711120605,80,82
negsteer,design_14_seq_1,initial,initial,cold_start,,1,0.7065,28.076,0.7065,0.7901,0.7065,0.4350494452111889,0.42073301349414466,0.42073301349414466,47,45,82,80,3.2363196445526423,3.185699940650432,80,82,1,1,11810,0.9001524390243902,3.8729426860809326,79,81
negsteer,design_14_seq_1,design_01_s2,design_01,steered,2.0,1,0.8436,1.435,0.8436,0.8611,0.8436,0.5848735310399207,0.5946632948045324,0.5848735310399207,6,45,82,80,3.2363196445526423,3.185699940650432,80,82,1,1,12831,0.9779725609756098,2.861219882965088,80,81
negsteer,design_14_seq_1,design_00_s2,design_00,steered,2.0,1,0.0,1.937,0.0,0.0,0.0,0.0,0.0,0.0,0,0,0,0,0.5,0.5,80,82,0,0,0,0.0,,0,0
negsteer,design_14_seq_1,design_01_s1,design_01,steered,1.0,1,0.8033,2.44,0.8033,0.8309,0.8033,0.5283539076510351,0.5353694279201147,0.5283539076510351,6,45,82,80,3.2363196445526423,3.185699940650432,80,82,1,1,12750,0.9717987804878049,3.2927372455596924,80,81
negsteer,design_14_seq_1,design_00_s1,design_00,steered,1.0,1,0.0,2.495,0.0,0.0,0.0,0.0,0.0,0.0,0,0,0,0,0.5,0.5,80,82,0,0,0,0.0,,0,0
negsteer,design_14_seq_1,design_01_s0,design_01,steered,0.0,1,0.8708,3.59,0.8708,0.8739,0.8708,0.6103940899978625,0.626378913296432,0.6103940899978625,6,45,82,80,3.2363196445526423,3.185699940650432,80,82,1,1,12874,0.98125,2.66306209564209,80,81
negsteer,design_14_seq_1,design_00_s0,design_00,steered,0.0,1,0.0,3.884,0.0,0.0,0.0,0.0,0.0,0.0,0,0,0,0,0.5,0.5,80,82,0,0,0,0.0,,0,0
negsteer,design_14_seq_1,design_02_s1,design_02,steered,1.0,1,0.2729,26.786,0.2983,0.2729,0.2729,0.20686590715486092,0.17855427687612885,0.17855427687612885,47,22,76,80,3.081256507046695,3.185699940650432,80,82,0,1,10780,0.8216463414634146,6.047241687774658,78,77
negsteer,design_14_seq_1,design_02_s0,design_02,steered,0.0,1,0.3271,26.928,0.3527,0.3271,0.3271,0.24213107413670515,0.21864334464345764,0.21864334464345764,7,24,81,80,3.2111376255715163,3.185699940650432,80,82,0,1,11513,0.8775152439024391,5.6995038986206055,78,81
negsteer,design_14_seq_1,design_02_s2,design_02,steered,2.0,1,0.2625,27.129,0.2868,0.2625,0.2625,0.19567330295394642,0.17101713474101682,0.17101713474101682,7,24,77,80,3.107785596003703,3.185699940650432,80,82,0,1,10726,0.817530487804878,6.1974945068359375,77,77
negsteer,design_15_seq_0,initial,initial,cold_start,,1,0.3118,10.205,0.3118,0.3592,0.3118,0.13615164048624812,0.21663800547490034,0.13615164048624812,73,53,73,81,2.9998870343784683,3.2111376255715163,81,82,0,1,10168,0.7654320987654321,6.265050888061523,78,71
negsteer,design_15_seq_0,design_00_s1,design_00,steered,1.0,1,0.0027,8.87,0.0027,0.0033,0.0027,9.695815646813976e-05,0.0021401866305074315,9.695815646813976e-05,75,54,2,13,0.5,0.5,81,82,0,0,555,0.041779584462511295,9.164074897766113,3,59
negsteer,design_15_seq_0,design_00_s2,design_00,steered,2.0,1,0.0,9.07,0.0,0.0032,0.0,0.0,0.001991315443841059,0.0,0,56,0,8,0.5,0.5,81,82,0,0,362,0.027250828063836195,9.310476303100586,0,57
negsteer,design_15_seq_0,design_01_s0,design_01,steered,0.0,1,0.7326,9.758,0.7326,0.7744,0.7326,0.4361087150015167,0.5379899101240969,0.4361087150015167,73,45,82,81,3.2363196445526423,3.2111376255715163,81,82,1,1,12851,0.9674043962661849,3.5800487995147705,79,82
negsteer,design_15_seq_0,design_01_s2,design_01,steered,2.0,1,0.5017,10.704,0.5017,0.5164,0.5017,0.1879786690265906,0.3096388510098999,0.1879786690265906,73,45,78,81,3.1340309377915263,3.2111376255715163,81,82,0,1,10818,0.8143631436314364,5.440148830413818,79,81
negsteer,design_15_seq_0,design_01_s1,design_01,steered,1.0,1,0.5287,11.095,0.5287,0.5727,0.5287,0.24771886949002006,0.34463280119660605,0.24771886949002006,73,52,82,81,3.2363196445526423,3.2111376255715163,81,82,1,1,11596,0.8729298404095152,5.041651725769043,79,81
negsteer,design_15_seq_0,design_02_s2,design_02,steered,2.0,1,0.2537,17.103,0.2537,0.283,0.2537,0.17092857718249255,0.21944380986856343,0.17092857718249255,48,22,82,81,3.2363196445526423,3.2111376255715163,81,82,1,1,12371,0.9312707015959049,6.522775173187256,80,82
negsteer,design_15_seq_0,design_02_s1,design_02,steered,1.0,1,0.0771,26.457,0.0771,0.0836,0.0771,0.025957732927054167,0.029311389100124558,0.025957732927054167,48,58,52,57,2.331955096040982,2.5102730396591975,81,82,0,0,4512,0.33965672990063234,8.767195701599121,73,64
negsteer,design_15_seq_0,design_00_s0,design_00,steered,0.0,1,0.0961,39.178,0.0961,0.1579,0.0961,0.03449190240410835,0.1169751603440268,0.03449190240410835,21,40,63,71,2.7064590702237057,2.9440693332755243,81,82,0,0,7770,0.5849141824751581,8.06021499633789,75,81
negsteer,design_15_seq_0,design_02_s0,design_02,steered,0.0,1,0.0,25.354,0.0,0.0,0.0,0.0,0.0,0.0,0,0,0,0,0.5,0.5,81,82,0,0,0,0.0,,0,0
negsteer,design_15_seq_1,initial,initial,cold_start,0.0,1,0.3983,3.191,0.3983,0.4605,0.3983,0.22359645154534113,0.25533425262220566,0.22359645154534113,74,52,81,81,3.2111376255715163,3.2111376255715163,81,82,0,1,11514,0.8667570009033424,5.568552017211914,78,81
negsteer,design_15_seq_1,initial_s2,initial,cold_start,2.0,1,0.2919,2.932,0.2919,0.3626,0.2919,0.17139374093658485,0.19388038462323204,0.17139374093658485,6,52,77,81,3.107785596003703,3.2111376255715163,81,82,0,1,10786,0.8119542306534177,6.235323905944824,78,77
negsteer,design_15_seq_1,initial_s1,initial,cold_start,1.0,1,0.3539,3.399,0.3539,0.4127,0.3539,0.20699729040885964,0.23279478788523503,0.20699729040885964,74,52,81,81,3.2111376255715163,3.2111376255715163,81,82,0,1,11372,0.8560674495633845,5.788271903991699,79,79
negsteer,design_16_seq_0,initial,initial,cold_start,,1,0.1078,25.88,0.1078,0.1306,0.1078,0.04958768695286369,0.07741013893903029,0.04958768695286369,7,58,68,74,2.8577943352341295,3.0273155556828426,79,82,0,0,7184,0.554492127199753,8.55494213104248,68,71
negsteer,design_16_seq_0,design_00_s2,design_00,steered,2.0,1,0.3809,26.497,0.3809,0.4457,0.3809,0.21770753194224327,0.22783903324715338,0.21770753194224327,33,45,75,79,3.054435875049391,3.1599999999999993,79,82,0,1,10495,0.8100493979623341,5.551886081695557,78,78
negsteer,design_16_seq_0,design_00_s0,design_00,steered,0.0,1,0.6493,27.817,0.6493,0.7095,0.6493,0.3902058773821432,0.41650025164935645,0.3902058773821432,32,45,82,79,3.2363196445526423,3.1599999999999993,79,82,1,1,12346,0.952917567150355,4.16102933883667,79,81
negsteer,design_16_seq_0,design_00_s1,design_00,steered,1.0,1,0.3208,28.7,0.3208,0.417,0.3208,0.18412115912636906,0.20459232810975575,0.18412115912636906,32,45,78,79,3.1340309377915263,3.1599999999999993,79,82,0,1,10397,0.8024853349799321,5.972875118255615,76,81
negsteer,design_16_seq_0,design_02_s2,design_02,steered,2.0,1,0.0031,22.798,0.0032,0.0031,0.0031,0.0020502471465240176,0.002063759349899866,0.0020502471465240176,42,38,11,6,0.5,0.5,79,82,0,0,526,0.0405989502933004,9.316452980041504,57,60
negsteer,design_16_seq_0,design_02_s0,design_02,steered,0.0,1,0.0029,23.098,0.0029,0.0029,0.0029,0.0007563589783267507,0.0009203370285742893,0.0007563589783267507,35,23,1,1,0.5,0.5,79,82,0,0,73,0.0056344550787280024,9.668195724487305,22,29
negsteer,design_16_seq_0,design_01_s2,design_01,steered,2.0,1,0.0031,24.012,0.0031,0.0031,0.0031,0.0019030667977006752,0.0021536357149981506,0.0019030667977006752,45,58,8,6,0.5,0.5,79,82,0,0,565,0.0436091386230318,9.300284385681152,54,61
negsteer,design_16_seq_0,design_01_s0,design_01,steered,0.0,1,0.0031,24.7,0.0031,0.0031,0.0031,0.0017195314292713434,0.001991794714363428,0.0017195314292713434,43,62,7,4,0.5,0.5,79,82,0,0,455,0.03511886384686631,9.338600158691406,49,57
negsteer,design_16_seq_0,design_01_s1,design_01,steered,1.0,1,0.0031,25.519,0.0031,0.0032,0.0031,0.0021663365319748466,0.0022584952715011997,0.0021663365319748466,45,76,13,8,0.5,0.5,79,82,0,0,941,0.07263044149428836,9.242206573486328,61,62
negsteer,design_16_seq_0,design_02_s1,design_02,steered,1.0,1,0.0909,28.628,0.1215,0.0909,0.0909,0.05714324636597045,0.048408081462584074,0.048408081462584074,44,23,62,57,2.674944339371981,2.5102730396591975,79,82,0,0,6121,0.4724451991355357,8.247203826904297,74,70
negsteer,design_16_seq_1,initial,initial,cold_start,,1,0.1388,28.574,0.1388,0.1406,0.1388,0.06488564462235928,0.06541966883715515,0.06488564462235928,33,52,69,77,2.886906305608928,3.107785596003703,79,82,0,0,7277,0.5616702686014202,8.538118362426758,68,63
negsteer,design_16_seq_1,design_00_s1,design_00,steered,1.0,1,0.2368,4.221,0.2368,0.2879,0.2368,0.09576017927979649,0.15501730543811146,0.09576017927979649,70,52,71,79,2.9440693332755243,3.1599999999999993,79,82,0,1,9014,0.6957394257486879,7.028700351715088,75,72
negsteer,design_16_seq_1,design_00_s2,design_00,steered,2.0,1,0.2039,2.51,0.2148,0.2039,0.2039,0.02386858551232498,0.1173675450235151,0.02386858551232498,71,53,69,75,2.886906305608928,3.054435875049391,79,82,0,0,5692,0.4393331275084903,7.451901435852051,47,66
negsteer,design_16_seq_1,design_00_s0,design_00,steered,0.0,1,0.1777,5.641,0.1777,0.2274,0.1777,0.05119214931950916,0.1166421086896529,0.05119214931950916,70,52,68,79,2.8577943352341295,3.1599999999999993,79,82,0,1,7066,0.5453843778944119,7.573427677154541,63,66
negsteer,design_16_seq_1,design_01_s0,design_01,steered,0.0,1,0.0035,11.287,0.0035,0.012,0.0035,0.0023211424881474504,0.002712880516788218,0.0023211424881474504,42,12,2,26,0.5,0.9577353123059507,79,82,0,0,810,0.06251929607903674,9.204136848449707,60,74
negsteer,design_16_seq_1,design_01_s2,design_01,steered,2.0,1,0.7184,15.208,0.7184,0.7288,0.7184,0.5030485830163653,0.5413181263521859,0.5030485830163653,35,39,82,79,3.2363196445526423,3.1599999999999993,79,82,1,1,12673,0.9781568385304106,3.230095386505127,77,82
negsteer,design_16_seq_1,design_02_s2,design_02,steered,2.0,1,0.0028,24.92,0.0028,0.0029,0.0028,0.0016225515511122685,0.001700671716229763,0.0016225515511122685,34,22,11,1,0.5,0.5,79,82,0,0,438,0.03380673047236801,9.696893692016602,49,52
negsteer,design_16_seq_1,design_02_s0,design_02,steered,0.0,1,0.0026,25.264,0.0026,0.0027,0.0026,0.00045016852407893046,0.00012723121383204693,0.00012723121383204693,20,47,2,1,0.5,0.5,79,82,0,0,25,0.0019296079036739734,9.869634628295898,14,4
negsteer,design_16_seq_1,design_02_s1,design_02,steered,1.0,1,0.0029,25.396,0.0036,0.0029,0.0029,0.0017083695252673536,0.001817292530975509,0.0017083695252673536,7,22,22,1,0.572034666637762,0.5,79,82,0,0,436,0.0336523618400741,9.662939071655273,51,55
negsteer,design_16_seq_1,design_01_s1,design_01,steered,1.0,1,0.1659,25.4,0.1659,0.228,0.1659,0.112357661944425,0.14484379502728853,0.112357661944425,8,52,72,78,2.9721414027832376,3.1340309377915263,79,82,0,0,10089,0.7787125656066687,7.320647716522217,76,80
negsteer,design_17_seq_0,initial,initial,cold_start,0.0,1,0.7566,2.043,0.7566,0.7805,0.7566,0.47039018321746984,0.5041308087955524,0.47039018321746984,70,45,82,79,3.2363196445526423,3.1599999999999993,79,82,1,1,12530,0.9671194813213955,3.529181957244873,79,80
negsteer,design_17_seq_0,initial_s2,initial,cold_start,2.0,1,0.668,2.062,0.668,0.7071,0.668,0.36936471546422456,0.4208314453916079,0.36936471546422456,71,45,82,79,3.2363196445526423,3.1599999999999993,79,82,1,1,11975,0.9242821858598332,4.250198841094971,78,81
negsteer,design_17_seq_0,initial_s1,initial,cold_start,1.0,1,0.7024,2.046,0.7024,0.7166,0.7024,0.4007290664299898,0.43974855349103853,0.4007290664299898,71,45,82,79,3.2363196445526423,3.1599999999999993,79,82,1,1,12500,0.9648039518369868,4.145333290100098,79,81
negsteer,design_17_seq_1,initial,initial,cold_start,,1,0.0,2.004,0.0,0.0033,0.0,0.0,0.002167405114827178,0.0,0,63,0,6,0.5,0.5,79,82,0,0,480,0.03704847175054029,9.04193115234375,0,58
negsteer,design_17_seq_1,design_01_s0,design_01,steered,0.0,1,0.1499,4.657,0.1499,0.2147,0.1499,0.07152073588988543,0.13650665224938677,0.07152073588988543,71,58,73,78,2.9998870343784683,3.1340309377915263,79,82,0,0,8935,0.6896418647730781,7.6631293296813965,71,76
negsteer,design_17_seq_1,design_01_s1,design_01,steered,1.0,1,0.2716,7.782,0.2716,0.3191,0.2716,0.12705713318649067,0.20540072417693075,0.12705713318649067,70,54,80,79,3.185699940650432,3.1599999999999993,79,82,0,1,10353,0.7990892250694659,6.567968845367432,76,81
negsteer,design_17_seq_1,design_01_s2,design_01,steered,2.0,1,0.0314,10.229,0.0314,0.0997,0.0314,0.00256771614621806,0.04654408528798873,0.00256771614621806,69,58,37,62,1.6745287700126796,2.674944339371981,79,82,0,0,3254,0.25115776474220436,8.652251243591309,44,62
negsteer,design_17_seq_1,design_00_s1,design_00,steered,1.0,1,0.0,26.37,0.0,0.003,0.0,0.0,0.001706375127158514,0.0,0,24,0,5,0.5,0.5,79,82,0,0,181,0.013970361222599568,9.582283020019531,0,52
negsteer,design_17_seq_1,design_02_s1,design_02,steered,1.0,1,0.0297,27.001,0.0297,0.0402,0.0297,0.005240748542113395,0.010645029069742233,0.005240748542113395,46,48,35,40,1.565877844577684,1.8257819953839538,79,82,0,0,2522,0.19465884532263045,9.162054061889648,56,62
negsteer,design_17_seq_1,design_00_s0,design_00,steered,0.0,1,0.0,27.026,0.0,0.0029,0.0,0.0,0.0015231036359625982,0.0,0,24,0,5,0.5,0.5,79,82,0,0,127,0.009802408150663786,9.660543441772461,0,47
negsteer,design_17_seq_1,design_02_s2,design_02,steered,2.0,1,0.0029,27.108,0.0029,0.0029,0.0029,0.0005930752575963358,0.0015739701864332324,0.0005930752575963358,45,45,3,5,0.5,0.5,79,82,0,0,282,0.02176597715344242,9.701862335205078,18,49
negsteer,design_17_seq_1,design_02_s0,design_02,steered,0.0,1,0.079,27.531,0.079,0.1052,0.079,0.029271285842420367,0.045878924014864535,0.029271285842420367,46,48,56,69,2.4757893780745857,2.886906305608928,79,82,0,0,5250,0.4052176597715344,8.867914199829102,66,64
negsteer,design_17_seq_1,design_00_s2,design_00,steered,2.0,1,0.0,14.407,0.0,0.0,0.0,0.0,0.0,0.0,0,0,0,0,0.5,0.5,79,82,0,0,0,0.0,,0,0
negsteer,design_18_seq_0,initial,initial,cold_start,,1,0.0,31.513,0.0,0.0029,0.0,0.0,0.0008013778530833562,0.0,0,58,0,1,0.5,0.5,75,82,0,0,26,0.002113821138211382,9.740050315856934,0,25
negsteer,design_18_seq_0,design_02_s0,design_02,steered,0.0,1,0.0,4.264,0.0,0.0027,0.0,0.0,0.00021991996866900745,0.0,0,54,0,1,0.5,0.5,75,82,0,0,7,0.0005691056910569106,9.839106559753418,0,7
negsteer,design_18_seq_0,design_00_s2,design_00,steered,2.0,1,0.8002,1.277,0.8002,0.8101,0.8002,0.5106399988010526,0.5413813481061924,0.5106399988010526,67,45,82,75,3.2363196445526423,3.054435875049391,75,82,1,1,11967,0.9729268292682927,3.247913122177124,75,81
negsteer,design_18_seq_0,design_00_s1,design_00,steered,1.0,1,0.7609,2.797,0.7665,0.7609,0.7609,0.4763487312135597,0.5023492731880851,0.4763487312135597,67,45,82,75,3.2363196445526423,3.054435875049391,75,82,1,1,11976,0.9736585365853658,3.456299066543579,74,81
negsteer,design_18_seq_0,design_00_s0,design_00,steered,0.0,1,0.641,2.119,0.641,0.6641,0.641,0.3545866093846659,0.40247841483754354,0.3545866093846659,66,45,82,75,3.2363196445526423,3.054435875049391,75,82,1,1,11589,0.9421951219512195,4.325683116912842,74,81
negsteer,design_18_seq_0,design_02_s2,design_02,steered,2.0,1,0.1603,28.697,0.1603,0.2028,0.1603,0.0762930999789387,0.11274293335381805,0.0762930999789387,33,53,71,75,2.9440693332755243,3.054435875049391,75,82,0,1,8271,0.672439024390244,7.796921253204346,68,71
negsteer,design_18_seq_0,design_02_s1,design_02,steered,1.0,1,0.1703,29.065,0.1703,0.2032,0.1703,0.09022672945633531,0.12060252993890061,0.09022672945633531,33,53,71,75,2.9440693332755243,3.054435875049391,75,82,0,1,8784,0.7141463414634146,7.603503227233887,69,73
negsteer,design_18_seq_0,design_01_s0,design_01,steered,0.0,1,0.1651,29.305,0.1651,0.1906,0.1651,0.08472226674978932,0.10569748818794857,0.08472226674978932,33,53,71,75,2.9440693332755243,3.054435875049391,75,82,0,1,8434,0.6856910569105691,7.853782653808594,67,71
negsteer,design_18_seq_0,design_01_s1,design_01,steered,1.0,1,0.171,29.424,0.171,0.1898,0.171,0.08590261784071723,0.1063184661637401,0.08590261784071723,33,53,71,74,2.9440693332755243,3.0273155556828426,75,82,0,0,8438,0.6860162601626016,7.820737361907959,67,71
negsteer,design_18_seq_0,design_01_s2,design_01,steered,2.0,1,0.3039,29.427,0.3039,0.3257,0.3039,0.17303303098616502,0.18636180433762692,0.17303303098616502,33,53,78,75,3.1340309377915263,3.054435875049391,75,82,0,1,10024,0.8149593495934959,6.1597394943237305,73,77
negsteer,design_18_seq_1,initial,initial,cold_start,,1,0.0544,29.761,0.0544,0.0838,0.0544,0.005065482761710882,0.01538440885260792,0.005065482761710882,33,52,48,58,2.177342569194824,2.5442135948795377,75,82,0,0,2441,0.19845528455284553,8.979835510253906,48,63
negsteer,design_18_seq_1,design_01_s1,design_01,steered,1.0,1,0.1244,1.892,0.1244,0.1368,0.1244,0.008544491653641064,0.0723075069566598,0.008544491653641064,67,48,65,69,2.768199058314079,2.886906305608928,75,82,0,0,4203,0.34170731707317076,8.141409873962402,35,66
negsteer,design_18_seq_1,design_01_s2,design_01,steered,2.0,1,0.1189,2.853,0.1189,0.1396,0.1189,0.01280690051925679,0.0731510442948514,0.01280690051925679,67,52,65,70,2.768199058314079,2.9156610513441255,75,82,0,0,4759,0.38691056910569105,8.280865669250488,54,66
negsteer,design_18_seq_1,design_01_s0,design_01,steered,0.0,1,0.1205,8.134,0.1205,0.152,0.1205,0.012974706947182616,0.08886364072833847,0.012974706947182616,67,45,66,73,2.798452913890075,2.9998870343784683,75,82,0,0,5367,0.43634146341463415,8.154462814331055,65,72
negsteer,design_18_seq_1,design_00_s0,design_00,steered,0.0,1,0.5144,4.254,0.5144,0.5212,0.5144,0.26967394503143927,0.31831704575295855,0.26967394503143927,67,52,82,75,3.2363196445526423,3.054435875049391,75,82,1,1,11477,0.933089430894309,5.137279033660889,73,81
negsteer,design_18_seq_1,design_02_s0,design_02,steered,0.0,1,0.3877,5.611,0.4064,0.3877,0.3877,0.1614308487561842,0.21568323961720326,0.1614308487561842,68,45,75,75,3.054435875049391,3.054435875049391,75,82,0,1,9421,0.7659349593495935,5.951057434082031,71,75
negsteer,design_18_seq_1,design_00_s1,design_00,steered,1.0,1,0.3268,6.485,0.3268,0.3557,0.3268,0.15589603974173466,0.2028628446633087,0.15589603974173466,67,53,71,74,2.9440693332755243,3.0273155556828426,75,82,0,0,9554,0.7767479674796748,6.086438179016113,72,71
negsteer,design_18_seq_1,design_00_s2,design_00,steered,2.0,1,0.1963,6.516,0.1963,0.2076,0.1963,0.07098415395244956,0.11872418032300364,0.07098415395244956,67,53,66,73,2.798452913890075,2.9998870343784683,75,82,0,0,7739,0.6291869918699187,7.505658149719238,70,66
negsteer,design_18_seq_1,design_02_s1,design_02,steered,1.0,1,0.2435,8.122,0.2488,0.2435,0.2435,0.08429825849831105,0.12920360858325006,0.08429825849831105,67,45,70,74,2.9156610513441255,3.0273155556828426,75,82,0,0,7623,0.6197560975609756,7.01298713684082,69,66
negsteer,design_18_seq_1,design_02_s2,design_02,steered,2.0,1,0.206,8.37,0.206,0.2387,0.206,0.07867025377849737,0.12497278872207261,0.07867025377849737,68,45,66,74,2.798452913890075,3.0273155556828426,75,82,0,0,7581,0.6163414634146341,7.133251667022705,69,66
negsteer,design_19_seq_0,initial,initial,cold_start,,1,0.0,30.163,0.0,0.003,0.0,0.0,0.0013370681525685076,0.0,0,45,0,6,0.5,0.5,76,82,0,0,194,0.015564826700898588,9.591142654418945,0,41
negsteer,design_19_seq_0,design_00_s1,design_00,steered,1.0,1,0.0291,13.958,0.0291,0.0576,0.0291,0.00335688875546973,0.011109124474431865,0.00335688875546973,35,22,36,46,1.6210659787125892,2.095312008965327,76,82,0,0,2503,0.2008183568677792,9.03073501586914,59,73
negsteer,design_19_seq_0,design_00_s2,design_00,steered,2.0,1,0.0,13.104,0.0,0.0,0.0,0.0,0.0,0.0,0,0,0,0,0.5,0.5,76,82,0,0,0,0.0,,0,0
negsteer,design_19_seq_0,design_01_s1,design_01,steered,1.0,1,0.0,26.273,0.0,0.0,0.0,0.0,0.0,0.0,0,0,0,0,0.5,0.5,76,82,0,0,0,0.0,,0,0
negsteer,design_19_seq_0,design_00_s0,design_00,steered,0.0,1,0.0,29.071,0.0,0.0,0.0,0.0,0.0,0.0,0,0,0,0,0.5,0.5,76,82,0,0,0,0.0,,0,0
negsteer,design_19_seq_0,design_01_s2,design_01,steered,2.0,1,0.0,29.37,0.0,0.0,0.0,0.0,0.0,0.0,0,0,0,0,0.5,0.5,76,82,0,0,0,0.0,,0,0
negsteer,design_19_seq_0,design_01_s0,design_01,steered,0.0,1,0.0,29.576,0.0,0.0,0.0,0.0,0.0,0.0,0,0,0,0,0.5,0.5,76,82,0,0,0,0.0,,0,0
negsteer,design_19_seq_0,design_02_s2,design_02,steered,2.0,1,0.0,33.295,0.0,0.0,0.0,0.0,0.0,0.0,0,0,0,0,0.5,0.5,76,82,0,0,0,0.0,,0,0
negsteer,design_19_seq_0,design_02_s0,design_02,steered,0.0,1,0.003,36.248,0.003,0.0348,0.003,0.001391743052456724,0.010119281720551775,0.001391743052456724,43,58,9,35,0.5,1.565877844577684,76,82,0,0,1951,0.15653080872913994,8.78429126739502,38,80
negsteer,design_19_seq_0,design_02_s1,design_02,steered,1.0,1,0.0,39.527,0.0,0.0,0.0,0.0,0.0,0.0,0,0,0,0,0.5,0.5,76,82,0,0,0,0.0,,0,0
negsteer,design_19_seq_1,initial,initial,cold_start,,1,0.1609,32.21,0.1609,0.1798,0.1609,0.05424090816431042,0.10832047472969152,0.05424090816431042,32,45,69,76,2.886906305608928,3.081256507046695,76,82,0,1,7421,0.5953947368421053,7.91843318939209,64,67
negsteer,design_19_seq_1,design_01_s1,design_01,steered,1.0,1,0.0,9.098,0.0,0.0,0.0,0.0,0.0,0.0,0,0,0,0,0.5,0.5,76,82,0,0,0,0.0,,0,0
negsteer,design_19_seq_1,design_01_s0,design_01,steered,0.0,1,0.151,11.839,0.151,0.196,0.151,0.0939030289729616,0.12700550781176767,0.0939030289729616,5,22,77,76,3.107785596003703,3.081256507046695,76,82,0,1,9717,0.7796052631578947,7.814004898071289,73,81
negsteer,design_19_seq_1,design_00_s2,design_00,steered,2.0,1,0.0029,14.654,0.0029,0.0078,0.0029,0.0006141257349793848,0.0024599153349721212,0.0006141257349793848,56,22,2,24,0.5,0.7793039405843609,76,82,0,0,1005,0.08063222079589218,9.154847145080566,18,66
negsteer,design_19_seq_1,design_00_s0,design_00,steered,0.0,1,0.0,18.628,0.0,0.0,0.0,0.0,0.0,0.0,0,0,0,0,0.5,0.5,76,82,0,0,0,0.0,,0,0
negsteer,design_19_seq_1,design_02_s1,design_02,steered,1.0,1,0.0892,20.606,0.0892,0.1122,0.0892,0.025379899178484554,0.06194883227779916,0.025379899178484554,9,22,62,65,2.674944339371981,2.768199058314079,76,82,0,0,5482,0.43982670089858794,8.638470649719238,64,78
negsteer,design_19_seq_1,design_02_s0,design_02,steered,0.0,1,0.1338,20.747,0.1338,0.1614,0.1338,0.05692273514700661,0.1041536570594805,0.05692273514700661,43,22,74,75,3.0273155556828426,3.054435875049391,76,82,0,0,7911,0.6347079589216945,8.114605903625488,70,80
negsteer,design_19_seq_1,design_01_s2,design_01,steered,2.0,1,0.0,22.024,0.0,0.0,0.0,0.0,0.0,0.0,0,0,0,0,0.5,0.5,76,82,0,0,0,0.0,,0,0
negsteer,design_19_seq_1,design_02_s2,design_02,steered,2.0,1,0.0028,23.671,0.0028,0.0034,0.0028,0.0006490689610425187,0.002304609319785746,0.0006490689610425187,11,34,1,14,0.5,0.5,76,82,0,0,647,0.05190949935815148,9.136975288391113,19,62
negsteer,design_19_seq_1,design_00_s1,design_00,steered,1.0,1,0.0,27.398,0.0,0.0027,0.0,0.0,0.0005030446947075245,0.0,0,34,0,1,0.5,0.5,76,82,0,0,21,0.0016848523748395378,9.831032752990723,0,16
negsteer,design_1_seq_0,initial,initial,cold_start,,1,0.0789,23.76,0.0789,0.126,0.0789,0.031395171490702325,0.0722001675039348,0.031395171490702325,34,58,58,66,2.5442135948795377,2.798452913890075,82,82,0,0,6523,0.48505353955978586,8.555295944213867,77,81
negsteer,design_1_seq_0,design_00_s2,design_00,steered,2.0,1,0.0,10.521,0.0,0.0,0.0,0.0,0.0,0.0,0,0,0,0,0.5,0.5,82,82,0,0,0,0.0,,0,0
negsteer,design_1_seq_0,design_01_s1,design_01,steered,1.0,1,0.0,15.89,0.0,0.003,0.0,0.0,0.0021266655644356478,0.0,0,58,0,13,0.5,0.5,82,82,0,0,402,0.029892920880428317,9.445338249206543,0,63
negsteer,design_1_seq_0,design_00_s0,design_00,steered,0.0,1,0.0,18.232,0.0,0.0,0.0,0.0,0.0,0.0,0,0,0,0,0.5,0.5,82,82,0,0,0,0.0,,0,0
negsteer,design_1_seq_0,design_01_s2,design_01,steered,2.0,1,0.0,34.688,0.0,0.0,0.0,0.0,0.0,0.0,0,0,0,0,0.5,0.5,82,82,0,0,0,0.0,,0,0
negsteer,design_1_seq_0,design_01_s0,design_01,steered,0.0,1,0.0,36.774,0.0,0.0,0.0,0.0,0.0,0.0,0,0,0,0,0.5,0.5,82,82,0,0,0,0.0,,0,0
negsteer,design_1_seq_0,design_02_s2,design_02,steered,2.0,1,0.0028,16.177,0.0028,0.0187,0.0028,0.0007673160502369084,0.004128830007663588,0.0007673160502369084,61,58,1,28,0.5,1.115655012773739,82,82,0,0,1349,0.10031231409875074,8.691581726074219,24,72
negsteer,design_1_seq_0,design_02_s1,design_02,steered,1.0,1,0.1019,17.177,0.1019,0.1458,0.1019,0.02786485637572208,0.0946079367209544,0.02786485637572208,46,58,69,74,2.886906305608928,3.0273155556828426,82,82,0,0,7278,0.5411957168352172,8.48267936706543,79,80
negsteer,design_1_seq_0,design_02_s0,design_02,steered,0.0,1,0.0031,19.898,0.0032,0.0031,0.0031,0.0019439939642325044,0.0019229239636532416,0.0019229239636532416,61,10,2,8,0.5,0.5,82,82,0,0,262,0.019482450922070196,9.520668029785156,56,59
negsteer,design_1_seq_0,design_00_s1,design_00,steered,1.0,1,0.0,24.694,0.0,0.0,0.0,0.0,0.0,0.0,0,0,0,0,0.5,0.5,82,82,0,0,0,0.0,,0,0
negsteer,design_1_seq_1,initial,initial,cold_start,,1,0.0,23.939,0.0,0.0,0.0,0.0,0.0,0.0,0,0,0,0,0.5,0.5,82,82,0,0,0,0.0,,0,0
negsteer,design_1_seq_1,design_02_s1,design_02,steered,1.0,1,0.4397,10.421,0.4397,0.4688,0.4397,0.27553860359916055,0.34048087220275547,0.27553860359916055,49,12,82,82,3.2363196445526423,3.2363196445526423,82,82,1,1,12779,0.9502528256989887,5.017612934112549,81,81
negsteer,design_1_seq_1,design_02_s0,design_02,steered,0.0,1,0.3101,11.428,0.3101,0.3805,0.3101,0.19022569827530988,0.2762042841016565,0.19022569827530988,39,38,82,82,3.2363196445526423,3.2363196445526423,82,82,1,1,12378,0.9204342653182629,5.895431995391846,81,81
negsteer,design_1_seq_1,design_02_s2,design_02,steered,2.0,1,0.133,14.551,0.133,0.1573,0.133,0.042510417375213855,0.09811797170195638,0.042510417375213855,49,12,75,78,3.054435875049391,3.1340309377915263,82,82,0,0,7628,0.5672218917311125,8.301607131958008,74,81
negsteer,design_1_seq_1,design_01_s2,design_01,steered,2.0,1,0.0,16.563,0.0,0.0033,0.0,0.0,0.0021851281550281294,0.0,0,40,0,11,0.5,0.5,82,82,0,0,480,0.03569303985722784,9.27090835571289,0,62
negsteer,design_1_seq_1,design_00_s2,design_00,steered,2.0,1,0.0,17.698,0.0,0.0,0.0,0.0,0.0,0.0,0,0,0,0,0.5,0.5,82,82,0,0,0,0.0,,0,0
negsteer,design_1_seq_1,design_00_s1,design_00,steered,1.0,1,0.0,19.505,0.0,0.0,0.0,0.0,0.0,0.0,0,0,0,0,0.5,0.5,82,82,0,0,0,0.0,,0,0
negsteer,design_1_seq_1,design_01_s1,design_01,steered,1.0,1,0.0,19.675,0.0,0.0,0.0,0.0,0.0,0.0,0,0,0,0,0.5,0.5,82,82,0,0,0,0.0,,0,0
negsteer,design_1_seq_1,design_00_s0,design_00,steered,0.0,1,0.0,20.588,0.0,0.0026,0.0,0.0,6.191777746851852e-05,0.0,0,55,0,1,0.5,0.5,82,82,0,0,2,0.000148720999405116,9.911197662353516,0,2
negsteer,design_1_seq_1,design_01_s0,design_01,steered,0.0,1,0.0,20.916,0.0,0.0,0.0,0.0,0.0,0.0,0,0,0,0,0.5,0.5,82,82,0,0,0,0.0,,0,0
negsteer,design_20_seq_0,initial,initial,cold_start,,1,0.0204,27.874,0.0204,0.0262,0.0204,0.0008833224933546084,0.003861813323299696,0.0008833224933546084,32,58,31,32,1.3246042037392856,1.3883891724162114,77,82,0,0,1306,0.10342096927462781,8.803624153137207,16,63
negsteer,design_20_seq_0,design_02_s2,design_02,steered,2.0,1,0.0,3.841,0.0,0.0,0.0,0.0,0.0,0.0,0,0,0,0,0.5,0.5,77,82,0,0,0,0.0,,0,0
negsteer,design_20_seq_0,design_01_s2,design_01,steered,2.0,1,0.0,4.362,0.0,0.0,0.0,0.0,0.0,0.0,0,0,0,0,0.5,0.5,77,82,0,0,0,0.0,,0,0
negsteer,design_20_seq_0,design_01_s0,design_01,steered,0.0,1,0.0,4.755,0.0,0.0027,0.0,0.0,0.0008490248128953503,0.0,0,21,0,4,0.5,0.5,77,82,0,0,58,0.004592968007602154,9.79551887512207,0,27
negsteer,design_20_seq_0,design_01_s1,design_01,steered,1.0,1,0.0,5.332,0.0,0.0,0.0,0.0,0.0,0.0,0,0,0,0,0.5,0.5,77,82,0,0,0,0.0,,0,0
negsteer,design_20_seq_0,design_00_s1,design_00,steered,1.0,1,0.6463,9.352,0.6463,0.6556,0.6463,0.3269162457980603,0.42148348302921146,0.3269162457980603,70,45,82,77,3.2363196445526423,3.107785596003703,77,82,1,1,12092,0.9575546404814698,4.47128438949585,75,81
negsteer,design_20_seq_0,design_00_s0,design_00,steered,0.0,1,0.5855,9.649,0.6001,0.5855,0.5855,0.27381420736624434,0.39150948817955283,0.27381420736624434,70,45,82,77,3.2363196445526423,3.107785596003703,77,82,1,1,11921,0.9440133037694013,4.821478366851807,75,81
negsteer,design_20_seq_0,design_00_s2,design_00,steered,2.0,1,0.6144,10.203,0.6144,0.6323,0.6144,0.30944679323704793,0.3973358179238148,0.30944679323704793,69,45,82,77,3.2363196445526423,3.107785596003703,77,82,1,1,11921,0.9440133037694013,4.629338264465332,75,81
negsteer,design_20_seq_0,design_02_s1,design_02,steered,1.0,1,0.0,26.615,0.0,0.0,0.0,0.0,0.0,0.0,0,0,0,0,0.5,0.5,77,82,0,0,0,0.0,,0,0
negsteer,design_20_seq_0,design_02_s0,design_02,steered,0.0,1,0.0,31.851,0.0,0.0,0.0,0.0,0.0,0.0,0,0,0,0,0.5,0.5,77,82,0,0,0,0.0,,0,0
negsteer,design_20_seq_1,initial,initial,cold_start,,1,0.1118,27.339,0.1118,0.148,0.1118,0.010851697542692548,0.0791862233678197,0.010851697542692548,33,54,65,69,2.768199058314079,2.886906305608928,77,82,0,0,4506,0.35682610072853976,8.020228385925293,49,65
negsteer,design_20_seq_1,design_02_s0,design_02,steered,0.0,1,0.1454,27.192,0.1454,0.1745,0.1454,0.016981319624132345,0.09384873414287208,0.016981319624132345,33,45,66,71,2.798452913890075,2.9440693332755243,77,82,0,0,5264,0.41685144124168516,7.836869716644287,55,66
negsteer,design_20_seq_1,design_00_s0,design_00,steered,0.0,1,0.0248,27.352,0.0293,0.0248,0.0248,0.0014044190666263367,0.0032964748608675307,0.0014044190666263367,32,53,35,32,1.565877844577684,1.3883891724162114,77,82,0,0,1134,0.08980044345898004,8.925400733947754,11,61
negsteer,design_20_seq_1,design_02_s2,design_02,steered,2.0,1,0.1259,27.408,0.1259,0.1692,0.1259,0.01246829746992557,0.07706918245715248,0.01246829746992557,33,45,65,71,2.768199058314079,2.9440693332755243,77,82,0,0,4613,0.36529933481152993,8.03488826751709,52,62
negsteer,design_20_seq_1,design_00_s2,design_00,steered,2.0,1,0.0029,27.476,0.0029,0.003,0.0029,6.970780744374572e-05,0.0015426987765084317,6.970780744374572e-05,34,67,1,4,0.5,0.5,77,82,0,0,126,0.009977827050997782,9.579727172851562,2,47
negsteer,design_20_seq_1,design_01_s1,design_01,steered,1.0,1,0.0716,27.744,0.0716,0.0998,0.0716,0.0049838837048691974,0.02848058999459282,0.0049838837048691974,33,54,52,61,2.331955096040982,2.6429793600597735,77,82,0,0,2639,0.208980044345898,8.539721488952637,46,62
negsteer,design_20_seq_1,design_02_s1,design_02,steered,1.0,1,0.2075,27.876,0.2075,0.2426,0.2075,0.04597162694803306,0.12627617541484806,0.04597162694803306,33,53,69,74,2.886906305608928,3.0273155556828426,77,82,0,0,6785,0.5372980677858726,7.347487926483154,64,65
negsteer,design_20_seq_1,design_01_s0,design_01,steered,0.0,1,0.101,28.674,0.101,0.1146,0.101,0.007339030340942856,0.04097028956010302,0.007339030340942856,33,45,63,67,2.7064590702237057,2.828313834453388,77,82,0,0,3216,0.2546721571111815,8.485328674316406,49,63
negsteer,design_20_seq_1,design_01_s2,design_01,steered,2.0,1,0.0345,29.19,0.0345,0.0506,0.0345,0.0017827020552880191,0.009821317025187721,0.0017827020552880191,33,45,38,43,1.726395055015941,1.9653703251258212,77,82,0,0,1679,0.1329585049097244,8.652673721313477,33,62
negsteer,design_20_seq_1,design_00_s1,design_00,steered,1.0,1,0.0,29.541,0.0,0.0028,0.0,0.0,9.801099928686531e-05,0.0,0,48,0,1,0.5,0.5,77,82,0,0,4,0.0003167564143173899,9.699113845825195,0,3
negsteer,design_21_seq_0,initial,initial,cold_start,,1,0.0,4.909,0.0,0.0028,0.0,0.0,0.0005718260895597135,0.0,0,26,0,3,0.5,0.5,84,82,0,0,30,0.0021777003484320556,9.7577486038208,0,18
negsteer,design_21_seq_0,design_02_s0,design_02,steered,0.0,1,0.0,6.721,0.0,0.0029,0.0,0.0,0.0017222808162886195,0.0,0,56,0,8,0.5,0.5,84,82,0,0,295,0.02141405342624855,9.631486892700195,0,53
negsteer,design_21_seq_0,design_01_s1,design_01,steered,1.0,1,0.0469,27.109,0.0469,0.0815,0.0469,0.015008890374918423,0.03596586329726184,0.015008890374918423,20,58,43,53,1.9653703251258212,2.368849504430714,84,82,0,0,4304,0.3124274099883856,8.675846099853516,77,77
negsteer,design_21_seq_0,design_01_s2,design_01,steered,2.0,1,0.0,27.489,0.0,0.0029,0.0,0.0,0.001765956974406613,0.0,0,22,0,5,0.5,0.5,84,82,0,0,229,0.016623112659698024,9.610940933227539,0,54
negsteer,design_21_seq_0,design_00_s0,design_00,steered,0.0,1,0.1242,29.287,0.1242,0.1274,0.1242,0.032121255982755906,0.048524438900441474,0.032121255982755906,33,53,67,73,2.828313834453388,2.9998870343784683,84,82,0,0,5366,0.38951800232288036,8.713397979736328,59,64
negsteer,design_21_seq_0,design_00_s2,design_00,steered,2.0,1,0.078,30.672,0.0885,0.078,0.078,0.008168879840966491,0.011407556188315517,0.008168879840966491,33,53,61,58,2.6429793600597735,2.5442135948795377,84,82,0,0,2408,0.17479674796747968,9.10208511352539,47,62
negsteer,design_21_seq_0,design_00_s1,design_00,steered,1.0,1,0.1051,30.89,0.1051,0.1146,0.1051,0.02906059954381947,0.032394805176342585,0.02906059954381947,33,53,65,72,2.768199058314079,2.9721414027832376,84,82,0,0,4659,0.33819686411149824,8.936851501464844,62,62
negsteer,design_21_seq_0,design_02_s1,design_02,steered,1.0,1,0.0,31.099,0.0,0.0,0.0,0.0,0.0,0.0,0,0,0,0,0.5,0.5,84,82,0,0,0,0.0,,0,0
negsteer,design_21_seq_0,design_01_s0,design_01,steered,0.0,1,0.0085,31.723,0.0085,0.0352,0.0085,0.0018987984180317394,0.009691484045328163,0.0018987984180317394,51,58,25,36,0.8714990156395357,1.6210659787125892,84,82,0,0,2143,0.1555603948896632,9.026922225952148,56,72
negsteer,design_21_seq_0,design_02_s2,design_02,steered,2.0,1,0.0,35.4,0.0,0.0029,0.0,0.0,0.0014531815441597888,0.0,0,37,0,2,0.5,0.5,84,82,0,0,120,0.008710801393728223,9.65823745727539,0,45
negsteer,design_21_seq_1,initial,initial,cold_start,,1,0.0722,27.647,0.0722,0.1004,0.0722,0.021871754278739292,0.05447800211869634,0.021871754278739292,51,62,56,65,2.4757893780745857,2.768199058314079,84,82,0,0,5578,0.40490708478513354,8.86263370513916,71,76
negsteer,design_21_seq_1,design_00_s1,design_00,steered,1.0,1,0.0,4.684,0.0,0.0,0.0,0.0,0.0,0.0,0,0,0,0,0.5,0.5,84,82,0,0,0,0.0,,0,0
negsteer,design_21_seq_1,design_02_s1,design_02,steered,1.0,1,0.0,5.515,0.0,0.0,0.0,0.0,0.0,0.0,0,0,0,0,0.5,0.5,84,82,0,0,0,0.0,,0,0
negsteer,design_21_seq_1,design_00_s2,design_00,steered,2.0,1,0.0,4.999,0.0,0.0,0.0,0.0,0.0,0.0,0,0,0,0,0.5,0.5,84,82,0,0,0,0.0,,0,0
negsteer,design_21_seq_1,design_01_s0,design_01,steered,0.0,1,0.229,1.278,0.229,0.2413,0.229,0.09117894330328065,0.14418347509543797,0.09117894330328065,77,55,73,84,2.9998870343784683,3.2859417528309107,84,82,0,1,9313,0.6760307781649245,7.271956920623779,75,72
negsteer,design_21_seq_1,design_01_s1,design_01,steered,1.0,1,0.1545,2.938,0.1545,0.1703,0.1545,0.04666953629791914,0.09431179480559033,0.04666953629791914,77,55,72,81,2.9721414027832376,3.2111376255715163,84,82,0,0,7095,0.5150261324041812,8.154278755187988,62,71
negsteer,design_21_seq_1,design_01_s2,design_01,steered,2.0,1,0.0999,5.162,0.0999,0.1138,0.0999,0.018615852703251654,0.04079566035908079,0.018615852703251654,77,55,64,70,2.7375390804284843,2.9156610513441255,84,82,0,0,4215,0.30596689895470386,8.741276741027832,44,63
negsteer,design_21_seq_1,design_00_s0,design_00,steered,0.0,1,0.0,20.506,0.0,0.0,0.0,0.0,0.0,0.0,0,0,0,0,0.5,0.5,84,82,0,0,0,0.0,,0,0
negsteer,design_21_seq_1,design_02_s0,design_02,steered,0.0,1,0.0,20.833,0.0,0.0,0.0,0.0,0.0,0.0,0,0,0,0,0.5,0.5,84,82,0,0,0,0.0,,0,0
negsteer,design_21_seq_1,design_02_s2,design_02,steered,2.0,1,0.2183,24.185,0.2183,0.2425,0.2183,0.15281631230443185,0.18178862032605472,0.15281631230443185,51,52,82,84,3.2363196445526423,3.2859417528309107,84,82,1,1,12545,0.9106416957026713,7.1107707023620605,83,81
negsteer,design_22_seq_0,initial,initial,cold_start,,1,0.0,29.709,0.0,0.0,0.0,0.0,0.0,0.0,0,0,0,0,0.5,0.5,77,82,0,0,0,0.0,,0,0
negsteer,design_22_seq_0,design_02_s0,design_02,steered,0.0,1,0.2484,4.102,0.2484,0.2984,0.2484,0.13866201695357147,0.16187221643787514,0.13866201695357147,68,52,77,77,3.107785596003703,3.107785596003703,77,82,0,1,9977,0.7900696864111498,6.761986255645752,75,79
negsteer,design_22_seq_0,design_02_s2,design_02,steered,2.0,1,0.2633,5.287,0.2633,0.3231,0.2633,0.1580588364453575,0.17917103648594604,0.1580588364453575,68,52,76,77,3.081256507046695,3.107785596003703,77,82,0,1,10232,0.8102629078238834,6.402302265167236,75,80
negsteer,design_22_seq_0,design_00_s1,design_00,steered,1.0,1,0.2017,6.018,0.2017,0.2635,0.2017,0.11356169939367705,0.14969875008185826,0.11356169939367705,68,45,75,77,3.054435875049391,3.107785596003703,77,82,0,1,9621,0.7618783655369021,7.155869960784912,73,76
negsteer,design_22_seq_0,design_02_s1,design_02,steered,1.0,1,0.3559,6.11,0.3559,0.4027,0.3559,0.23980629089433556,0.25304690081762465,0.23980629089433556,69,45,78,77,3.1340309377915263,3.107785596003703,77,82,0,1,11134,0.8816914792524548,5.425609111785889,77,80
negsteer,design_22_seq_0,design_00_s2,design_00,steered,2.0,1,0.2309,6.422,0.2309,0.2849,0.2309,0.12715223501436412,0.16243944028335647,0.12715223501436412,68,53,75,77,3.054435875049391,3.107785596003703,77,82,0,1,9807,0.7766075388026608,6.863589286804199,73,76
negsteer,design_22_seq_0,design_00_s0,design_00,steered,0.0,1,0.0029,28.187,0.0029,0.0669,0.0029,0.0016706840969718897,0.006153725405655256,0.0016706840969718897,45,52,10,53,0.5,2.368849504430714,77,82,0,0,1467,0.11617041495090276,9.243864059448242,48,59
negsteer,design_22_seq_0,design_01_s2,design_01,steered,2.0,1,0.2224,30.554,0.2224,0.2677,0.2224,0.1051010633607141,0.11770132366885863,0.1051010633607141,33,52,70,76,2.9156610513441255,3.081256507046695,77,82,0,0,8309,0.6579822616407982,7.217181205749512,72,65
negsteer,design_22_seq_0,design_01_s1,design_01,steered,1.0,1,0.2758,31.705,0.2758,0.3423,0.2758,0.1430236841854337,0.14643034902855573,0.1430236841854337,33,52,71,76,2.9440693332755243,3.081256507046695,77,82,0,0,9273,0.7343205574912892,6.686314582824707,72,71
negsteer,design_22_seq_0,design_01_s0,design_01,steered,0.0,1,0.3177,29.94,0.3177,0.3808,0.3177,0.16510041369209913,0.17577271306001377,0.16510041369209913,33,52,81,76,3.2111376255715163,3.081256507046695,77,82,0,0,10039,0.7949794108330693,6.4063215255737305,73,81
negsteer,design_22_seq_1,initial,initial,cold_start,,1,0.4201,6.317,0.4201,0.4745,0.4201,0.3002191966689833,0.3223326466125777,0.3002191966689833,68,45,82,77,3.2363196445526423,3.107785596003703,77,82,1,1,11887,0.9413208742477035,4.855607986450195,76,81
negsteer,design_22_seq_1,design_00_s2,design_00,steered,2.0,1,0.1248,2.489,0.1248,0.1806,0.1248,0.07391375450223878,0.11917204558622183,0.07391375450223878,74,52,69,77,2.886906305608928,3.107785596003703,77,82,0,1,9154,0.7248970541653469,8.062114715576172,75,77
negsteer,design_22_seq_1,design_01_s0,design_01,steered,0.0,1,0.2875,5.606,0.3212,0.2875,0.2875,0.08691070124797233,0.1543832620060662,0.08691070124797233,68,45,71,74,2.9440693332755243,3.0273155556828426,77,82,0,0,7810,0.6184668989547039,6.815290927886963,64,70
negsteer,design_22_seq_1,design_01_s1,design_01,steered,1.0,1,0.34,6.103,0.3508,0.34,0.34,0.11808432220457146,0.195361785971128,0.11808432220457146,68,45,71,75,2.9440693332755243,3.054435875049391,77,82,0,0,8803,0.6971016788089959,6.312844276428223,73,74
negsteer,design_22_seq_1,design_01_s2,design_01,steered,2.0,1,0.3009,6.194,0.3472,0.3009,0.3009,0.09478443378715642,0.16556613692991073,0.09478443378715642,68,45,71,75,2.9440693332755243,3.054435875049391,77,82,0,0,8105,0.6418276845106113,6.715121269226074,69,72
negsteer,design_22_seq_1,design_02_s2,design_02,steered,2.0,1,0.4754,28.198,0.4754,0.5406,0.4754,0.23039015981538052,0.24225636046073148,0.23039015981538052,33,45,74,77,3.0273155556828426,3.107785596003703,77,82,0,1,9645,0.7637789040228065,5.224081516265869,75,73
negsteer,design_22_seq_1,design_02_s1,design_02,steered,1.0,1,0.4116,28.449,0.4116,0.4743,0.4116,0.19087385748779134,0.20991044182602953,0.19087385748779134,33,52,72,77,2.9721414027832376,3.107785596003703,77,82,0,1,9216,0.7298067785872664,5.609106540679932,73,69
negsteer,design_22_seq_1,design_02_s0,design_02,steered,0.0,1,0.3257,28.776,0.3257,0.4042,0.3257,0.1575833994248132,0.1691357102642608,0.1575833994248132,33,52,67,77,2.828313834453388,3.107785596003703,77,82,0,1,9035,0.7154735508394044,6.1606574058532715,75,64
negsteer,design_22_seq_1,design_00_s0,design_00,steered,0.0,1,0.322,11.081,0.3446,0.322,0.322,0.21123779682720734,0.23436009703294897,0.21123779682720734,74,52,82,77,3.2363196445526423,3.107785596003703,77,82,1,1,12130,0.960563826417485,6.051591396331787,76,82
negsteer,design_22_seq_1,design_00_s1,design_00,steered,1.0,1,0.003,12.236,0.003,0.0219,0.003,0.0016989853481048501,0.005531177083711799,0.0016989853481048501,58,55,2,30,0.5,1.2581029721697827,77,82,0,0,1415,0.11205258156477668,8.840763092041016,48,71
negsteer,design_23_seq_0,initial,initial,cold_start,,1,0.0829,28.455,0.0829,0.1137,0.0829,0.012505132299012098,0.038267880993350066,0.012505132299012098,33,53,59,72,2.577631935804318,2.9721414027832376,78,82,0,0,4045,0.31621325828642904,8.929502487182617,56,64
negsteer,design_23_seq_0,design_01_s2,design_01,steered,2.0,1,0.0,4.896,0.0,0.0029,0.0,0.0,0.001866387532705941,0.0,0,20,0,4,0.5,0.5,78,82,0,0,289,0.022592245153220763,9.622394561767578,0,57
negsteer,design_23_seq_0,design_01_s1,design_01,steered,1.0,1,0.0027,7.289,0.0027,0.0123,0.0027,0.00039518165748375346,0.002623515311492289,0.00039518165748375346,71,22,2,26,0.5,0.9577353123059507,78,82,0,0,1011,0.07903377110694183,8.990262985229492,12,65
negsteer,design_23_seq_0,design_01_s0,design_01,steered,0.0,1,0.1735,7.514,0.1735,0.2116,0.1735,0.09521943582997967,0.15175546145225624,0.09521943582997967,69,22,80,77,3.185699940650432,3.107785596003703,78,82,0,0,10145,0.7930737961225766,7.510753631591797,76,81
negsteer,design_23_seq_0,design_02_s1,design_02,steered,1.0,1,0.1357,26.136,0.1357,0.2044,0.1357,0.06540596804235321,0.12417964460952889,0.06540596804235321,7,55,67,78,2.828313834453388,3.1340309377915263,78,82,0,1,8129,0.635475297060663,7.630763530731201,73,66
negsteer,design_23_seq_0,design_02_s0,design_02,steered,0.0,1,0.0966,27.113,0.0966,0.135,0.0966,0.02141090992312783,0.07678887811943708,0.02141090992312783,32,54,63,72,2.7064590702237057,2.9721414027832376,78,82,0,0,5717,0.44691994996873047,8.487486839294434,65,70
negsteer,design_23_seq_0,design_02_s2,design_02,steered,2.0,1,0.116,28.031,0.116,0.1752,0.116,0.03735378853833446,0.10123815967576442,0.03735378853833446,32,54,65,78,2.768199058314079,3.1340309377915263,78,82,0,1,6899,0.5393214509068167,8.106569290161133,66,66
negsteer,design_23_seq_0,design_00_s1,design_00,steered,1.0,1,0.2192,28.653,0.2192,0.2664,0.2192,0.09963892251014328,0.11993278776261411,0.09963892251014328,33,52,70,78,2.9156610513441255,3.1340309377915263,78,82,0,1,8290,0.6480612883051907,7.215634346008301,71,66
negsteer,design_23_seq_0,design_00_s2,design_00,steered,2.0,1,0.2773,28.841,0.2773,0.3271,0.2773,0.14113884531737617,0.15276953406211716,0.14113884531737617,33,52,71,78,2.9440693332755243,3.1340309377915263,78,82,0,1,9267,0.724437148217636,6.573356628417969,74,72
negsteer,design_23_seq_0,design_00_s0,design_00,steered,0.0,1,0.2439,29.054,0.2439,0.3005,0.2439,0.11717629452379277,0.13925187771276729,0.11717629452379277,33,52,71,78,2.9440693332755243,3.1340309377915263,78,82,0,1,8668,0.6776110068792995,6.826776504516602,70,66
negsteer,design_23_seq_1,initial,initial,cold_start,,1,0.1792,28.76,0.1792,0.2192,0.1792,0.06901520128564861,0.13253940167984493,0.06901520128564861,33,52,71,77,2.9440693332755243,3.107785596003703,78,82,0,0,8328,0.651031894934334,7.537138938903809,66,72
negsteer,design_23_seq_1,design_01_s0,design_01,steered,0.0,1,0.0028,27.584,0.0028,0.0238,0.0028,0.00038530981132330804,0.003872807322229009,0.00038530981132330804,34,48,8,32,0.5,1.3883891724162114,78,82,0,0,1200,0.09380863039399624,9.03419303894043,11,60
negsteer,design_23_seq_1,design_01_s2,design_01,steered,2.0,1,0.0404,27.935,0.0404,0.0633,0.0404,0.0022938912525438727,0.010650950063746877,0.0022938912525438727,33,52,41,51,1.873495124825139,2.2943897886293367,78,82,0,0,1815,0.14188555347091933,8.910720825195312,28,63
negsteer,design_23_seq_1,design_01_s1,design_01,steered,1.0,1,0.0,28.108,0.0,0.0028,0.0,0.0,0.00019457318433901158,0.0,0,44,0,1,0.5,0.5,78,82,0,0,7,0.0005472170106316448,9.698318481445312,0,6
negsteer,design_23_seq_1,design_00_s2,design_00,steered,2.0,1,0.1479,8.333,0.1479,0.1646,0.1479,0.0165022563141508,0.09477556012457282,0.0165022563141508,71,45,66,76,2.798452913890075,3.081256507046695,78,82,0,0,5275,0.4123671044402752,7.947448253631592,37,66
negsteer,design_23_seq_1,design_00_s1,design_00,steered,1.0,1,0.1289,9.315,0.1289,0.1793,0.1289,0.02263867356874144,0.10118883161339909,0.02263867356874144,71,45,65,76,2.768199058314079,3.081256507046695,78,82,0,0,5728,0.44777986241400874,7.87809944152832,46,65
negsteer,design_23_seq_1,design_00_s0,design_00,steered,0.0,1,0.1279,9.647,0.1279,0.1825,0.1279,0.02424084386513688,0.1068698868308807,0.02424084386513688,71,45,65,76,2.768199058314079,3.081256507046695,78,82,0,0,5888,0.46028767979987495,7.792515754699707,51,66
negsteer,design_23_seq_1,design_02_s0,design_02,steered,0.0,1,0.0,19.018,0.0,0.0,0.0,0.0,0.0,0.0,0,0,0,0,0.5,0.5,78,82,0,0,0,0.0,,0,0
negsteer,design_23_seq_1,design_02_s1,design_02,steered,1.0,1,0.0,21.051,0.0,0.0,0.0,0.0,0.0,0.0,0,0,0,0,0.5,0.5,78,82,0,0,0,0.0,,0,0
negsteer,design_23_seq_1,design_02_s2,design_02,steered,2.0,1,0.0,22.706,0.0,0.0,0.0,0.0,0.0,0.0,0,0,0,0,0.5,0.5,78,82,0,0,0,0.0,,0,0
negsteer,design_24_seq_0,initial,initial,cold_start,,1,0.0,29.977,0.0,0.0,0.0,0.0,0.0,0.0,0,0,0,0,0.5,0.5,85,82,0,0,0,0.0,,0,0
negsteer,design_24_seq_0,design_02_s2,design_02,steered,2.0,1,0.0,23.899,0.0,0.0,0.0,0.0,0.0,0.0,0,0,0,0,0.5,0.5,85,82,0,0,0,0.0,,0,0
negsteer,design_24_seq_0,design_02_s1,design_02,steered,1.0,1,0.0,25.296,0.0,0.0,0.0,0.0,0.0,0.0,0,0,0,0,0.5,0.5,85,82,0,0,0,0.0,,0,0
negsteer,design_24_seq_0,design_00_s2,design_00,steered,2.0,1,0.0042,23.297,0.0042,0.0892,0.0042,0.002918808236170341,0.005522432691622071,0.002918808236170341,77,12,5,61,0.5,2.6429793600597735,85,82,0,0,1561,0.11197991391678623,9.086758613586426,79,74
negsteer,design_24_seq_0,design_00_s1,design_00,steered,1.0,1,0.0,23.376,0.0,0.0,0.0,0.0,0.0,0.0,0,0,0,0,0.5,0.5,85,82,0,0,0,0.0,,0,0
negsteer,design_24_seq_0,design_00_s0,design_00,steered,0.0,1,0.0,23.814,0.0,0.0,0.0,0.0,0.0,0.0,0,0,0,0,0.5,0.5,85,82,0,0,0,0.0,,0,0
negsteer,design_24_seq_0,design_01_s1,design_01,steered,1.0,1,0.0,27.986,0.0,0.0,0.0,0.0,0.0,0.0,0,0,0,0,0.5,0.5,85,82,0,0,0,0.0,,0,0
negsteer,design_24_seq_0,design_01_s0,design_01,steered,0.0,1,0.0,28.908,0.0,0.0,0.0,0.0,0.0,0.0,0,0,0,0,0.5,0.5,85,82,0,0,0,0.0,,0,0
negsteer,design_24_seq_0,design_02_s0,design_02,steered,0.0,1,0.0,29.718,0.0,0.0,0.0,0.0,0.0,0.0,0,0,0,0,0.5,0.5,85,82,0,0,0,0.0,,0,0
negsteer,design_24_seq_0,design_01_s2,design_01,steered,2.0,1,0.0,36.463,0.0,0.0,0.0,0.0,0.0,0.0,0,0,0,0,0.5,0.5,85,82,0,0,0,0.0,,0,0
negsteer,design_24_seq_1,initial,initial,cold_start,,1,0.0028,29.445,0.003,0.0028,0.0028,0.00018660980550681843,0.001148990676284018,0.00018660980550681843,34,53,1,7,0.5,0.5,85,82,0,0,136,0.00975609756097561,9.722126960754395,6,36
negsteer,design_24_seq_1,design_00_s0,design_00,steered,0.0,1,0.3552,3.342,0.3552,0.3674,0.3552,0.21315945198430736,0.2789057331932027,0.21315945198430736,7,46,82,85,3.2363196445526423,3.3103937717626097,85,82,1,1,13115,0.9408177905308465,5.843539237976074,83,81
negsteer,design_24_seq_1,design_00_s1,design_00,steered,1.0,1,0.1715,5.067,0.1715,0.1947,0.1715,0.1046649141018005,0.14146296109254586,0.1046649141018005,7,38,79,85,3.1599999999999993,3.3103937717626097,85,82,0,1,11117,0.7974892395982783,7.815628528594971,82,81
negsteer,design_24_seq_1,design_01_s2,design_01,steered,2.0,1,0.0,5.919,0.0,0.0033,0.0,0.0,0.002204124421085708,0.0,0,54,0,11,0.5,0.5,85,82,0,0,643,0.04612625538020086,9.157031059265137,0,61
negsteer,design_24_seq_1,design_01_s0,design_01,steered,0.0,1,0.1731,10.028,0.1731,0.2679,0.1731,0.07623837200157782,0.16419046486886898,0.07623837200157782,77,53,69,83,2.886906305608928,3.2612523263775115,85,82,0,0,9288,0.6662840746054519,7.194894313812256,79,75
negsteer,design_24_seq_1,design_00_s2,design_00,steered,2.0,1,0.4162,22.319,0.4878,0.4162,0.4162,0.23983893499107045,0.3046844395945167,0.23983893499107045,38,37,82,85,3.2363196445526423,3.3103937717626097,85,82,1,1,13361,0.9584648493543759,5.6554951667785645,84,81
negsteer,design_24_seq_1,design_02_s0,design_02,steered,0.0,1,0.0,23.436,0.0,0.0,0.0,0.0,0.0,0.0,0,0,0,0,0.5,0.5,85,82,0,0,0,0.0,,0,0
negsteer,design_24_seq_1,design_02_s2,design_02,steered,2.0,1,0.0,23.668,0.0,0.0,0.0,0.0,0.0,0.0,0,0,0,0,0.5,0.5,85,82,0,0,0,0.0,,0,0
negsteer,design_24_seq_1,design_01_s1,design_01,steered,1.0,1,0.1069,6.188,0.1069,0.136,0.1069,0.007987287029733553,0.0648588917797386,0.007987287029733553,82,55,65,72,2.768199058314079,2.9721414027832376,85,82,0,0,4191,0.30064562410329987,8.3180570602417,48,67
negsteer,design_24_seq_1,design_02_s1,design_02,steered,1.0,1,0.0,24.604,0.0,0.0,0.0,0.0,0.0,0.0,0,0,0,0,0.5,0.5,85,82,0,0,0,0.0,,0,0
negsteer,design_25_seq_0,initial,initial,cold_start,,1,0.0031,25.624,0.0031,0.0084,0.0031,0.0012689229560925103,0.0030871896050506976,0.0012689229560925103,9,22,3,24,0.5,0.7793039405843609,82,82,0,0,1274,0.09473527662105889,8.84528923034668,39,71
negsteer,design_25_seq_0,design_00_s2,design_00,steered,2.0,1,0.1616,29.178,0.1616,0.1926,0.1616,0.06237873063343236,0.114626508904621,0.06237873063343236,32,54,71,82,2.9440693332755243,3.2363196445526423,82,82,0,1,8348,0.6207614515169542,7.945169448852539,76,70
negsteer,design_25_seq_0,design_00_s0,design_00,steered,0.0,1,0.4771,29.316,0.4771,0.5029,0.4771,0.24612465049651247,0.3201145877289336,0.24612465049651247,32,45,82,82,3.2363196445526423,3.2363196445526423,82,82,1,1,12468,0.9271267102914932,5.331085681915283,81,81
negsteer,design_25_seq_0,design_00_s1,design_00,steered,1.0,1,0.3611,29.454,0.3611,0.402,0.3611,0.20351814035689686,0.2550560926916305,0.20351814035689686,32,45,81,82,3.2111376255715163,3.2363196445526423,82,82,0,1,12112,0.9006543723973826,5.919389724731445,81,81
negsteer,design_25_seq_0,design_01_s1,design_01,steered,1.0,1,0.0229,31.482,0.0229,0.0345,0.0229,0.0020160848791597455,0.004058992149444615,0.0020160848791597455,33,53,33,38,1.4497193288190313,1.726395055015941,82,82,0,0,1235,0.09183521713265913,9.28372859954834,39,59
negsteer,design_25_seq_0,design_02_s0,design_02,steered,0.0,1,0.0,12.764,0.0,0.0026,0.0,0.0,6.175307250331814e-05,0.0,0,56,0,1,0.5,0.5,82,82,0,0,2,0.000148720999405116,9.92453384399414,0,2
negsteer,design_25_seq_0,design_02_s1,design_02,steered,1.0,1,0.0,13.237,0.0,0.0,0.0,0.0,0.0,0.0,0,0,0,0,0.5,0.5,82,82,0,0,0,0.0,,0,0
negsteer,design_25_seq_0,design_02_s2,design_02,steered,2.0,1,0.0,14.304,0.0,0.0,0.0,0.0,0.0,0.0,0,0,0,0,0.5,0.5,82,82,0,0,0,0.0,,0,0
negsteer,design_25_seq_0,design_01_s0,design_01,steered,0.0,1,0.3439,27.848,0.3439,0.38,0.3439,0.19696766550641326,0.24409022252927193,0.19696766550641326,31,52,82,82,3.2363196445526423,3.2363196445526423,82,82,1,1,12267,0.912180249851279,6.027602195739746,82,82
negsteer,design_25_seq_0,design_01_s2,design_01,steered,2.0,1,0.236,30.092,0.236,0.2504,0.236,0.10905909773939085,0.1526601497515491,0.10905909773939085,32,52,72,82,2.9721414027832376,3.2363196445526423,82,82,0,1,9859,0.7331201665675193,7.106894493103027,79,74
negsteer,design_25_seq_1,initial,initial,cold_start,,1,0.0,26.957,0.0,0.0,0.0,0.0,0.0,0.0,0,0,0,0,0.5,0.5,82,82,0,0,0,0.0,,0,0
negsteer,design_25_seq_1,design_01_s2,design_01,steered,2.0,1,0.0,13.499,0.0,0.0,0.0,0.0,0.0,0.0,0,0,0,0,0.5,0.5,82,82,0,0,0,0.0,,0,0
negsteer,design_25_seq_1,design_02_s1,design_02,steered,1.0,1,0.0,19.2,0.0,0.0,0.0,0.0,0.0,0.0,0,0,0,0,0.5,0.5,82,82,0,0,0,0.0,,0,0
negsteer,design_25_seq_1,design_01_s1,design_01,steered,1.0,1,0.003,21.96,0.003,0.0036,0.003,0.0016454456902177232,0.0031408445949370903,0.0016454456902177232,18,12,2,18,0.5,0.5,82,82,0,0,1127,0.08380428316478286,8.867022514343262,49,79
negsteer,design_25_seq_1,design_00_s2,design_00,steered,2.0,1,0.0,22.542,0.0,0.0,0.0,0.0,0.0,0.0,0,0,0,0,0.5,0.5,82,82,0,0,0,0.0,,0,0
negsteer,design_25_seq_1,design_01_s0,design_01,steered,0.0,1,0.0,22.819,0.0,0.0026,0.0,0.0,3.2038019016021634e-05,0.0,0,22,0,1,0.5,0.5,82,82,0,0,1,7.4360499702558e-05,9.742244720458984,0,1
negsteer,design_25_seq_1,design_02_s0,design_02,steered,0.0,1,0.0,23.73,0.0,0.0,0.0,0.0,0.0,0.0,0,0,0,0,0.5,0.5,82,82,0,0,0,0.0,,0,0
negsteer,design_25_seq_1,design_00_s1,design_00,steered,1.0,1,0.0,23.875,0.0,0.0,0.0,0.0,0.0,0.0,0,0,0,0,0.5,0.5,82,82,0,0,0,0.0,,0,0
negsteer,design_25_seq_1,design_00_s0,design_00,steered,0.0,1,0.0,25.02,0.0,0.0,0.0,0.0,0.0,0.0,0,0,0,0,0.5,0.5,82,82,0,0,0,0.0,,0,0
negsteer,design_25_seq_1,design_02_s2,design_02,steered,2.0,1,0.0,26.299,0.0,0.0,0.0,0.0,0.0,0.0,0,0,0,0,0.5,0.5,82,82,0,0,0,0.0,,0,0
negsteer,design_26_seq_0,initial,initial,cold_start,,1,0.0027,26.763,0.0027,0.0029,0.0027,0.0001213535987993791,0.0017959006675859776,0.0001213535987993791,53,45,1,5,0.5,0.5,84,82,0,0,236,0.01713124274099884,9.633790969848633,4,55
negsteer,design_26_seq_0,design_02_s0,design_02,steered,0.0,1,0.6415,3.211,0.6739,0.6415,0.6415,0.32240414651044247,0.38612724181900665,0.32240414651044247,77,45,82,84,3.2363196445526423,3.2859417528309107,84,82,1,1,12230,0.8877758420441347,4.559570789337158,81,81
negsteer,design_26_seq_0,design_02_s1,design_02,steered,1.0,1,0.6538,3.631,0.6782,0.6538,0.6538,0.35603539487956803,0.418531293180067,0.35603539487956803,77,52,82,84,3.2363196445526423,3.2859417528309107,84,82,1,1,12907,0.9369192799070848,4.440345287322998,84,81
negsteer,design_26_seq_0,design_00_s0,design_00,steered,0.0,1,0.7167,4.221,0.7303,0.7167,0.7167,0.43432117258253994,0.4820582474604612,0.43432117258253994,77,52,82,84,3.2363196445526423,3.2859417528309107,84,82,1,1,13443,0.9758275261324042,3.843886613845825,84,81
negsteer,design_26_seq_0,design_02_s2,design_02,steered,2.0,1,0.6369,2.679,0.6472,0.6369,0.6369,0.31460796968479243,0.3797485722660473,0.31460796968479243,77,45,82,84,3.2363196445526423,3.2859417528309107,84,82,1,1,11899,0.8637485481997678,4.509071350097656,83,81
negsteer,design_26_seq_0,design_00_s1,design_00,steered,1.0,1,0.804,5.16,0.8232,0.804,0.804,0.5166618461842605,0.5668745762327823,0.5166618461842605,77,45,82,84,3.2363196445526423,3.2859417528309107,84,82,1,1,13546,0.9833042973286876,3.249692678451538,84,81
negsteer,design_26_seq_0,design_00_s2,design_00,steered,2.0,1,0.6344,6.481,0.6367,0.6344,0.6344,0.33546218514398096,0.39385695255463715,0.33546218514398096,75,52,82,84,3.2363196445526423,3.2859417528309107,84,82,1,1,12936,0.9390243902439024,4.604251384735107,83,81
negsteer,design_26_seq_0,design_01_s0,design_01,steered,0.0,1,0.0,25.766,0.0,0.0,0.0,0.0,0.0,0.0,0,0,0,0,0.5,0.5,84,82,0,0,0,0.0,,0,0
negsteer,design_26_seq_0,design_01_s1,design_01,steered,1.0,1,0.0,26.032,0.0,0.0,0.0,0.0,0.0,0.0,0,0,0,0,0.5,0.5,84,82,0,0,0,0.0,,0,0
negsteer,design_26_seq_0,design_01_s2,design_01,steered,2.0,1,0.0,30.21,0.0,0.0,0.0,0.0,0.0,0.0,0,0,0,0,0.5,0.5,84,82,0,0,0,0.0,,0,0
negsteer,design_26_seq_1,initial,initial,cold_start,,1,0.0,17.636,0.0,0.0,0.0,0.0,0.0,0.0,0,0,0,0,0.5,0.5,84,82,0,0,0,0.0,,0,0
negsteer,design_26_seq_1,design_01_s2,design_01,steered,2.0,1,0.6823,2.436,0.6835,0.6823,0.6823,0.3403965222505143,0.4075812361736941,0.3403965222505143,77,45,82,84,3.2363196445526423,3.2859417528309107,84,82,1,1,12540,0.9102787456445993,4.494263172149658,84,80
negsteer,design_26_seq_1,design_02_s0,design_02,steered,0.0,1,0.6097,3.092,0.7099,0.6097,0.6097,0.2842617202882788,0.37906668203167343,0.2842617202882788,77,45,82,84,3.2363196445526423,3.2859417528309107,84,82,1,1,11931,0.8660714285714286,4.830920219421387,79,81
negsteer,design_26_seq_1,design_01_s0,design_01,steered,0.0,1,0.6063,2.639,0.6179,0.6063,0.6063,0.28696087688218713,0.35107488267225917,0.28696087688218713,77,52,82,84,3.2363196445526423,3.2859417528309107,84,82,1,1,12012,0.8719512195121951,4.859121799468994,84,80
negsteer,design_26_seq_1,design_02_s1,design_02,steered,1.0,1,0.7359,2.971,0.7794,0.7359,0.7359,0.3959131778905257,0.4944568009274762,0.3959131778905257,76,45,82,84,3.2363196445526423,3.2859417528309107,84,82,1,1,12974,0.9417828106852497,3.9014248847961426,82,81
negsteer,design_26_seq_1,design_01_s1,design_01,steered,1.0,1,0.7864,2.825,0.7937,0.7864,0.7864,0.46129769447725266,0.5362386354585973,0.46129769447725266,6,45,82,84,3.2363196445526423,3.2859417528309107,84,82,1,1,13322,0.9670441347270615,3.516735076904297,84,81
negsteer,design_26_seq_1,design_02_s2,design_02,steered,2.0,1,0.7925,3.288,0.8408,0.7925,0.7925,0.47260243193956003,0.5691099882455225,0.47260243193956003,76,45,82,84,3.2363196445526423,3.2859417528309107,84,82,1,1,13266,0.962979094076655,3.3256962299346924,84,82
negsteer,design_26_seq_1,design_00_s1,design_00,steered,1.0,1,0.0,7.504,0.0,0.003,0.0,0.0,0.002068414367031215,0.0,0,22,0,15,0.5,0.5,84,82,0,0,326,0.023664343786295006,9.460345268249512,0,61
negsteer,design_26_seq_1,design_00_s0,design_00,steered,0.0,1,0.0,8.905,0.0,0.0031,0.0,0.0,0.002121404557284422,0.0,0,21,0,14,0.5,0.5,84,82,0,0,406,0.029471544715447155,9.328091621398926,0,61
negsteer,design_26_seq_1,design_00_s2,design_00,steered,2.0,1,0.0,9.034,0.0,0.0026,0.0,0.0,0.0002816333435475826,0.0,0,22,0,2,0.5,0.5,84,82,0,0,12,0.0008710801393728223,9.83596420288086,0,9
negsteer,design_27_seq_0,initial,initial,cold_start,,1,0.0,29.668,0.0,0.0,0.0,0.0,0.0,0.0,0,0,0,0,0.5,0.5,75,82,0,0,0,0.0,,0,0
negsteer,design_27_seq_0,design_00_s1,design_00,steered,1.0,1,0.7496,1.438,0.7496,0.768,0.7496,0.5173257643077522,0.49653799377563523,0.49653799377563523,67,45,82,75,3.2363196445526423,3.054435875049391,75,82,1,1,12004,0.9759349593495935,3.2937874794006348,74,81
negsteer,design_27_seq_0,design_00_s2,design_00,steered,2.0,1,0.8021,1.932,0.8097,0.8021,0.8021,0.5582246169541031,0.5501212200871101,0.5501212200871101,67,45,82,75,3.2363196445526423,3.054435875049391,75,82,1,1,11998,0.9754471544715447,2.9809863567352295,75,82
negsteer,design_27_seq_0,design_00_s0,design_00,steered,0.0,1,0.7062,4.293,0.7062,0.7624,0.7062,0.47351661161209146,0.4597283186413711,0.4597283186413711,67,45,82,75,3.2363196445526423,3.054435875049391,75,82,1,1,11996,0.9752845528455285,3.718451738357544,75,81
negsteer,design_27_seq_0,design_02_s0,design_02,steered,0.0,1,0.0793,27.664,0.0793,0.111,0.0793,0.008206927605594197,0.02278838810658582,0.008206927605594197,33,45,57,68,2.5102730396591975,2.8577943352341295,75,82,0,0,2909,0.2365040650406504,8.78477668762207,56,61
negsteer,design_27_seq_0,design_02_s1,design_02,steered,1.0,1,0.3969,27.891,0.3969,0.4437,0.3969,0.16147128068531552,0.19215551344677806,0.16147128068531552,33,45,71,75,2.9440693332755243,3.054435875049391,75,82,0,1,9137,0.7428455284552845,6.077062129974365,69,71
negsteer,design_27_seq_0,design_02_s2,design_02,steered,2.0,1,0.2437,29.788,0.2437,0.2582,0.2437,0.08985586699098348,0.12929035466527794,0.08985586699098348,33,45,70,73,2.9156610513441255,2.9998870343784683,75,82,0,0,8048,0.6543089430894309,7.224271774291992,66,70
negsteer,design_27_seq_0,design_01_s0,design_01,steered,0.0,1,0.6516,6.457,0.6516,0.7193,0.6516,0.3686032608151436,0.44860304128832934,0.3686032608151436,67,45,82,75,3.2363196445526423,3.054435875049391,75,82,1,1,11731,0.953739837398374,4.172810077667236,73,81
negsteer,design_27_seq_0,design_01_s1,design_01,steered,1.0,1,0.3865,6.642,0.3865,0.4647,0.3865,0.20048852811257045,0.2712850614944927,0.20048852811257045,67,45,76,75,3.081256507046695,3.054435875049391,75,82,0,1,10340,0.8406504065040651,5.463991641998291,73,80
negsteer,design_27_seq_0,design_01_s2,design_01,steered,2.0,1,0.3974,7.194,0.3974,0.491,0.3974,0.22041916980408133,0.28657237133692676,0.22041916980408133,67,45,75,75,3.054435875049391,3.054435875049391,75,82,0,1,10464,0.8507317073170731,5.265872001647949,73,80
negsteer,design_27_seq_1,initial,initial,cold_start,,1,0.0,29.607,0.0,0.003,0.0,0.0,0.0010061314380614133,0.0,0,47,0,1,0.5,0.5,75,82,0,0,91,0.007398373983739838,9.639203071594238,0,31
negsteer,design_27_seq_1,design_02_s0,design_02,steered,0.0,1,0.1207,2.946,0.1207,0.1482,0.1207,0.04646060492532949,0.08423855599504328,0.04646060492532949,67,53,71,72,2.9440693332755243,2.9721414027832376,75,82,0,0,7076,0.5752845528455285,8.419927597045898,72,73
negsteer,design_27_seq_1,design_02_s2,design_02,steered,2.0,1,0.1477,2.234,0.1477,0.1853,0.1477,0.08632098971555631,0.11533763466357458,0.08632098971555631,67,53,72,75,2.9721414027832376,3.054435875049391,75,82,0,1,9132,0.7424390243902439,7.969646453857422,72,79
negsteer,design_27_seq_1,design_01_s0,design_01,steered,0.0,1,0.3086,7.783,0.3086,0.3986,0.3086,0.20029654229991137,0.23190317890413742,0.20029654229991137,8,53,75,75,3.054435875049391,3.054435875049391,75,82,0,1,10168,0.8266666666666667,5.611471176147461,73,78
negsteer,design_27_seq_1,design_01_s2,design_01,steered,2.0,1,0.3715,8.624,0.3715,0.4506,0.3715,0.24544732976083955,0.2831087742233649,0.24544732976083955,67,52,81,75,3.2111376255715163,3.054435875049391,75,82,0,1,11175,0.9085365853658537,5.313329696655273,73,81
negsteer,design_27_seq_1,design_01_s1,design_01,steered,1.0,1,0.2279,8.643,0.2279,0.3142,0.2279,0.14532301697569588,0.173269272949433,0.14532301697569588,9,52,71,75,2.9440693332755243,3.054435875049391,75,82,0,1,9463,0.769349593495935,6.415224075317383,73,69
negsteer,design_27_seq_1,design_02_s1,design_02,steered,1.0,1,0.2278,9.528,0.2278,0.3067,0.2278,0.15010939616089067,0.18735113314341573,0.15010939616089067,67,54,74,75,3.0273155556828426,3.054435875049391,75,82,0,1,10266,0.8346341463414634,6.502021312713623,74,77
negsteer,design_27_seq_1,design_00_s0,design_00,steered,0.0,1,0.1078,27.217,0.1078,0.1217,0.1078,0.05145811737825473,0.06495259315479637,0.05145811737825473,42,58,67,69,2.828313834453388,2.886906305608928,75,82,0,0,6811,0.553739837398374,8.622859954833984,72,75
negsteer,design_27_seq_1,design_00_s2,design_00,steered,2.0,1,0.0,27.453,0.0,0.0,0.0,0.0,0.0,0.0,0,0,0,0,0.5,0.5,75,82,0,0,0,0.0,,0,0
negsteer,design_27_seq_1,design_00_s1,design_00,steered,1.0,1,0.0,27.461,0.0,0.0,0.0,0.0,0.0,0.0,0,0,0,0,0.5,0.5,75,82,0,0,0,0.0,,0,0
negsteer,design_28_seq_0,initial,initial,cold_start,,1,0.3078,33.673,0.3078,0.3323,0.3078,0.21499175676023707,0.24789895889599148,0.21499175676023707,30,55,82,76,3.2363196445526423,3.081256507046695,77,82,1,0,11715,0.9277003484320557,5.825929641723633,73,81
negsteer,design_28_seq_0,design_02_s2,design_02,steered,2.0,1,0.3786,27.95,0.3786,0.4797,0.3786,0.19199851865565717,0.17886428795925274,0.17886428795925274,33,52,71,77,2.9440693332755243,3.107785596003703,77,82,0,1,9337,0.7393886601203674,5.913207530975342,75,64
negsteer,design_28_seq_0,design_00_s0,design_00,steered,0.0,1,0.3548,28.402,0.3548,0.374,0.3548,0.17359649637024607,0.18243129518757598,0.17359649637024607,33,45,72,77,2.9721414027832376,3.107785596003703,77,82,0,1,9554,0.7565726955970858,6.066536903381348,75,71
negsteer,design_28_seq_0,design_01_s0,design_01,steered,0.0,1,0.3453,28.755,0.3453,0.3757,0.3453,0.13806715659349672,0.1629492721560116,0.13806715659349672,33,45,69,76,2.886906305608928,3.081256507046695,77,82,0,0,8594,0.6805511561609122,6.3206915855407715,67,65
negsteer,design_28_seq_0,design_00_s2,design_00,steered,2.0,1,0.2811,28.758,0.2811,0.3012,0.2811,0.1453798077486504,0.15535545500744952,0.1453798077486504,33,45,73,77,2.9998870343784683,3.107785596003703,77,82,0,1,9461,0.7492081089642065,6.61700963973999,74,71
negsteer,design_28_seq_0,design_01_s2,design_01,steered,2.0,1,0.3039,28.778,0.3039,0.3244,0.3039,0.11793475836067908,0.14214673987589777,0.11793475836067908,33,45,70,76,2.9156610513441255,3.081256507046695,77,82,0,0,8409,0.665901171998733,6.74990701675415,68,65
negsteer,design_28_seq_0,design_01_s1,design_01,steered,1.0,1,0.3228,28.937,0.3228,0.3534,0.3228,0.13867219932401528,0.157685283409636,0.13867219932401528,33,45,70,77,2.9156610513441255,3.107785596003703,77,82,0,1,8828,0.6990814063984796,6.458558559417725,68,65
negsteer,design_28_seq_0,design_02_s0,design_02,steered,0.0,1,0.6854,30.537,0.6854,0.7402,0.6854,0.41706741194531033,0.4154979286704031,0.4154979286704031,33,45,82,77,3.2363196445526423,3.107785596003703,77,82,1,1,12110,0.958980044345898,4.093048095703125,77,81
negsteer,design_28_seq_0,design_00_s1,design_00,steered,1.0,1,0.5851,31.018,0.5851,0.622,0.5851,0.28303504923612555,0.29696385869642766,0.28303504923612555,33,45,75,77,3.054435875049391,3.107785596003703,77,82,0,1,10131,0.8022648083623694,4.706480979919434,76,78
negsteer,design_28_seq_0,design_02_s1,design_02,steered,1.0,1,0.5646,31.507,0.5646,0.6275,0.5646,0.3007984088655174,0.29974325956981174,0.29974325956981174,33,52,82,77,3.2363196445526423,3.107785596003703,77,82,1,1,11059,0.8757522964840038,4.917630195617676,76,81
negsteer,design_28_seq_1,initial,initial,cold_start,,1,0.6072,27.888,0.6072,0.6214,0.6072,0.3793818395488061,0.39020144282953767,0.3793818395488061,33,45,82,77,3.2363196445526423,3.107785596003703,77,82,1,1,12233,0.9687203040861577,4.313261032104492,77,81
negsteer,design_28_seq_1,design_01_s1,design_01,steered,1.0,1,0.4246,26.393,0.5063,0.4246,0.4246,0.13583218247641798,0.204190728067216,0.13583218247641798,33,45,70,76,2.9156610513441255,3.081256507046695,77,82,0,0,8373,0.6630503642698765,5.974301815032959,67,66
negsteer,design_28_seq_1,design_00_s0,design_00,steered,0.0,1,0.3308,27.532,0.3308,0.3826,0.3308,0.15945676030808842,0.1663722588834012,0.15945676030808842,33,45,71,77,2.9440693332755243,3.107785596003703,77,82,0,1,9050,0.7166613873930947,6.201843738555908,71,68
negsteer,design_28_seq_1,design_01_s0,design_01,steered,0.0,1,0.415,27.626,0.4183,0.415,0.415,0.11669912255768265,0.19044580855463608,0.11669912255768265,33,45,70,77,2.9156610513441255,3.107785596003703,77,82,0,1,8308,0.6579030725372189,6.231070518493652,69,66
negsteer,design_28_seq_1,design_00_s1,design_00,steered,1.0,1,0.4703,28.102,0.4703,0.4864,0.4703,0.20513352954929526,0.22466623308080272,0.20513352954929526,33,52,73,77,2.9998870343784683,3.107785596003703,77,82,0,1,9241,0.7317865061767501,5.349659442901611,73,71
negsteer,design_28_seq_1,design_02_s2,design_02,steered,2.0,1,0.591,29.069,0.591,0.6164,0.591,0.2530566224278035,0.2973939956097705,0.2530566224278035,33,45,75,77,3.054435875049391,3.107785596003703,77,82,0,1,9860,0.7808045612923662,4.8043212890625,75,77
negsteer,design_28_seq_1,design_02_s0,design_02,steered,0.0,1,0.6497,29.219,0.6497,0.6793,0.6497,0.3029324468255478,0.3445931736652444,0.3029324468255478,33,45,75,77,3.054435875049391,3.107785596003703,77,82,0,1,10322,0.8173899271460247,4.441318988800049,75,80
negsteer,design_28_seq_1,design_00_s2,design_00,steered,2.0,1,0.4566,31.055,0.4566,0.5005,0.4566,0.20018016060439314,0.21881901639195658,0.20018016060439314,33,52,71,77,2.9440693332755243,3.107785596003703,77,82,0,1,9067,0.7180076021539437,5.365309238433838,71,66
negsteer,design_28_seq_1,design_01_s2,design_01,steered,2.0,1,0.7216,28.877,0.738,0.7216,0.7216,0.3450731478462165,0.38444207199542535,0.3450731478462165,33,45,75,77,3.054435875049391,3.107785596003703,77,82,0,1,10644,0.8428888184985746,4.196159362792969,76,77
negsteer,design_28_seq_1,design_02_s1,design_02,steered,1.0,1,0.6905,30.872,0.6905,0.7244,0.6905,0.3186215532266281,0.3684830632537785,0.3186215532266281,33,45,75,77,3.054435875049391,3.107785596003703,77,82,0,1,10259,0.8124010136205259,4.262289524078369,75,75
negsteer,design_29_seq_0,initial,initial,cold_start,0.0,1,0.1621,1.875,0.1621,0.2222,0.1621,0.10115997233129118,0.11460062791593373,0.10115997233129118,74,52,75,81,3.054435875049391,3.2111376255715163,81,82,0,1,10054,0.7568503462812406,7.944171905517578,77,78
negsteer,design_29_seq_0,initial_s1,initial,cold_start,1.0,1,0.0516,3.673,0.0516,0.1076,0.0516,0.0074102968195982185,0.022835746858973147,0.0074102968195982185,71,52,47,69,2.1367546088811347,2.886906305608928,81,82,0,0,3038,0.2286961758506474,9.059532165527344,58,61
negsteer,design_29_seq_0,initial_s2,initial,cold_start,2.0,1,0.1319,4.311,0.1319,0.1692,0.1319,0.07908822059125444,0.09392145204800749,0.07908822059125444,7,52,75,81,3.054435875049391,3.2111376255715163,81,82,0,1,9014,0.6785606744956338,8.329381942749023,78,76
negsteer,design_29_seq_1,initial,initial,cold_start,,1,0.2809,28.102,0.2809,0.3282,0.2809,0.13934886275020278,0.1677209183789517,0.13934886275020278,33,52,70,81,2.9156610513441255,3.2111376255715163,81,82,0,1,9600,0.7226738934056007,6.467733383178711,76,69
negsteer,design_29_seq_1,design_00_s1,design_00,steered,1.0,1,0.7158,2.925,0.7158,0.7312,0.7158,0.4242618391778964,0.4620850601846852,0.4242618391778964,72,52,82,81,3.2363196445526423,3.2111376255715163,81,82,1,1,12754,0.9601023788015658,3.8366103172302246,80,81
negsteer,design_29_seq_1,design_00_s2,design_00,steered,2.0,1,0.7917,3.241,0.7952,0.7917,0.7917,0.49760651366819664,0.5338555399055888,0.49760651366819664,72,52,82,81,3.2363196445526423,3.2111376255715163,81,82,1,1,12854,0.9676302318578741,3.3128793239593506,80,81
negsteer,design_29_seq_1,design_00_s0,design_00,steered,0.0,1,0.6183,2.945,0.6183,0.6403,0.6183,0.3108910774168225,0.3792189182429688,0.3108910774168225,73,52,82,81,3.2363196445526423,3.2111376255715163,81,82,1,1,12512,0.9418849744052996,4.744863986968994,79,81
negsteer,design_29_seq_1,design_01_s2,design_01,steered,2.0,1,0.1329,3.363,0.1329,0.1889,0.1329,0.0568235929865666,0.08991690990003962,0.0568235929865666,7,52,73,80,2.9998870343784683,3.185699940650432,81,82,0,0,7570,0.5698584763625414,8.266314506530762,69,71
negsteer,design_29_seq_1,design_01_s0,design_01,steered,0.0,1,0.1482,3.781,0.1482,0.21,0.1482,0.08044345657927571,0.1087820268088452,0.08044345657927571,74,52,72,81,2.9721414027832376,3.2111376255715163,81,82,0,1,8908,0.670581150255947,7.996517181396484,71,71
negsteer,design_29_seq_1,design_01_s1,design_01,steered,1.0,1,0.0903,5.524,0.0903,0.1297,0.0903,0.02102365254504997,0.04435472147789125,0.02102365254504997,72,52,65,71,2.768199058314079,2.9440693332755243,81,82,0,0,4653,0.3502710027100271,8.797558784484863,66,67
negsteer,design_29_seq_1,design_02_s1,design_02,steered,1.0,1,0.2874,27.754,0.2874,0.3207,0.2874,0.13335367827676237,0.17113283655049688,0.13335367827676237,33,52,69,81,2.886906305608928,3.2111376255715163,81,82,0,1,9457,0.7119090635350798,6.432826995849609,77,67
negsteer,design_29_seq_1,design_02_s0,design_02,steered,0.0,1,0.1358,29.507,0.1358,0.1831,0.1358,0.05786364016778491,0.07958402555924272,0.05786364016778491,33,52,65,80,2.768199058314079,3.185699940650432,81,82,0,0,7250,0.5457693465823548,8.278965950012207,69,61
negsteer,design_29_seq_1,design_02_s2,design_02,steered,2.0,1,0.2279,28.186,0.2279,0.299,0.2279,0.12184163393671221,0.14336500331339222,0.12184163393671221,33,52,74,81,3.0273155556828426,3.2111376255715163,81,82,0,1,9641,0.7257603131586872,7.019163131713867,77,75
negsteer,design_2_seq_0,initial,initial,cold_start,0.0,1,0.2647,3.858,0.2647,0.3395,0.2647,0.16972558098534743,0.19430778316142627,0.16972558098534743,66,45,73,75,2.9998870343784683,3.054435875049391,75,82,0,1,9992,0.8123577235772358,6.139578342437744,74,74
negsteer,design_2_seq_0,initial_s2,initial,cold_start,2.0,1,0.3262,4.495,0.3262,0.3964,0.3262,0.20006989158689975,0.24073283559438297,0.20006989158689975,66,45,81,75,3.2111376255715163,3.054435875049391,75,82,0,1,10608,0.8624390243902439,5.70014762878418,72,81
negsteer,design_2_seq_0,initial_s1,initial,cold_start,1.0,1,0.3187,4.67,0.3187,0.3918,0.3187,0.21154702403893075,0.2311418444065877,0.21154702403893075,66,45,80,75,3.185699940650432,3.054435875049391,75,82,0,1,10832,0.880650406504065,5.74584436416626,75,81
negsteer,design_2_seq_1,initial,initial,cold_start,,1,0.1837,28.83,0.1837,0.2105,0.1837,0.10947748262124757,0.12145675049254262,0.10947748262124757,33,53,71,75,2.9440693332755243,3.054435875049391,75,82,0,1,8850,0.7195121951219512,7.300389289855957,66,71
negsteer,design_2_seq_1,design_01_s0,design_01,steered,0.0,1,0.0394,1.615,0.0945,0.0394,0.0394,0.00663396334896485,0.007937714693181944,0.00663396334896485,72,55,60,37,2.610547697567678,1.6745287700126796,75,82,0,0,1940,0.15772357723577235,8.679274559020996,33,62
negsteer,design_2_seq_1,design_01_s2,design_01,steered,2.0,1,0.0059,2.739,0.0657,0.0059,0.0059,0.0020394733796517055,0.002323752183966884,0.0020394733796517055,72,54,52,23,2.331955096040982,0.6799999999999999,75,82,0,0,1118,0.09089430894308943,9.007634162902832,7,61
negsteer,design_2_seq_1,design_00_s0,design_00,steered,0.0,1,0.6205,27.543,0.6205,0.6227,0.6205,0.3808858336818715,0.371023789547929,0.371023789547929,33,45,82,75,3.2363196445526423,3.054435875049391,75,82,1,1,11798,0.9591869918699187,4.327889442443848,74,81
negsteer,design_2_seq_1,design_01_s1,design_01,steered,1.0,1,0.5468,27.759,0.5468,0.5639,0.5468,0.2788460137012104,0.32773408542455335,0.2788460137012104,33,45,82,75,3.2363196445526423,3.054435875049391,75,82,1,1,11281,0.9171544715447154,4.989138126373291,72,81
negsteer,design_2_seq_1,design_00_s1,design_00,steered,1.0,1,0.7188,28.185,0.7213,0.7188,0.7188,0.46914664799968403,0.4615443071305025,0.4615443071305025,33,45,82,75,3.2363196445526423,3.054435875049391,75,82,1,1,12046,0.979349593495935,3.635786771774292,74,81
negsteer,design_2_seq_1,design_00_s2,design_00,steered,2.0,1,0.7753,28.389,0.7753,0.7785,0.7753,0.5293635328859091,0.5133075660219553,0.5133075660219553,33,45,82,75,3.2363196445526423,3.054435875049391,75,82,1,1,12095,0.9833333333333333,3.2289278507232666,75,82
negsteer,design_2_seq_1,design_02_s1,design_02,steered,1.0,1,0.0031,30.542,0.0275,0.0031,0.0031,0.0008297123573720455,0.0020400610576361052,0.0008297123573720455,33,58,35,12,1.565877844577684,0.5,75,82,0,0,663,0.05390243902439024,9.388379096984863,14,59
negsteer,design_2_seq_1,design_02_s2,design_02,steered,2.0,1,0.0162,30.659,0.0333,0.0162,0.0162,0.0024089141003787516,0.002132455619597217,0.002132455619597217,33,52,38,29,1.726395055015941,1.1885764075772849,75,82,0,0,890,0.07235772357723577,9.468500137329102,39,55
negsteer,design_2_seq_1,design_02_s0,design_02,steered,0.0,1,0.0,31.872,0.0,0.0,0.0,0.0,0.0,0.0,0,0,0,0,0.5,0.5,75,82,0,0,0,0.0,,0,0
negsteer,design_30_seq_0,initial,initial,cold_start,,1,0.4912,29.237,0.4912,0.5356,0.4912,0.2647371595884567,0.2892241843851147,0.2647371595884567,33,45,74,79,3.0273155556828426,3.1599999999999993,79,82,0,1,10614,0.8192343315838222,4.859176158905029,78,75
negsteer,design_30_seq_0,design_00_s1,design_00,steered,1.0,1,0.141,28.181,0.141,0.164,0.141,0.06971058331406381,0.08304489665471654,0.06971058331406381,33,45,66,75,2.798452913890075,3.054435875049391,79,82,0,0,7633,0.5891478851497376,8.151065826416016,68,63
negsteer,design_30_seq_0,design_01_s0,design_01,steered,0.0,1,0.5155,28.347,0.5155,0.5995,0.5155,0.27209594538376397,0.28303058042543056,0.27209594538376397,33,45,75,79,3.054435875049391,3.1599999999999993,79,82,0,1,10665,0.823170731707317,4.9329376220703125,78,75
negsteer,design_30_seq_0,design_02_s1,design_02,steered,1.0,1,0.0027,28.373,0.0027,0.0027,0.0027,0.00016418683837769152,0.0003827313023687499,0.00016418683837769152,34,55,4,2,0.5,0.5,79,82,0,0,35,0.002701451065143563,9.771965026855469,5,12
negsteer,design_30_seq_0,design_02_s0,design_02,steered,0.0,1,0.0855,28.678,0.0862,0.0855,0.0855,0.02733989762543123,0.018970949245934805,0.018970949245934805,33,46,60,64,2.610547697567678,2.7375390804284843,79,82,0,0,4116,0.317690645260883,9.079298973083496,69,62
negsteer,design_30_seq_0,design_01_s2,design_01,steered,2.0,1,0.4059,28.737,0.4059,0.4824,0.4059,0.19549691591918752,0.2126733519466276,0.19549691591918752,33,45,70,79,2.9156610513441255,3.1599999999999993,79,82,0,1,9620,0.742513121333745,5.586558818817139,77,66
negsteer,design_30_seq_0,design_00_s0,design_00,steered,0.0,1,0.2295,28.764,0.2295,0.2654,0.2295,0.13882376498519147,0.1510064462228201,0.13882376498519147,33,45,72,78,2.9721414027832376,3.1340309377915263,79,82,0,0,9628,0.7431305958629206,6.6790876388549805,73,74
negsteer,design_30_seq_0,design_00_s2,design_00,steered,2.0,1,0.144,28.949,0.144,0.1566,0.144,0.0787900436722638,0.07622022338484119,0.07622022338484119,33,52,69,75,2.886906305608928,3.054435875049391,79,82,0,0,7913,0.6107594936708861,8.245177268981934,71,63
negsteer,design_30_seq_0,design_01_s1,design_01,steered,1.0,1,0.4463,29.007,0.4463,0.5324,0.4463,0.23140423314032865,0.24697252429124514,0.23140423314032865,33,45,72,79,2.9721414027832376,3.1599999999999993,79,82,0,1,10141,0.7827261500463106,5.215267658233643,78,71
negsteer,design_30_seq_0,design_02_s2,design_02,steered,2.0,1,0.0273,29.254,0.0273,0.0497,0.0273,0.003164847057218416,0.003131171026857706,0.003131171026857706,32,52,35,46,1.565877844577684,2.095312008965327,79,82,0,0,1190,0.09184933621488113,9.502333641052246,51,55
negsteer,design_30_seq_1,initial,initial,cold_start,,1,0.003,5.287,0.003,0.0045,0.003,0.0020745056357140404,0.002444784974724781,0.0020745056357140404,72,55,6,22,0.5,0.572034666637762,79,82,0,0,1137,0.08775856745909232,9.022705078125,59,63
negsteer,design_30_seq_1,design_00_s1,design_00,steered,1.0,1,0.2641,26.361,0.2641,0.2744,0.2641,0.17734398030899937,0.17779359118956164,0.17734398030899937,7,53,74,79,3.0273155556828426,3.1599999999999993,79,82,0,1,10437,0.8055727076258105,6.235320091247559,77,77
negsteer,design_30_seq_1,design_02_s2,design_02,steered,2.0,1,0.2,26.405,0.2,0.2109,0.2,0.1436216618476695,0.13568521385285548,0.13568521385285548,7,54,73,79,2.9998870343784683,3.1599999999999993,79,82,0,1,10378,0.8010188329731398,7.1061296463012695,77,77
negsteer,design_30_seq_1,design_00_s2,design_00,steered,2.0,1,0.131,26.645,0.131,0.1488,0.131,0.07734799708086479,0.09293281807416551,0.07734799708086479,8,22,71,77,2.9440693332755243,3.107785596003703,79,82,0,0,8534,0.6586909539981476,8.219846725463867,74,71
negsteer,design_30_seq_1,design_02_s0,design_02,steered,0.0,1,0.2148,26.647,0.2148,0.2377,0.2148,0.144787111932624,0.15067985134835288,0.144787111932624,7,53,73,79,2.9998870343784683,3.1599999999999993,79,82,0,1,10162,0.7843470206853967,6.809647560119629,76,75
negsteer,design_30_seq_1,design_00_s0,design_00,steered,0.0,1,0.3002,26.651,0.3002,0.3188,0.3002,0.20212318593801198,0.2076846804106381,0.20212318593801198,6,53,75,79,3.054435875049391,3.1599999999999993,79,82,0,1,10823,0.8353658536585366,5.864292144775391,77,81
negsteer,design_30_seq_1,design_01_s2,design_01,steered,2.0,1,0.1204,26.691,0.1204,0.1242,0.1204,0.06632866423659592,0.07551570051270197,0.06632866423659592,8,22,71,72,2.9440693332755243,2.9721414027832376,79,82,0,0,7933,0.6123031799938252,8.566086769104004,72,72
negsteer,design_30_seq_1,design_02_s1,design_02,steered,1.0,1,0.2506,29.12,0.2506,0.2818,0.2506,0.17177306896641473,0.15752979768326553,0.15752979768326553,33,52,75,79,3.054435875049391,3.1599999999999993,79,82,0,1,10626,0.8201605433775857,6.554808139801025,78,74
negsteer,design_30_seq_1,design_01_s1,design_01,steered,1.0,1,0.1565,29.187,0.1565,0.1836,0.1565,0.09903773507162268,0.1049960213599772,0.09903773507162268,33,52,73,79,2.9998870343784683,3.1599999999999993,79,82,0,1,9526,0.7352577956159309,7.97870397567749,75,70
negsteer,design_30_seq_1,design_01_s0,design_01,steered,0.0,1,0.2117,29.455,0.2117,0.2466,0.2117,0.13985727059277647,0.13783925562165678,0.13783925562165678,33,52,72,79,2.9721414027832376,3.1599999999999993,79,82,0,1,10086,0.7784810126582279,6.997959613800049,77,73
negsteer,design_31_seq_0,initial,initial,cold_start,,1,0.1323,27.702,0.1323,0.1759,0.1323,0.06447606596428855,0.113347628099912,0.06447606596428855,34,22,74,78,3.0273155556828426,3.1340309377915263,81,82,0,0,8823,0.6641824751580849,8.1290922164917,72,80
negsteer,design_31_seq_0,design_00_s2,design_00,steered,2.0,1,0.0033,5.06,0.0276,0.0033,0.0033,0.004426519360600246,0.0022439350737485943,0.0022439350737485943,7,58,33,18,1.4497193288190313,0.5,81,82,0,0,1807,0.13602830472749172,9.035874366760254,65,61
negsteer,design_31_seq_0,design_01_s2,design_01,steered,2.0,1,0.0,4.483,0.0,0.0028,0.0,0.0,0.0014127795754863722,0.0,0,56,0,5,0.5,0.5,81,82,0,0,160,0.012044564890093345,9.700177192687988,0,44
negsteer,design_31_seq_0,design_02_s2,design_02,steered,2.0,1,0.0,5.774,0.0,0.0,0.0,0.0,0.0,0.0,0,0,0,0,0.5,0.5,81,82,0,0,0,0.0,,0,0
negsteer,design_31_seq_0,design_01_s0,design_01,steered,0.0,1,0.0,6.386,0.0,0.0032,0.0,0.0,0.00213153423207653,0.0,0,22,0,9,0.5,0.5,81,82,0,0,391,0.029433905450165613,9.373979568481445,0,62
negsteer,design_31_seq_0,design_00_s1,design_00,steered,1.0,1,0.0221,7.216,0.0221,0.1149,0.0221,0.006189411172620308,0.0359311943345635,0.006189411172620308,4,22,31,73,1.3246042037392856,2.9998870343784683,81,82,0,0,3960,0.2981029810298103,8.783297538757324,76,76
negsteer,design_31_seq_0,design_01_s1,design_01,steered,1.0,1,0.0026,7.279,0.0026,0.003,0.0026,0.00012685688511456972,0.0021096962112251943,0.00012685688511456972,34,22,2,12,0.5,0.5,81,82,0,0,358,0.02694971394158386,9.47602653503418,4,63
negsteer,design_31_seq_0,design_02_s1,design_02,steered,1.0,1,0.0026,8.718,0.0026,0.0029,0.0026,9.616298807991875e-05,0.0010181489150698593,9.616298807991875e-05,34,21,2,7,0.5,0.5,81,82,0,0,93,0.007000903342366757,9.722465515136719,3,32
negsteer,design_31_seq_0,design_00_s0,design_00,steered,0.0,1,0.0486,20.091,0.0631,0.0486,0.0486,0.01643364762680398,0.017233331412326816,0.01643364762680398,4,34,47,43,2.1367546088811347,1.9653703251258212,81,82,0,0,3731,0.2808641975308642,8.810481071472168,77,69
negsteer,design_31_seq_0,design_02_s0,design_02,steered,0.0,1,0.0,22.756,0.0,0.0,0.0,0.0,0.0,0.0,0,0,0,0,0.5,0.5,81,82,0,0,0,0.0,,0,0
negsteer,design_31_seq_1,initial,initial,cold_start,,1,0.1246,29.512,0.1246,0.1441,0.1246,0.014010768205525331,0.08288201699374108,0.014010768205525331,33,46,70,74,2.9156610513441255,3.0273155556828426,81,82,0,0,5287,0.397997591087022,8.294849395751953,54,71
negsteer,design_31_seq_1,design_02_s1,design_02,steered,1.0,1,0.0,4.5,0.0,0.0027,0.0,0.0,0.0003722426623514876,0.0,0,22,0,3,0.5,0.5,81,82,0,0,17,0.0012797350195724178,9.87466049194336,0,12
negsteer,design_31_seq_1,design_00_s1,design_00,steered,1.0,1,0.1002,5.2,0.1002,0.1235,0.1002,0.026734631258511433,0.04989003896054516,0.026734631258511433,74,52,65,73,2.768199058314079,2.9998870343784683,81,82,0,0,4934,0.37142426979825355,8.736200332641602,49,63
negsteer,design_31_seq_1,design_00_s2,design_00,steered,2.0,1,0.128,6.397,0.128,0.1507,0.128,0.03871312038110638,0.07554516607111819,0.03871312038110638,74,52,67,79,2.828313834453388,3.1599999999999993,81,82,0,0,6127,0.46123155676001204,8.376381874084473,51,65
negsteer,design_31_seq_1,design_01_s0,design_01,steered,0.0,1,0.0027,10.636,0.0027,0.003,0.0027,0.00019404396736695442,0.001808542008625298,0.00019404396736695442,61,22,1,8,0.5,0.5,81,82,0,0,187,0.014077085215296598,9.545771598815918,6,55
negsteer,design_31_seq_1,design_02_s2,design_02,steered,2.0,1,0.1609,12.113,0.1609,0.2178,0.1609,0.08587860498565858,0.15638227646931915,0.08587860498565858,5,22,80,81,3.185699940650432,3.2111376255715163,81,82,0,1,10290,0.7746160794941283,7.629883289337158,79,81
negsteer,design_31_seq_1,design_02_s0,design_02,steered,0.0,1,0.0,12.06,0.0,0.0029,0.0,0.0,0.0019237884553149343,0.0,0,56,0,6,0.5,0.5,81,82,0,0,269,0.020249924721469435,9.557062149047852,0,58
negsteer,design_31_seq_1,design_01_s1,design_01,steered,1.0,1,0.0,15.485,0.0,0.0,0.0,0.0,0.0,0.0,0,0,0,0,0.5,0.5,81,82,0,0,0,0.0,,0,0
negsteer,design_31_seq_1,design_01_s2,design_01,steered,2.0,1,0.0,17.305,0.0,0.0,0.0,0.0,0.0,0.0,0,0,0,0,0.5,0.5,81,82,0,0,0,0.0,,0,0
negsteer,design_31_seq_1,design_00_s0,design_00,steered,0.0,1,0.0,30.317,0.0,0.0,0.0,0.0,0.0,0.0,0,0,0,0,0.5,0.5,81,82,0,0,0,0.0,,0,0
negsteer,design_32_seq_0,initial,initial,cold_start,,1,0.1443,29.903,0.1443,0.1727,0.1443,0.0331304125614803,0.09930126640729879,0.0331304125614803,33,53,71,76,2.9440693332755243,3.081256507046695,77,82,0,0,6539,0.5178175483053532,8.080196380615234,64,71
negsteer,design_32_seq_0,design_01_s1,design_01,steered,1.0,1,0.3916,3.017,0.3916,0.4062,0.3916,0.21147217283436617,0.2923972618130104,0.21147217283436617,69,58,82,77,3.2363196445526423,3.107785596003703,77,82,1,1,11589,0.9177225213810579,5.605482578277588,76,81
negsteer,design_32_seq_0,design_01_s2,design_01,steered,2.0,1,0.0327,3.74,0.0327,0.1263,0.0327,0.002447828009434335,0.06031785043319914,0.002447828009434335,70,58,37,70,1.6745287700126796,2.9156610513441255,77,82,0,0,3910,0.30962939499524866,8.578224182128906,39,67
negsteer,design_32_seq_0,design_00_s2,design_00,steered,2.0,1,0.2362,4.543,0.2362,0.2893,0.2362,0.10289516687006145,0.16612887611078872,0.10289516687006145,69,54,71,77,2.9440693332755243,3.107785596003703,77,82,0,1,8956,0.709217611656636,6.812150001525879,72,71
negsteer,design_32_seq_0,design_00_s0,design_00,steered,0.0,1,0.1708,6.831,0.1708,0.2053,0.1708,0.05845268803963123,0.11738676012482313,0.05845268803963123,70,53,65,77,2.768199058314079,3.107785596003703,77,82,0,1,7463,0.5909882800126702,7.603891849517822,64,68
negsteer,design_32_seq_0,design_00_s1,design_00,steered,1.0,1,0.23,7.427,0.23,0.2671,0.23,0.1071288106969086,0.1633412496544557,0.1071288106969086,69,54,71,77,2.9440693332755243,3.107785596003703,77,82,0,1,9172,0.7263224580297751,6.8610076904296875,72,73
negsteer,design_32_seq_0,design_01_s0,design_01,steered,0.0,1,0.0,21.806,0.0,0.0,0.0,0.0,0.0,0.0,0,0,0,0,0.5,0.5,77,82,0,0,0,0.0,,0,0
negsteer,design_32_seq_0,design_02_s0,design_02,steered,0.0,1,0.0,8.613,0.0,0.0032,0.0,0.0,0.0021036976902950102,0.0,0,58,0,16,0.5,0.5,77,82,0,0,522,0.041336712068419386,9.3051176071167,0,60
negsteer,design_32_seq_0,design_02_s2,design_02,steered,2.0,1,0.0,10.841,0.0,0.0,0.0,0.0,0.0,0.0,0,0,0,0,0.5,0.5,77,82,0,0,0,0.0,,0,0
negsteer,design_32_seq_0,design_02_s1,design_02,steered,1.0,1,0.0,21.186,0.0,0.0026,0.0,0.0,3.2192987685159936e-05,0.0,0,58,0,1,0.5,0.5,77,82,0,0,1,7.918910357934748e-05,9.718706130981445,0,1
negsteer,design_32_seq_1,initial,initial,cold_start,,1,0.3167,10.258,0.3167,0.4083,0.3167,0.18073262295129333,0.2397550003483846,0.18073262295129333,70,45,72,77,2.9721414027832376,3.107785596003703,77,82,0,1,9785,0.7748653785239151,5.5442986488342285,74,75
negsteer,design_32_seq_1,design_02_s2,design_02,steered,2.0,1,0.3388,8.043,0.3388,0.4479,0.3388,0.17596248459893388,0.26260146723844385,0.17596248459893388,68,53,72,77,2.9721414027832376,3.107785596003703,77,82,0,1,9967,0.7892777953753564,5.518337249755859,74,73
negsteer,design_32_seq_1,design_02_s0,design_02,steered,0.0,1,0.3039,8.153,0.3039,0.3986,0.3039,0.1747316753026098,0.24542709135325488,0.1747316753026098,69,53,75,77,3.054435875049391,3.107785596003703,77,82,0,1,10346,0.8192904656319291,5.764766693115234,75,79
negsteer,design_32_seq_1,design_02_s1,design_02,steered,1.0,1,0.2704,8.649,0.2704,0.3285,0.2704,0.12970563211454103,0.19824893632335816,0.12970563211454103,69,52,71,76,2.9440693332755243,3.081256507046695,77,82,0,0,9489,0.7514254038644282,6.31775426864624,75,71
negsteer,design_32_seq_1,design_01_s0,design_01,steered,0.0,1,0.4104,8.965,0.4104,0.5001,0.4104,0.26768763975978094,0.31938295432071134,0.26768763975978094,7,52,81,77,3.2111376255715163,3.107785596003703,77,82,0,1,11300,0.8948368704466265,4.94319486618042,76,80
negsteer,design_32_seq_1,design_01_s2,design_01,steered,2.0,1,0.3547,9.072,0.3547,0.4482,0.3547,0.22488498022816109,0.2811564101281053,0.22488498022816109,73,54,75,77,3.054435875049391,3.107785596003703,77,82,0,1,10658,0.8439974659486854,5.203141689300537,76,77
negsteer,design_32_seq_1,design_01_s1,design_01,steered,1.0,1,0.5042,10.364,0.5042,0.5565,0.5042,0.35230549298795305,0.3962631269596608,0.35230549298795305,8,45,82,77,3.2363196445526423,3.107785596003703,77,82,1,1,12224,0.9680076021539437,4.379697322845459,76,81
negsteer,design_32_seq_1,design_00_s0,design_00,steered,0.0,1,0.1467,8.62,0.1467,0.2163,0.1467,0.0868633516169117,0.1396372978115545,0.0868633516169117,69,58,71,76,2.9440693332755243,3.081256507046695,77,82,0,0,9037,0.7156319290465631,7.419430255889893,73,79
negsteer,design_32_seq_1,design_00_s1,design_00,steered,1.0,1,0.0402,10.597,0.0402,0.1247,0.0402,0.00632964704161534,0.0722106988399812,0.00632964704161534,53,58,41,69,1.873495124825139,2.886906305608928,77,82,0,0,4708,0.37282229965156793,8.484768867492676,54,70
negsteer,design_32_seq_1,design_00_s2,design_00,steered,2.0,1,0.0028,10.784,0.0028,0.0059,0.0028,0.00010355622749533746,0.0024895556441440086,0.00010355622749533746,73,54,1,23,0.5,0.6799999999999999,77,82,0,0,1108,0.08774152676591701,8.886533737182617,3,62
negsteer,design_33_seq_0,initial,initial,cold_start,,1,0.2439,38.798,0.2439,0.343,0.2439,0.16394586561009197,0.23179765172847888,0.16394586561009197,21,12,82,82,3.2363196445526423,3.2363196445526423,82,82,1,1,12335,0.9172367638310529,6.505074977874756,78,81
negsteer,design_33_seq_0,design_02_s2,design_02,steered,2.0,1,0.1138,13.839,0.1138,0.1763,0.1138,0.04420139440108181,0.12346835420807688,0.04420139440108181,47,22,71,78,2.9440693332755243,3.1340309377915263,82,82,0,0,8676,0.6451516954193932,8.203184127807617,80,81
negsteer,design_33_seq_0,design_01_s2,design_01,steered,2.0,1,0.2076,27.494,0.2076,0.3145,0.2076,0.12983080599366165,0.20358665516066207,0.12983080599366165,25,52,74,82,3.0273155556828426,3.2363196445526423,82,82,0,1,11196,0.8325401546698393,6.765639781951904,81,80
negsteer,design_33_seq_0,design_01_s1,design_01,steered,1.0,1,0.0033,27.763,0.0033,0.0219,0.0033,0.0021024206227327627,0.006418506041305457,0.0021024206227327627,52,58,5,29,0.5,1.1885764075772849,82,82,0,0,1795,0.1334770969660916,8.6740083694458,61,75
negsteer,design_33_seq_0,design_02_s0,design_02,steered,0.0,1,0.0,21.018,0.0,0.0,0.0,0.0,0.0,0.0,0,0,0,0,0.5,0.5,82,82,0,0,0,0.0,,0,0
negsteer,design_33_seq_0,design_02_s1,design_02,steered,1.0,1,0.0,21.018,0.0,0.0029,0.0,0.0,0.00027099794923986605,0.0,0,3,0,6,0.5,0.5,82,82,0,0,29,0.002156454491374182,9.410758018493652,0,8
negsteer,design_33_seq_0,design_00_s1,design_00,steered,1.0,1,0.0,22.208,0.0,0.0027,0.0,0.0,0.00015559306697601952,0.0,0,14,0,1,0.5,0.5,82,82,0,0,5,0.00037180249851279,9.888697624206543,0,5
negsteer,design_33_seq_0,design_00_s0,design_00,steered,0.0,1,0.0035,25.986,0.0035,0.0036,0.0035,0.0024021221012467653,0.002830826475784728,0.0024021221012467653,36,56,2,18,0.5,0.5,82,82,0,0,1181,0.087819750148721,8.91370677947998,66,73
negsteer,design_33_seq_0,design_01_s0,design_01,steered,0.0,1,0.2661,26.549,0.2661,0.3094,0.2661,0.18527821762339644,0.23292847602946185,0.18527821762339644,47,12,82,82,3.2363196445526423,3.2363196445526423,82,82,1,1,12431,0.9243753718024985,6.265476226806641,81,81
negsteer,design_33_seq_0,design_00_s2,design_00,steered,2.0,1,0.0,28.714,0.0,0.0,0.0,0.0,0.0,0.0,0,0,0,0,0.5,0.5,82,82,0,0,0,0.0,,0,0
negsteer,design_33_seq_1,initial,initial,cold_start,,1,0.0026,28.734,0.0026,0.0033,0.0026,3.1197542983402564e-05,0.002352785932399878,3.1197542983402564e-05,9,58,1,11,0.5,0.5,82,82,0,0,471,0.03502379535990482,9.219963073730469,1,66
negsteer,design_33_seq_1,design_00_s2,design_00,steered,2.0,1,0.0033,28.334,0.0033,0.0062,0.0033,0.001117144171829994,0.0028429949917353507,0.001117144171829994,61,58,2,23,0.5,0.6799999999999999,82,82,0,0,1192,0.08863771564544913,9.003693580627441,33,71
negsteer,design_33_seq_1,design_02_s0,design_02,steered,0.0,1,0.0027,4.157,0.0027,0.0362,0.0027,0.00018829623771059078,0.007458697067482806,0.00018829623771059078,76,58,3,35,0.5,1.565877844577684,82,82,0,0,1455,0.1081945270672219,8.641497611999512,6,71
negsteer,design_33_seq_1,design_00_s1,design_00,steered,1.0,1,0.0913,12.926,0.0913,0.1276,0.0913,0.013868818303751872,0.07137326907264296,0.013868818303751872,76,58,60,69,2.610547697567678,2.886906305608928,82,82,0,0,5128,0.3813206424747174,8.488003730773926,64,71
negsteer,design_33_seq_1,design_00_s0,design_00,steered,0.0,1,0.0,15.727,0.0,0.0,0.0,0.0,0.0,0.0,0,0,0,0,0.5,0.5,82,82,0,0,0,0.0,,0,0
negsteer,design_33_seq_1,design_01_s0,design_01,steered,0.0,1,0.4426,25.086,0.4426,0.5474,0.4426,0.28178367316552505,0.3314631418410189,0.28178367316552505,20,45,82,82,3.2363196445526423,3.2363196445526423,82,82,1,1,12475,0.927647233789411,5.050726413726807,80,81
negsteer,design_33_seq_1,design_02_s2,design_02,steered,2.0,1,0.0033,25.644,0.0033,0.0352,0.0033,0.0022473537402863545,0.010584340399562768,0.0022473537402863545,62,58,2,35,0.5,1.565877844577684,82,82,0,0,1775,0.13198988697204045,8.701623916625977,64,73
negsteer,design_33_seq_1,design_01_s2,design_01,steered,2.0,1,0.3527,26.245,0.3527,0.4794,0.3527,0.1960851200032843,0.243044081237735,0.1960851200032843,20,45,75,82,3.054435875049391,3.2363196445526423,82,82,0,1,10419,0.7747620464009518,5.561079025268555,81,75
negsteer,design_33_seq_1,design_01_s1,design_01,steered,1.0,1,0.3011,26.951,0.3011,0.3903,0.3011,0.1523573690480212,0.229601932593008,0.1523573690480212,25,52,81,82,3.2111376255715163,3.2363196445526423,82,82,0,1,11214,0.8338786436644854,6.297609806060791,81,81
negsteer,design_33_seq_1,design_02_s1,design_02,steered,1.0,1,0.0033,29.135,0.0034,0.0033,0.0033,0.002743254878512788,0.0027278917586067465,0.0027278917586067465,4,58,2,18,0.5,0.5,82,82,0,0,1182,0.08789411064842356,9.087201118469238,74,74
negsteer,design_34_seq_0,initial,initial,cold_start,,1,0.0561,29.073,0.0561,0.0899,0.0561,0.007677448689355515,0.02081212077982633,0.007677448689355515,32,53,49,64,2.2171186335840796,2.7375390804284843,80,82,0,0,2905,0.22141768292682926,9.106019020080566,58,63
negsteer,design_34_seq_0,design_00_s1,design_00,steered,1.0,1,0.323,1.373,0.323,0.3436,0.323,0.14006150604691356,0.1815753316154658,0.14006150604691356,72,52,76,80,3.081256507046695,3.185699940650432,80,82,0,1,9967,0.7596798780487805,6.523513317108154,76,75
negsteer,design_34_seq_0,design_00_s0,design_00,steered,0.0,1,0.6756,1.367,0.6756,0.6879,0.6756,0.3823861905635567,0.44295216406263954,0.3823861905635567,72,45,82,80,3.2363196445526423,3.185699940650432,80,82,1,1,12568,0.9579268292682926,4.111154079437256,79,81
negsteer,design_34_seq_0,design_00_s2,design_00,steered,2.0,1,0.7431,2.368,0.7507,0.7431,0.7431,0.4501438921899535,0.5113345800739962,0.4501438921899535,71,45,82,80,3.2363196445526423,3.185699940650432,80,82,1,1,12785,0.9744664634146342,3.597444534301758,80,81
negsteer,design_34_seq_0,design_01_s2,design_01,steered,2.0,1,0.0,4.507,0.0,0.004,0.0,0.0,0.0022499623691390564,0.0,0,58,0,22,0.5,0.572034666637762,80,82,0,0,790,0.06021341463414634,9.251112937927246,0,63
negsteer,design_34_seq_0,design_01_s0,design_01,steered,0.0,1,0.0,4.445,0.0,0.0029,0.0,0.0,0.0018509734626405124,0.0,0,24,0,5,0.5,0.5,80,82,0,0,292,0.02225609756097561,9.58118724822998,0,56
negsteer,design_34_seq_0,design_01_s1,design_01,steered,1.0,1,0.0,1.668,0.0,0.0,0.0,0.0,0.0,0.0,0,0,0,0,0.5,0.5,80,82,0,0,0,0.0,,0,0
negsteer,design_34_seq_0,design_02_s0,design_02,steered,0.0,1,0.2968,2.363,0.2968,0.3867,0.2968,0.15485153570771218,0.21198574865021083,0.15485153570771218,71,52,81,80,3.2111376255715163,3.185699940650432,80,82,0,1,10580,0.8064024390243902,6.276095867156982,77,78
negsteer,design_34_seq_0,design_02_s1,design_02,steered,1.0,1,0.2129,2.445,0.2129,0.3007,0.2129,0.12039460186497308,0.17076345181615069,0.12039460186497308,71,52,75,80,3.054435875049391,3.185699940650432,80,82,0,1,10144,0.7731707317073171,6.891558647155762,77,77
negsteer,design_34_seq_0,design_02_s2,design_02,steered,2.0,1,0.3122,3.465,0.3122,0.3643,0.3122,0.14583298319194,0.20432800628108586,0.14583298319194,71,52,76,80,3.081256507046695,3.185699940650432,80,82,0,1,9988,0.761280487804878,6.2328972816467285,75,77
negsteer,design_34_seq_1,initial,initial,cold_start,,1,0.0558,6.707,0.0558,0.1057,0.0558,0.006641642507747747,0.04814246708027473,0.006641642507747747,75,52,48,65,2.177342569194824,2.768199058314079,80,82,0,0,3964,0.3021341463414634,8.697296142578125,60,68
negsteer,design_34_seq_1,design_02_s1,design_02,steered,1.0,1,0.0596,29.119,0.0596,0.09,0.0596,0.0036734346504090354,0.0310659700345884,0.0036734346504090354,32,52,50,59,2.2561222246338515,2.577631935804318,80,82,0,0,2753,0.20983231707317074,8.674034118652344,43,67
negsteer,design_34_seq_1,design_00_s2,design_00,steered,2.0,1,0.0917,29.917,0.0917,0.1016,0.0917,0.014844135174644179,0.020059336161399943,0.014844135174644179,33,52,61,66,2.6429793600597735,2.798452913890075,80,82,0,0,3225,0.2458079268292683,8.93187141418457,55,61
negsteer,design_34_seq_1,design_02_s0,design_02,steered,0.0,1,0.1423,30.083,0.1423,0.1602,0.1423,0.037254089751513675,0.08207673354006213,0.037254089751513675,32,52,71,78,2.9440693332755243,3.1340309377915263,80,82,0,0,6489,0.4945884146341463,8.373859405517578,66,73
negsteer,design_34_seq_1,design_01_s1,design_01,steered,1.0,1,0.3671,30.168,0.3671,0.3888,0.3671,0.21592408764408902,0.25178514242388034,0.21592408764408902,34,46,82,80,3.2363196445526423,3.185699940650432,80,82,1,1,12063,0.9194359756097561,5.824573516845703,80,81
negsteer,design_34_seq_1,design_00_s0,design_00,steered,0.0,1,0.2229,30.677,0.2229,0.2389,0.2229,0.09698810785776005,0.13656711723462384,0.09698810785776005,33,45,72,80,2.9721414027832376,3.185699940650432,80,82,0,1,9205,0.7016006097560976,7.317121505737305,72,74
negsteer,design_34_seq_1,design_02_s2,design_02,steered,2.0,1,0.0267,30.771,0.0267,0.0311,0.0267,0.0009720545844174921,0.00408006421710569,0.0009720545844174921,32,52,35,35,1.565877844577684,1.565877844577684,80,82,0,0,1237,0.09428353658536585,8.911635398864746,13,62
negsteer,design_34_seq_1,design_01_s0,design_01,steered,0.0,1,0.2748,31.087,0.2775,0.2748,0.2748,0.1408262724755332,0.16943177770221288,0.1408262724755332,32,45,80,80,3.185699940650432,3.185699940650432,80,82,0,1,10584,0.8067073170731708,6.80603551864624,77,81
negsteer,design_34_seq_1,design_00_s1,design_00,steered,1.0,1,0.1246,31.36,0.1246,0.1516,0.1246,0.03565947895112913,0.06690541368613882,0.03565947895112913,33,52,68,78,2.8577943352341295,3.1340309377915263,80,82,0,0,6061,0.46196646341463415,8.55556869506836,59,64
negsteer,design_34_seq_1,design_01_s2,design_01,steered,2.0,1,0.133,31.564,0.133,0.157,0.133,0.0569669780874392,0.08419016935499157,0.0569669780874392,32,52,68,80,2.8577943352341295,3.185699940650432,80,82,0,1,7587,0.5782774390243902,8.437211036682129,73,71
negsteer,design_35_seq_0,initial,initial,cold_start,0.0,1,0.1122,3.758,0.1122,0.1852,0.1122,0.059892075614060285,0.10065861175790793,0.059892075614060285,70,53,70,77,2.9156610513441255,3.107785596003703,77,82,0,1,8160,0.6461830852074755,8.29173469543457,70,72
negsteer,design_35_seq_0,initial_s1,initial,cold_start,1.0,1,0.1253,3.446,0.1253,0.1926,0.1253,0.06829842487531533,0.10558977847487279,0.06829842487531533,70,53,71,77,2.9440693332755243,3.107785596003703,77,82,0,1,8449,0.6690687361419069,8.150141716003418,70,71
negsteer,design_35_seq_0,initial_s2,initial,cold_start,2.0,1,0.1142,5.068,0.1142,0.163,0.1142,0.04449197445548587,0.08323154055581587,0.04449197445548587,70,53,69,77,2.886906305608928,3.107785596003703,77,82,0,1,7143,0.565647766867279,8.540596961975098,67,66
negsteer,design_35_seq_1,initial,initial,cold_start,,1,0.1159,30.923,0.1159,0.1292,0.1159,0.04656684072083467,0.0632580215190878,0.04656684072083467,33,52,71,72,2.9440693332755243,2.9721414027832376,77,82,0,0,6571,0.5203515996198923,8.686387062072754,68,71
negsteer,design_35_seq_1,design_00_s1,design_00,steered,1.0,1,0.7287,29.547,0.7287,0.7799,0.7287,0.39870188279416074,0.4123332407893386,0.39870188279416074,33,45,81,77,3.2111376255715163,3.107785596003703,77,82,0,1,11116,0.8802660753880266,4.027490139007568,77,77
negsteer,design_35_seq_1,design_00_s2,design_00,steered,2.0,1,0.7573,29.637,0.7573,0.7771,0.7573,0.39359824133541,0.40085760694530953,0.39359824133541,33,45,75,77,3.054435875049391,3.107785596003703,77,82,0,1,10590,0.8386126069052898,3.9212276935577393,76,76
negsteer,design_35_seq_1,design_00_s0,design_00,steered,0.0,1,0.7147,30.422,0.7147,0.7669,0.7147,0.42419210789035766,0.4217500243699405,0.4217500243699405,33,45,82,77,3.2363196445526423,3.107785596003703,77,82,1,1,11935,0.9451219512195121,4.057088375091553,77,81
negsteer,design_35_seq_1,design_02_s0,design_02,steered,0.0,1,0.3934,30.424,0.3934,0.4161,0.3934,0.17995817438009884,0.19668276941335602,0.17995817438009884,33,45,72,77,2.9721414027832376,3.107785596003703,77,82,0,1,9539,0.7553848590433956,5.89284086227417,74,71
negsteer,design_35_seq_1,design_02_s1,design_02,steered,1.0,1,0.2929,30.676,0.2929,0.3291,0.2929,0.14371716509294974,0.16836304492998597,0.14371716509294974,33,45,72,77,2.9721414027832376,3.107785596003703,77,82,0,1,9273,0.7343205574912892,6.40807580947876,71,70
negsteer,design_35_seq_1,design_02_s2,design_02,steered,2.0,1,0.2999,30.689,0.2999,0.3269,0.2999,0.13956840715504118,0.15858713988067083,0.13956840715504118,33,45,71,76,2.9440693332755243,3.081256507046695,77,82,0,0,9051,0.7167405764966741,6.497231960296631,72,69
negsteer,design_35_seq_1,design_01_s0,design_01,steered,0.0,1,0.691,29.767,0.734,0.691,0.691,0.3500723827285571,0.4092597098220367,0.3500723827285571,34,45,82,77,3.2363196445526423,3.107785596003703,77,82,1,1,12002,0.9504276211593284,4.409952640533447,76,82
negsteer,design_35_seq_1,design_01_s2,design_01,steered,2.0,1,0.6526,29.786,0.6526,0.6572,0.6526,0.31251392913256565,0.36554977421864593,0.31251392913256565,33,45,82,77,3.2363196445526423,3.107785596003703,77,82,1,1,11884,0.9410833069369655,4.754380702972412,76,82
negsteer,design_35_seq_1,design_01_s1,design_01,steered,1.0,1,0.712,30.101,0.712,0.7207,0.712,0.36015884361725736,0.41855586577979165,0.36015884361725736,34,45,82,77,3.2363196445526423,3.107785596003703,77,82,1,1,11931,0.9448051948051948,4.320038318634033,77,82
negsteer,design_36_seq_0,initial,initial,cold_start,,1,0.3305,5.385,0.3305,0.3716,0.3305,0.13636807283030156,0.22859409519914176,0.13636807283030156,73,54,75,81,3.054435875049391,3.2111376255715163,81,82,0,1,10144,0.7636254140319181,6.158168792724609,79,80
negsteer,design_36_seq_0,design_01_s2,design_01,steered,2.0,1,0.0997,7.188,0.0997,0.1141,0.0997,0.018095240405082334,0.031176301349726755,0.018095240405082334,74,53,63,73,2.7064590702237057,2.9998870343784683,81,82,0,0,3920,0.295091839807287,8.861035346984863,53,61
negsteer,design_36_seq_0,design_01_s1,design_01,steered,1.0,1,0.1067,7.254,0.1067,0.1348,0.1067,0.024056074813146283,0.05474053754573461,0.024056074813146283,74,53,64,76,2.7375390804284843,3.081256507046695,81,82,0,0,5082,0.3825654923215899,8.717626571655273,53,62
negsteer,design_36_seq_0,design_01_s0,design_01,steered,0.0,1,0.1954,8.535,0.1954,0.21,0.1954,0.11181691888558828,0.12756554455007996,0.11181691888558828,74,53,72,81,2.9721414027832376,3.2111376255715163,81,82,0,1,9574,0.7207166516109605,7.332667827606201,79,69
negsteer,design_36_seq_0,design_00_s1,design_00,steered,1.0,1,0.1463,11.421,0.1463,0.2321,0.1463,0.08783501008364522,0.10958525837433138,0.08783501008364522,9,12,75,81,3.054435875049391,3.2111376255715163,81,82,0,1,9748,0.7338151159289371,8.20468807220459,80,81
negsteer,design_36_seq_0,design_00_s0,design_00,steered,0.0,1,0.004,12.053,0.004,0.0949,0.004,0.0029894855638023144,0.006450493223738016,0.0029894855638023144,36,12,8,66,0.5,2.798452913890075,81,82,0,0,1931,0.14536284251731407,8.859979629516602,70,76
negsteer,design_36_seq_0,design_00_s2,design_00,steered,2.0,1,0.0041,12.179,0.0041,0.0745,0.0041,0.0028041357341233963,0.004796560757180176,0.0028041357341233963,36,12,8,56,0.5,2.4757893780745857,81,82,0,0,1712,0.1288768443239988,8.89633560180664,67,74
negsteer,design_36_seq_0,design_02_s0,design_02,steered,0.0,1,0.0,20.112,0.0,0.0,0.0,0.0,0.0,0.0,0,0,0,0,0.5,0.5,81,82,0,0,0,0.0,,0,0
negsteer,design_36_seq_0,design_02_s2,design_02,steered,2.0,1,0.0,20.457,0.0,0.0,0.0,0.0,0.0,0.0,0,0,0,0,0.5,0.5,81,82,0,0,0,0.0,,0,0
negsteer,design_36_seq_0,design_02_s1,design_02,steered,1.0,1,0.0,27.456,0.0,0.0,0.0,0.0,0.0,0.0,0,0,0,0,0.5,0.5,81,82,0,0,0,0.0,,0,0
negsteer,design_36_seq_1,initial,initial,cold_start,,1,0.7104,28.393,0.7104,0.7513,0.7104,0.43593853178583547,0.4955987269740279,0.43593853178583547,33,45,82,81,3.2363196445526423,3.2111376255715163,81,82,1,1,12987,0.9776422764227642,3.786144256591797,81,81
negsteer,design_36_seq_1,design_01_s1,design_01,steered,1.0,1,0.0,3.529,0.0,0.0026,0.0,0.0,0.0004401538015638546,0.0,0,56,0,3,0.5,0.5,81,82,0,0,31,0.002333634447455586,9.831273078918457,0,14
negsteer,design_36_seq_1,design_01_s0,design_01,steered,0.0,1,0.0,5.564,0.0,0.0026,0.0,0.0,0.0004969851238789355,0.0,0,58,0,4,0.5,0.5,81,82,0,0,30,0.002258355916892502,9.87531852722168,0,16
negsteer,design_36_seq_1,design_01_s2,design_01,steered,2.0,1,0.0,6.279,0.0,0.0,0.0,0.0,0.0,0.0,0,0,0,0,0.5,0.5,81,82,0,0,0,0.0,,0,0
negsteer,design_36_seq_1,design_00_s2,design_00,steered,2.0,1,0.0,18.864,0.0,0.0029,0.0,0.0,0.001784292535243056,0.0,0,22,0,5,0.5,0.5,81,82,0,0,133,0.010012044564890092,9.545182228088379,0,54
negsteer,design_36_seq_1,design_00_s1,design_00,steered,1.0,1,0.0,19.59,0.0,0.0034,0.0,0.0,0.0024631021050282005,0.0,0,20,0,7,0.5,0.5,81,82,0,0,573,0.043134598012646796,9.026446342468262,0,66
negsteer,design_36_seq_1,design_00_s0,design_00,steered,0.0,1,0.1374,25.586,0.1374,0.1847,0.1374,0.0665180925078644,0.11995135773847834,0.0665180925078644,8,22,75,81,3.054435875049391,3.2111376255715163,81,82,0,1,8955,0.674119241192412,8.044842720031738,70,79
negsteer,design_36_seq_1,design_02_s1,design_02,steered,1.0,1,0.1379,26.423,0.1379,0.1843,0.1379,0.07620565276477992,0.11462890729308128,0.07620565276477992,5,58,71,80,2.9440693332755243,3.185699940650432,81,82,0,0,8985,0.6763775971093045,7.951318264007568,73,72
negsteer,design_36_seq_1,design_02_s2,design_02,steered,2.0,1,0.1741,26.496,0.1741,0.2177,0.1741,0.10679575434690457,0.1408133175445539,0.10679575434690457,7,58,73,81,2.9998870343784683,3.2111376255715163,81,82,0,1,9983,0.7515055706112617,7.35555362701416,75,76
negsteer,design_36_seq_1,design_02_s0,design_02,steered,0.0,1,0.1269,26.956,0.1269,0.1686,0.1269,0.06773333000249149,0.10610052560194873,0.06773333000249149,7,58,69,78,2.886906305608928,3.1340309377915263,81,82,0,0,8550,0.6436314363143631,8.103914260864258,72,68
negsteer,design_37_seq_0,initial,initial,cold_start,,1,0.3018,27.54,0.3018,0.3301,0.3018,0.13693845838320273,0.1987236431493174,0.13693845838320273,33,52,74,78,3.0273155556828426,3.1340309377915263,78,82,0,1,9848,0.7698561601000625,6.353303909301758,74,78
negsteer,design_37_seq_0,design_00_s1,design_00,steered,1.0,1,0.5469,7.226,0.5469,0.6071,0.5469,0.2936838251980356,0.3900580819520145,0.2936838251980356,8,53,82,78,3.2363196445526423,3.1340309377915263,78,82,1,1,11405,0.8915728580362726,4.561769008636475,76,81
negsteer,design_37_seq_0,design_00_s0,design_00,steered,0.0,1,0.5323,7.591,0.5323,0.6133,0.5323,0.29829491961759347,0.3884215841052781,0.29829491961759347,43,45,82,78,3.2363196445526423,3.1340309377915263,78,82,1,1,11429,0.8934490306441526,4.555493354797363,76,81
negsteer,design_37_seq_0,design_00_s2,design_00,steered,2.0,1,0.5241,7.702,0.5241,0.6072,0.5241,0.29950988989096516,0.3896612331168953,0.29950988989096516,43,45,82,78,3.2363196445526423,3.1340309377915263,78,82,1,1,11612,0.907754846779237,4.5888566970825195,76,81
negsteer,design_37_seq_0,design_02_s2,design_02,steered,2.0,1,0.0,8.214,0.0,0.0027,0.0,0.0,0.000376749366362829,0.0,0,58,0,2,0.5,0.5,78,82,0,0,20,0.0015634771732332708,9.826066970825195,0,12
negsteer,design_37_seq_0,design_01_s1,design_01,steered,1.0,1,0.0706,26.837,0.0706,0.1099,0.0706,0.0037511036886523166,0.036483137652550526,0.0037511036886523166,33,45,54,68,2.4051021893375664,2.8577943352341295,78,82,0,0,2926,0.22873671044402752,8.594414710998535,38,62
negsteer,design_37_seq_0,design_01_s0,design_01,steered,0.0,1,0.1357,27.103,0.1357,0.1671,0.1357,0.025171429730760746,0.09382178920900404,0.025171429730760746,33,54,68,73,2.8577943352341295,2.9998870343784683,78,82,0,0,6085,0.47568792995622267,8.119749069213867,63,65
negsteer,design_37_seq_0,design_01_s2,design_01,steered,2.0,1,0.0829,27.564,0.0829,0.1096,0.0829,0.005078653246761324,0.03402962591271938,0.005078653246761324,33,52,59,69,2.577631935804318,2.886906305608928,78,82,0,0,2868,0.22420262664165103,8.65240478515625,48,62
negsteer,design_37_seq_0,design_02_s0,design_02,steered,0.0,1,0.0,28.654,0.0,0.0026,0.0,0.0,3.187501485027918e-05,0.0,0,58,0,2,0.5,0.5,78,82,0,0,2,0.00015634771732332708,9.767215728759766,0,1
negsteer,design_37_seq_0,design_02_s1,design_02,steered,1.0,1,0.0899,35.716,0.0899,0.1277,0.0899,0.01202453484531874,0.0842693990618899,0.01202453484531874,25,22,66,66,2.798452913890075,2.798452913890075,78,82,0,0,5384,0.4208880550343965,8.237120628356934,63,81
negsteer,design_37_seq_1,initial,initial,cold_start,0.0,1,0.0401,5.681,0.0401,0.0579,0.0401,0.004091056630922816,0.022446542529661846,0.004091056630922816,70,55,42,45,1.9199999999999997,2.052968307382785,78,82,0,0,2799,0.21880863039399626,8.882355690002441,63,69
negsteer,design_37_seq_1,initial_s2,initial,cold_start,2.0,1,0.0029,4.884,0.0029,0.0165,0.0029,0.0005711754186986348,0.00370583445878654,0.0005711754186986348,47,56,1,28,0.5,1.115655012773739,78,82,0,0,1114,0.08708567854909319,8.92741870880127,17,67
negsteer,design_37_seq_1,initial_s1,initial,cold_start,1.0,1,0.003,5.401,0.003,0.0099,0.003,0.0010510175100838144,0.0029472444155367048,0.0010510175100838144,60,56,1,25,0.5,0.8714990156395357,78,82,0,0,1059,0.08278611632270169,9.013742446899414,31,69
negsteer,design_38_seq_0,initial,initial,cold_start,,1,0.3668,6.233,0.3668,0.4109,0.3668,0.1596718022080425,0.22309728562491152,0.1596718022080425,70,53,71,78,2.9440693332755243,3.1340309377915263,78,82,0,1,9691,0.7575828642901814,5.8743977546691895,76,67
negsteer,design_38_seq_0,design_00_s1,design_00,steered,1.0,1,0.0028,2.724,0.0028,0.0031,0.0028,0.00010106383631817806,0.0020245435568163306,0.00010106383631817806,74,58,2,16,0.5,0.5,78,82,0,0,570,0.04455909943714822,9.332334518432617,3,58
negsteer,design_38_seq_0,design_02_s0,design_02,steered,0.0,1,0.4595,7.926,0.4595,0.4713,0.4595,0.2033537459732869,0.2838740725405287,0.2033537459732869,70,45,81,78,3.2111376255715163,3.1340309377915263,78,82,0,1,10935,0.8548311444652908,5.4999165534973145,76,81
negsteer,design_38_seq_0,design_02_s1,design_02,steered,1.0,1,0.4616,8.061,0.4616,0.4878,0.4616,0.23522880299088472,0.30058754847112407,0.23522880299088472,70,52,82,78,3.2363196445526423,3.1340309377915263,78,82,1,1,11369,0.8887585991244528,5.294027328491211,76,81
negsteer,design_38_seq_0,design_00_s2,design_00,steered,2.0,1,0.0054,3.943,0.0054,0.0539,0.0054,0.0007287947287878547,0.01977701511847355,0.0007287947287878547,75,55,23,43,0.6799999999999999,1.9653703251258212,78,82,0,0,2031,0.15877110694183866,8.651572227478027,20,69
negsteer,design_38_seq_0,design_01_s2,design_01,steered,2.0,1,0.4725,5.856,0.4725,0.5737,0.4725,0.2865211614437449,0.35211369541768983,0.2865211614437449,43,45,82,78,3.2363196445526423,3.1340309377915263,78,82,1,1,11809,0.9231550969355847,4.893046855926514,76,81
negsteer,design_38_seq_0,design_01_s1,design_01,steered,1.0,1,0.3725,6.321,0.3725,0.4371,0.3725,0.19270747165398625,0.24658783490303904,0.19270747165398625,70,53,75,78,3.054435875049391,3.1340309377915263,78,82,0,1,10326,0.8072232645403377,5.60819149017334,76,77
negsteer,design_38_seq_0,design_00_s0,design_00,steered,0.0,1,0.0029,6.573,0.0029,0.0312,0.0029,0.00028248118738142343,0.009119830321429706,0.00028248118738142343,74,55,4,34,0.5,1.5088180444152115,78,82,0,0,1519,0.11874609130706691,8.809800148010254,8,63
negsteer,design_38_seq_0,design_02_s2,design_02,steered,2.0,1,0.4585,7.189,0.4585,0.5155,0.4585,0.23496588532669613,0.3018843678320281,0.23496588532669613,70,45,81,78,3.2111376255715163,3.1340309377915263,78,82,0,1,11187,0.8745309568480301,5.248764514923096,76,81
negsteer,design_38_seq_0,design_01_s0,design_01,steered,0.0,1,0.3881,7.435,0.3881,0.4294,0.3881,0.17575950861478654,0.23855617660574796,0.17575950861478654,70,53,75,78,3.054435875049391,3.1340309377915263,78,82,0,1,9931,0.7763445903689806,5.677626609802246,76,75
negsteer,design_38_seq_1,initial,initial,cold_start,,1,0.4144,7.903,0.4144,0.4798,0.4144,0.17344535966941083,0.27186837306859474,0.17344535966941083,70,53,72,78,2.9721414027832376,3.1340309377915263,78,82,0,1,9806,0.7665728580362726,5.4607768058776855,76,71
negsteer,design_38_seq_1,design_02_s1,design_02,steered,1.0,1,0.1053,4.369,0.1178,0.1053,0.1053,0.03181523063446944,0.04197131474956688,0.03181523063446944,70,53,67,64,2.828313834453388,2.7375390804284843,78,82,0,0,4840,0.3783614759224515,8.569419860839844,66,67
negsteer,design_38_seq_1,design_02_s2,design_02,steered,2.0,1,0.1668,2.138,0.1668,0.1695,0.1668,0.09338387715307853,0.10892308612706185,0.09338387715307853,7,58,73,78,2.9998870343784683,3.1340309377915263,78,82,0,1,9101,0.7114602876797999,7.878328323364258,73,74
negsteer,design_38_seq_1,design_02_s0,design_02,steered,0.0,1,0.1454,5.009,0.1523,0.1454,0.1454,0.07856687764899853,0.08666231729112929,0.07856687764899853,7,53,73,76,2.9998870343784683,3.081256507046695,78,82,0,0,8269,0.6464196372732958,8.222362518310547,74,74
negsteer,design_38_seq_1,design_00_s2,design_00,steered,2.0,1,0.2149,6.343,0.2149,0.2771,0.2149,0.07960034148075068,0.1365116684180798,0.07960034148075068,70,53,66,77,2.798452913890075,3.107785596003703,78,82,0,0,7964,0.6225766103814885,7.129007816314697,68,66
negsteer,design_38_seq_1,design_00_s1,design_00,steered,1.0,1,0.2846,6.61,0.2846,0.3379,0.2846,0.10474454553929181,0.16474076630206916,0.10474454553929181,70,53,68,78,2.8577943352341295,3.1340309377915263,78,82,0,1,8574,0.6702626641651032,6.658406734466553,70,66
negsteer,design_38_seq_1,design_01_s1,design_01,steered,1.0,1,0.1162,7.392,0.1162,0.1774,0.1162,0.026141838531774014,0.09897223862864804,0.026141838531774014,71,53,63,78,2.7064590702237057,3.1340309377915263,78,82,0,1,6136,0.4796747967479675,8.019091606140137,65,66
negsteer,design_38_seq_1,design_00_s0,design_00,steered,0.0,1,0.3245,7.433,0.3245,0.3515,0.3245,0.11183396801173401,0.17784024882925356,0.11183396801173401,70,53,70,78,2.9156610513441255,3.1340309377915263,78,82,0,1,8707,0.6806597873671044,6.489103317260742,70,66
negsteer,design_38_seq_1,design_01_s0,design_01,steered,0.0,1,0.13,7.991,0.13,0.1861,0.13,0.032916217299106605,0.10371722241795463,0.032916217299106605,71,53,65,78,2.768199058314079,3.1340309377915263,78,82,0,1,6586,0.5148530331457161,7.99144983291626,65,67
negsteer,design_38_seq_1,design_01_s2,design_01,steered,2.0,1,0.3514,8.379,0.3514,0.3993,0.3514,0.15620724672976977,0.22256778637458366,0.15620724672976977,71,45,71,78,2.9440693332755243,3.1340309377915263,78,82,0,1,9750,0.7621951219512195,5.9621262550354,76,71
negsteer,design_39_seq_0,initial,initial,cold_start,0.0,1,0.4932,1.658,0.4932,0.5568,0.4932,0.345326897478375,0.3607277203033247,0.345326897478375,72,52,82,81,3.2363196445526423,3.2111376255715163,81,82,1,1,12975,0.9767389340560072,4.588492393493652,81,81
negsteer,design_39_seq_0,initial_s1,initial,cold_start,1.0,1,0.403,2.207,0.403,0.4391,0.403,0.25251813342702795,0.26379762603560597,0.25251813342702795,74,45,81,81,3.2111376255715163,3.2111376255715163,81,82,0,1,11943,0.8990514905149052,5.40394401550293,81,80
negsteer,design_39_seq_0,initial_s2,initial,cold_start,2.0,1,0.5197,1.703,0.5197,0.5832,0.5197,0.35606908597580994,0.37353926358699074,0.35606908597580994,5,52,82,81,3.2363196445526423,3.2111376255715163,81,82,1,1,12944,0.9744052996085516,4.516403675079346,81,81
negsteer,design_39_seq_1,initial,initial,cold_start,,1,0.3367,28.857,0.3367,0.3983,0.3367,0.21704284631198756,0.2561790523056804,0.21704284631198756,32,45,81,81,3.2111376255715163,3.2111376255715163,81,82,0,1,11885,0.8946853357422463,5.707071781158447,80,81
negsteer,design_39_seq_1,design_00_s1,design_00,steered,1.0,1,0.8894,2.667,0.8923,0.8894,0.8894,0.6648619890207264,0.6739246228755247,0.6648619890207264,6,45,82,81,3.2363196445526423,3.2111376255715163,81,82,1,1,13094,0.9856970791930142,2.347193479537964,81,82
negsteer,design_39_seq_1,design_00_s2,design_00,steered,2.0,1,0.8667,2.132,0.8677,0.8667,0.8667,0.6014032894170579,0.6263824635889472,0.6014032894170579,72,45,82,81,3.2363196445526423,3.2111376255715163,81,82,1,1,12929,0.9732761216501054,2.68391489982605,81,81
negsteer,design_39_seq_1,design_00_s0,design_00,steered,0.0,1,0.8818,3.214,0.8821,0.8818,0.8818,0.6403488097080018,0.6441425384908188,0.6403488097080018,6,45,82,81,3.2363196445526423,3.2111376255715163,81,82,1,1,13048,0.9822342667871123,2.5002782344818115,81,81
negsteer,design_39_seq_1,design_02_s0,design_02,steered,0.0,1,0.8469,2.54,0.8469,0.8545,0.8469,0.5669205632940348,0.6007569875659012,0.5669205632940348,72,45,82,81,3.2363196445526423,3.2111376255715163,81,82,1,1,12933,0.9735772357723578,2.8989014625549316,81,81
negsteer,design_39_seq_1,design_02_s1,design_02,steered,1.0,1,0.7714,3.17,0.7714,0.799,0.7714,0.45722611949859576,0.5201363526511846,0.45722611949859576,72,45,82,81,3.2363196445526423,3.2111376255715163,81,82,1,1,12692,0.9554351099066546,3.6119515895843506,80,81
negsteer,design_39_seq_1,design_01_s2,design_01,steered,2.0,1,0.6475,1.475,0.6475,0.6682,0.6475,0.34400018629686974,0.4347413576367061,0.34400018629686974,73,45,82,81,3.2363196445526423,3.2111376255715163,81,82,1,1,12745,0.9594248720264981,4.347108840942383,80,81
negsteer,design_39_seq_1,design_01_s1,design_01,steered,1.0,1,0.763,3.828,0.763,0.767,0.763,0.44720936424593316,0.5234007417428784,0.44720936424593316,73,45,82,81,3.2363196445526423,3.2111376255715163,81,82,1,1,12830,0.9658235471243601,3.5664162635803223,80,81
negsteer,design_39_seq_1,design_01_s0,design_01,steered,0.0,1,0.9078,2.729,0.9098,0.9078,0.9078,0.6634087264135388,0.6962692938239609,0.6634087264135388,6,45,82,81,3.2363196445526423,3.2111376255715163,81,82,1,1,13067,0.9836645588678109,2.2869508266448975,81,82
negsteer,design_39_seq_1,design_02_s2,design_02,steered,2.0,1,0.7996,2.928,0.7996,0.811,0.7996,0.4844021966571655,0.5364126366813008,0.4844021966571655,5,45,82,81,3.2363196445526423,3.2111376255715163,81,82,1,1,12731,0.9583709725986149,3.4404470920562744,81,81
negsteer,design_3_seq_0,initial,initial,cold_start,,1,0.4911,27.661,0.4911,0.5155,0.4911,0.24156395433237776,0.273095536216094,0.24156395433237776,33,45,74,80,3.0273155556828426,3.185699940650432,80,82,0,1,10589,0.8070884146341464,5.1335015296936035,79,74
negsteer,design_3_seq_0,design_00_s1,design_00,steered,1.0,1,0.1738,5.035,0.1738,0.2269,0.1738,0.08657047145825345,0.15107589052342696,0.08657047145825345,72,55,73,80,2.9998870343784683,3.185699940650432,80,82,0,1,9591,0.7310213414634147,7.416532039642334,76,77
negsteer,design_3_seq_0,design_00_s2,design_00,steered,2.0,1,0.3229,5.385,0.3229,0.3638,0.3229,0.189603746694047,0.2656912859529257,0.189603746694047,72,56,82,80,3.2363196445526423,3.185699940650432,80,82,1,1,12139,0.9252286585365853,6.001354217529297,79,81
negsteer,design_3_seq_0,design_00_s0,design_00,steered,0.0,1,0.2485,7.054,0.2485,0.3205,0.2485,0.15734356750326697,0.22509307238534548,0.15734356750326697,73,56,75,80,3.054435875049391,3.185699940650432,80,82,0,1,11342,0.8644817073170732,6.333571910858154,79,81
negsteer,design_3_seq_0,design_02_s0,design_02,steered,0.0,1,0.4507,27.239,0.4507,0.4824,0.4507,0.21557483813085127,0.24279452315190944,0.21557483813085127,33,45,76,80,3.081256507046695,3.185699940650432,80,82,0,1,10696,0.8152439024390243,5.573837757110596,79,80
negsteer,design_3_seq_0,design_01_s0,design_01,steered,0.0,1,0.4167,27.795,0.4167,0.4222,0.4167,0.2450323528726585,0.2547597291243331,0.2450323528726585,33,45,81,80,3.2111376255715163,3.185699940650432,80,82,0,1,11266,0.8586890243902439,5.366375923156738,75,80
negsteer,design_3_seq_0,design_02_s2,design_02,steered,2.0,1,0.3335,27.84,0.3335,0.381,0.3335,0.1654775056114886,0.19870078164186875,0.1654775056114886,33,45,73,80,2.9998870343784683,3.185699940650432,80,82,0,1,10018,0.7635670731707317,6.058601379394531,73,73
negsteer,design_3_seq_0,design_01_s1,design_01,steered,1.0,1,0.4206,27.945,0.4206,0.4271,0.4206,0.24076612542266956,0.24228500196335429,0.24076612542266956,33,45,80,80,3.185699940650432,3.185699940650432,80,82,0,1,11004,0.838719512195122,5.404369831085205,77,81
negsteer,design_3_seq_0,design_01_s2,design_01,steered,2.0,1,0.4428,28.157,0.4428,0.4563,0.4428,0.25345788342528974,0.2550136316766417,0.25345788342528974,33,45,81,80,3.2111376255715163,3.185699940650432,80,82,0,1,11045,0.8418445121951219,5.258540153503418,79,78
negsteer,design_3_seq_0,design_02_s1,design_02,steered,1.0,1,0.4453,28.543,0.4453,0.4989,0.4453,0.24004248108831233,0.2908694905558283,0.24004248108831233,32,45,82,80,3.2363196445526423,3.185699940650432,80,82,1,1,12114,0.9233231707317073,5.501339435577393,80,81
negsteer,design_3_seq_1,initial,initial,cold_start,,1,0.4941,30.152,0.4941,0.5365,0.4941,0.2286183853080729,0.26366224773398533,0.2286183853080729,32,45,72,80,2.9721414027832376,3.185699940650432,80,82,0,1,10524,0.8021341463414634,5.314558029174805,79,75
negsteer,design_3_seq_1,design_01_s0,design_01,steered,0.0,1,0.5213,28.308,0.5213,0.6164,0.5213,0.31491074527439195,0.265750305732803,0.265750305732803,30,45,74,80,3.0273155556828426,3.185699940650432,80,82,0,1,10762,0.8202743902439025,4.8092851638793945,79,74
negsteer,design_3_seq_1,design_02_s1,design_02,steered,1.0,1,0.6689,28.612,0.6689,0.709,0.6689,0.39232571242027914,0.3848614928386424,0.3848614928386424,33,45,81,80,3.2111376255715163,3.185699940650432,80,82,0,1,11544,0.8798780487804878,4.207496166229248,77,81
negsteer,design_3_seq_1,design_02_s0,design_02,steered,0.0,1,0.6901,28.638,0.6928,0.6901,0.6901,0.3566307387052802,0.3486273892922327,0.3486273892922327,33,45,75,80,3.054435875049391,3.185699940650432,80,82,0,1,10592,0.8073170731707318,4.231307029724121,76,75
negsteer,design_3_seq_1,design_01_s1,design_01,steered,1.0,1,0.6775,28.685,0.6775,0.7264,0.6775,0.3987460061063757,0.37429755993142,0.37429755993142,33,45,81,80,3.2111376255715163,3.185699940650432,80,82,0,1,11839,0.9023628048780488,4.22437858581543,80,81
negsteer,design_3_seq_1,design_02_s2,design_02,steered,2.0,1,0.6214,28.76,0.6478,0.6214,0.6214,0.3056714975740761,0.3085416570936171,0.3056714975740761,33,45,74,80,3.0273155556828426,3.185699940650432,80,82,0,1,10172,0.7753048780487805,4.516683578491211,75,75
negsteer,design_3_seq_1,design_01_s2,design_01,steered,2.0,1,0.618,28.793,0.618,0.6979,0.618,0.3845558398432331,0.34161977720072084,0.34161977720072084,33,45,81,80,3.2111376255715163,3.185699940650432,80,82,0,1,11757,0.8961128048780488,4.414113521575928,79,81
negsteer,design_3_seq_1,design_00_s0,design_00,steered,0.0,1,0.46,28.963,0.46,0.4998,0.46,0.23400717684125993,0.24707780000412974,0.23400717684125993,33,45,81,80,3.2111376255715163,3.185699940650432,80,82,0,1,11331,0.8636432926829268,5.603638172149658,77,82
negsteer,design_3_seq_1,design_00_s2,design_00,steered,2.0,1,0.3842,29.096,0.3842,0.4455,0.3842,0.18992744325369132,0.20780039431879344,0.18992744325369132,33,45,80,80,3.185699940650432,3.185699940650432,80,82,0,1,10441,0.7958079268292683,5.96850061416626,76,80
negsteer,design_3_seq_1,design_00_s1,design_00,steered,1.0,1,0.3051,29.221,0.3051,0.3433,0.3051,0.14826866569346747,0.16664352286720602,0.14826866569346747,33,45,78,79,3.1340309377915263,3.1599999999999993,80,82,0,0,9903,0.7548018292682926,6.554215908050537,75,77
negsteer,design_40_seq_0,initial,initial,cold_start,0.0,1,0.8051,3.611,0.8051,0.8148,0.8051,0.5335220649576513,0.5563069037729647,0.5335220649576513,71,45,82,80,3.2363196445526423,3.185699940650432,80,82,1,1,12948,0.9868902439024391,3.187958002090454,80,81
negsteer,design_40_seq_0,initial_s2,initial,cold_start,2.0,1,0.7754,2.985,0.7754,0.7857,0.7754,0.47669636144710237,0.5234098966892172,0.47669636144710237,71,45,82,80,3.2363196445526423,3.185699940650432,80,82,1,1,12834,0.9782012195121951,3.561230182647705,80,81
negsteer,design_40_seq_0,initial_s1,initial,cold_start,1.0,1,0.7498,3.243,0.7498,0.7589,0.7498,0.46902058904233856,0.4991550024417115,0.46902058904233856,71,45,82,80,3.2363196445526423,3.185699940650432,80,82,1,1,12865,0.9805640243902439,3.657895088195801,80,81
negsteer,design_40_seq_1,initial,initial,cold_start,0.0,1,0.4254,2.988,0.4254,0.498,0.4254,0.25542814926884605,0.2859482339032494,0.25542814926884605,71,52,81,80,3.2111376255715163,3.185699940650432,80,82,0,1,11851,0.9032774390243903,5.333762168884277,80,81
negsteer,design_40_seq_1,initial_s2,initial,cold_start,2.0,1,0.3889,3.237,0.3889,0.4502,0.3889,0.22088021052768453,0.2552562168907238,0.22088021052768453,71,52,75,80,3.054435875049391,3.185699940650432,80,82,0,1,10870,0.8285060975609756,5.388981342315674,80,76
negsteer,design_40_seq_1,initial_s1,initial,cold_start,1.0,1,0.4284,2.442,0.4284,0.5064,0.4284,0.2530465004121652,0.28239035491104714,0.2530465004121652,71,52,80,80,3.185699940650432,3.185699940650432,80,82,0,1,11425,0.8708079268292683,5.210684299468994,80,80
negsteer,design_41_seq_0,initial,initial,cold_start,,1,0.3351,32.952,0.3351,0.4455,0.3351,0.22145401066305434,0.33508040192650584,0.22145401066305434,21,53,82,82,3.2363196445526423,3.2363196445526423,82,82,1,1,12600,0.9369422962522308,5.369388580322266,77,81
negsteer,design_41_seq_0,design_01_s2,design_01,steered,2.0,1,0.0025,10.411,0.0025,0.0244,0.0025,3.07466011358107e-05,0.0036671246379250434,3.07466011358107e-05,76,58,1,31,0.5,1.3246042037392856,82,82,0,0,1199,0.08915823914336704,8.79232406616211,1,63
negsteer,design_41_seq_0,design_02_s1,design_02,steered,1.0,1,0.0656,27.872,0.0656,0.1355,0.0656,0.01398708110834222,0.07290628008124214,0.01398708110834222,48,22,51,76,2.2943897886293367,3.081256507046695,82,82,0,0,5633,0.41887269482450923,8.581378936767578,79,74
negsteer,design_41_seq_0,design_00_s0,design_00,steered,0.0,1,0.2459,28.286,0.2459,0.278,0.2459,0.15878509291697565,0.19735068489695196,0.15878509291697565,22,52,81,82,3.2111376255715163,3.2363196445526423,82,82,0,1,11755,0.8741076740035693,6.6599507331848145,81,81
negsteer,design_41_seq_0,design_00_s1,design_00,steered,1.0,1,0.0,29.043,0.0,0.0029,0.0,0.0,0.00197599273708808,0.0,0,20,0,7,0.5,0.5,82,82,0,0,409,0.030413444378346224,9.525787353515625,0,59
negsteer,design_41_seq_0,design_02_s2,design_02,steered,2.0,1,0.0,31.264,0.0,0.0169,0.0,0.0,0.004072246576159648,0.0,0,62,0,29,0.5,1.1885764075772849,82,82,0,0,1167,0.08677870315288519,9.227764129638672,0,67
negsteer,design_41_seq_0,design_02_s0,design_02,steered,0.0,1,0.0885,31.47,0.0885,0.1507,0.0885,0.042159004880842274,0.10809110370237471,0.042159004880842274,62,58,59,68,2.577631935804318,2.8577943352341295,82,82,0,0,7917,0.5887120761451516,8.188030242919922,76,81
negsteer,design_41_seq_0,design_01_s0,design_01,steered,0.0,1,0.1784,16.608,0.1784,0.2311,0.1784,0.12131131699070244,0.16918861048250664,0.12131131699070244,47,12,81,82,3.2111376255715163,3.2363196445526423,82,82,0,1,11445,0.8510559190957763,7.344211578369141,80,80
negsteer,design_41_seq_0,design_01_s1,design_01,steered,1.0,1,0.0034,18.5,0.0034,0.0034,0.0034,0.0024338517360752675,0.0026785735943831686,0.0024338517360752675,15,12,1,17,0.5,0.5,82,82,0,0,1079,0.08023497917906008,9.216629981994629,69,74
negsteer,design_41_seq_0,design_00_s2,design_00,steered,2.0,1,0.0955,28.655,0.0955,0.1379,0.0955,0.02682600780276627,0.0792674211069669,0.02682600780276627,22,58,64,73,2.7375390804284843,2.9998870343784683,82,82,0,0,6328,0.47055324211778704,8.502019882202148,75,80
negsteer,design_41_seq_1,initial,initial,cold_start,,1,0.0,25.337,0.0,0.0,0.0,0.0,0.0,0.0,0,0,0,0,0.5,0.5,82,82,0,0,0,0.0,,0,0
negsteer,design_41_seq_1,design_01_s2,design_01,steered,2.0,1,0.0,18.937,0.0,0.0,0.0,0.0,0.0,0.0,0,0,0,0,0.5,0.5,82,82,0,0,0,0.0,,0,0
negsteer,design_41_seq_1,design_02_s0,design_02,steered,0.0,1,0.0,19.184,0.0,0.0029,0.0,0.0,0.001293101700068247,0.0,0,58,0,2,0.5,0.5,82,82,0,0,74,0.005502676977989292,9.685787200927734,0,40
negsteer,design_41_seq_1,design_01_s1,design_01,steered,1.0,1,0.0,19.44,0.0,0.0,0.0,0.0,0.0,0.0,0,0,0,0,0.5,0.5,82,82,0,0,0,0.0,,0,0
negsteer,design_41_seq_1,design_00_s0,design_00,steered,0.0,1,0.0,20.377,0.0,0.0,0.0,0.0,0.0,0.0,0,0,0,0,0.5,0.5,82,82,0,0,0,0.0,,0,0
negsteer,design_41_seq_1,design_01_s0,design_01,steered,0.0,1,0.0,22.451,0.0,0.0,0.0,0.0,0.0,0.0,0,0,0,0,0.5,0.5,82,82,0,0,0,0.0,,0,0
negsteer,design_41_seq_1,design_02_s2,design_02,steered,2.0,1,0.0,22.851,0.0,0.0031,0.0,0.0,0.0019399425520266339,0.0,0,59,0,2,0.5,0.5,82,82,0,0,117,0.008700178465199286,9.403321266174316,0,56
negsteer,design_41_seq_1,design_02_s1,design_02,steered,1.0,1,0.0031,27.027,0.0031,0.0379,0.0031,0.0017147194679326763,0.007360363521090731,0.0017147194679326763,8,22,11,36,0.5,1.6210659787125892,82,82,0,0,1671,0.12425639500297442,8.762181282043457,51,66
negsteer,design_41_seq_1,design_00_s1,design_00,steered,1.0,1,0.0,30.841,0.0,0.0026,0.0,0.0,9.336917683845613e-05,0.0,0,60,0,1,0.5,0.5,82,82,0,0,3,0.000223081499107674,9.885363578796387,0,3
negsteer,design_41_seq_1,design_00_s2,design_00,steered,2.0,1,0.0,30.905,0.0,0.0,0.0,0.0,0.0,0.0,0,0,0,0,0.5,0.5,82,82,0,0,0,0.0,,0,0
negsteer,design_42_seq_0,initial,initial,cold_start,0.0,1,0.2821,2.186,0.2821,0.3863,0.2821,0.15298363949884386,0.2183342832992444,0.15298363949884386,78,52,81,85,3.2111376255715163,3.3103937717626097,85,82,0,1,11427,0.8197274031563845,6.2923078536987305,83,81
negsteer,design_42_seq_0,initial_s2,initial,cold_start,2.0,1,0.3183,2.264,0.3183,0.4192,0.3183,0.16166411779601783,0.2194040191910661,0.16166411779601783,78,52,75,85,3.054435875049391,3.3103937717626097,85,82,0,1,10720,0.7690100430416069,5.97730827331543,78,79
negsteer,design_42_seq_0,initial_s1,initial,cold_start,1.0,1,0.3185,3.125,0.3185,0.3847,0.3185,0.15439919847173286,0.20336277648045614,0.15439919847173286,78,52,75,85,3.054435875049391,3.3103937717626097,85,82,0,1,10501,0.753299856527977,6.1443939208984375,77,79
negsteer,design_42_seq_1,initial,initial,cold_start,,1,0.0029,31.931,0.0029,0.0031,0.0029,0.0003443414208424442,0.0018723968433488796,0.0003443414208424442,6,56,1,9,0.5,0.5,85,82,0,0,283,0.0203012912482066,9.426692008972168,11,55
negsteer,design_42_seq_1,design_02_s2,design_02,steered,2.0,1,0.7544,2.71,0.7544,0.7956,0.7544,0.46172477620489455,0.5027556162463819,0.46172477620489455,78,45,82,85,3.2363196445526423,3.3103937717626097,85,82,1,1,13467,0.9660688665710186,3.746636390686035,85,81
negsteer,design_42_seq_1,design_01_s2,design_01,steered,2.0,1,0.7346,5.206,0.7346,0.7425,0.7346,0.39524923501919734,0.46137469042683155,0.39524923501919734,77,45,82,85,3.2363196445526423,3.3103937717626097,85,82,1,1,13445,0.9644906743185079,4.189427852630615,85,81
negsteer,design_42_seq_1,design_01_s1,design_01,steered,1.0,1,0.6063,3.493,0.6505,0.6063,0.6063,0.27122503493583816,0.36528823061607685,0.27122503493583816,77,45,82,85,3.2363196445526423,3.3103937717626097,85,82,1,1,12144,0.8711621233859398,4.875675201416016,83,81
negsteer,design_42_seq_1,design_00_s2,design_00,steered,2.0,1,0.671,3.911,0.7103,0.671,0.671,0.31738634695682455,0.4194626242416434,0.31738634695682455,78,45,82,85,3.2363196445526423,3.3103937717626097,85,82,1,1,13261,0.9512912482065997,4.73355770111084,85,81
negsteer,design_42_seq_1,design_00_s1,design_00,steered,1.0,1,0.6334,4.553,0.6363,0.6334,0.6334,0.27751559554051386,0.3711719912187219,0.27751559554051386,78,45,82,85,3.2363196445526423,3.3103937717626097,85,82,1,1,12678,0.9094691535150645,5.021280765533447,85,81
negsteer,design_42_seq_1,design_00_s0,design_00,steered,0.0,1,0.6954,4.851,0.7159,0.6954,0.6954,0.3348006277372513,0.427916546704293,0.3348006277372513,78,45,82,85,3.2363196445526423,3.3103937717626097,85,82,1,1,13263,0.9514347202295552,4.612565517425537,85,81
negsteer,design_42_seq_1,design_01_s0,design_01,steered,0.0,1,0.6897,6.728,0.6897,0.7024,0.6897,0.34764447469702536,0.4176455066516632,0.34764447469702536,77,45,82,85,3.2363196445526423,3.3103937717626097,85,82,1,1,12977,0.9309182209469153,4.4662766456604,85,81
negsteer,design_42_seq_1,design_02_s1,design_02,steered,1.0,1,0.0,30.087,0.0,0.0026,0.0,0.0,3.1672571445020234e-05,0.0,0,34,0,1,0.5,0.5,85,82,0,0,1,7.173601147776183e-05,9.79843521118164,0,1
negsteer,design_42_seq_1,design_02_s0,design_02,steered,0.0,1,0.0,32.265,0.0,0.0025,0.0,0.0,9.186137126894986e-05,0.0,0,20,0,1,0.5,0.5,85,82,0,0,3,0.0002152080344332855,9.965789794921875,0,3
negsteer,design_43_seq_0,initial,initial,cold_start,,1,0.0,37.563,0.0,0.0031,0.0,0.0,0.001715751728270112,0.0,0,28,0,1,0.5,0.5,77,82,0,0,73,0.005780804561292366,9.436721801757812,0,50
negsteer,design_43_seq_0,design_00_s1,design_00,steered,1.0,1,0.1251,1.407,0.1251,0.153,0.1251,0.04457397051699847,0.07990517264243396,0.04457397051699847,67,52,65,77,2.768199058314079,3.107785596003703,77,82,0,1,6602,0.5228064618308521,8.332935333251953,62,66
negsteer,design_43_seq_0,design_00_s2,design_00,steered,2.0,1,0.0915,2.926,0.0915,0.1063,0.0915,0.019859587244520135,0.02958408306159715,0.019859587244520135,68,45,62,68,2.674944339371981,2.8577943352341295,77,82,0,0,3790,0.30012670256572693,8.85982894897461,49,61
negsteer,design_43_seq_0,design_00_s0,design_00,steered,0.0,1,0.0776,3.242,0.0776,0.0825,0.0776,0.011528594446574131,0.021091133421400517,0.011528594446574131,69,45,57,56,2.5102730396591975,2.4757893780745857,77,82,0,0,3020,0.2391510928096294,8.922019958496094,46,61
negsteer,design_43_seq_0,design_02_s0,design_02,steered,0.0,1,0.0348,9.232,0.0348,0.1036,0.0348,0.004669198781469619,0.04587400202616686,0.004669198781469619,68,22,39,66,1.7767789343623723,2.798452913890075,77,82,0,0,4027,0.3188945201140323,8.759428024291992,69,76
negsteer,design_43_seq_0,design_01_s2,design_01,steered,2.0,1,0.3293,25.962,0.3293,0.3877,0.3293,0.13516982295550406,0.19511529023293406,0.13516982295550406,35,53,70,76,2.9156610513441255,3.081256507046695,77,82,0,0,8689,0.6880741210009502,6.0259504318237305,70,66
negsteer,design_43_seq_0,design_01_s0,design_01,steered,0.0,1,0.2173,26.03,0.2173,0.2999,0.2173,0.08434269154541098,0.15108202633493376,0.08434269154541098,35,53,66,75,2.798452913890075,3.054435875049391,77,82,0,0,7785,0.6164871713652201,6.759878635406494,67,64
negsteer,design_43_seq_0,design_01_s1,design_01,steered,1.0,1,0.171,26.357,0.171,0.2389,0.171,0.07621017691691394,0.12735953977865325,0.07621017691691394,25,52,67,74,2.828313834453388,3.0273155556828426,77,82,0,0,7668,0.6072220462464365,7.175321578979492,64,64
negsteer,design_43_seq_0,design_02_s1,design_02,steered,1.0,1,0.0029,13.81,0.0029,0.0161,0.0029,0.0002471010545389606,0.003708047721330531,0.0002471010545389606,70,58,6,28,0.5,1.115655012773739,77,82,0,0,1189,0.09415584415584416,9.060083389282227,7,65
negsteer,design_43_seq_0,design_02_s2,design_02,steered,2.0,1,0.266,13.99,0.266,0.3218,0.266,0.16612882190988726,0.20985480671941598,0.16612882190988726,43,55,77,77,3.107785596003703,3.107785596003703,77,82,0,1,10426,0.8256255939182768,6.137889385223389,75,80
negsteer,design_43_seq_1,initial,initial,cold_start,,1,0.2385,2.965,0.2385,0.2752,0.2385,0.15794471167209376,0.1860777793690653,0.15794471167209376,7,52,79,77,3.1599999999999993,3.107785596003703,77,82,0,1,10900,0.8631612290148876,6.584023952484131,76,79
negsteer,design_43_seq_1,design_01_s0,design_01,steered,0.0,1,0.1254,2.813,0.1254,0.148,0.1254,0.044546842919783544,0.08656296048529173,0.044546842919783544,70,46,70,75,2.9156610513441255,3.054435875049391,77,82,0,0,7246,0.5738042445359518,8.433501243591309,74,73
negsteer,design_43_seq_1,design_01_s1,design_01,steered,1.0,1,0.1746,8.446,0.1746,0.2721,0.1746,0.11431979982472666,0.16311636776663363,0.11431979982472666,69,54,70,77,2.9156610513441255,3.107785596003703,77,82,0,1,9777,0.7742318656952804,6.98863410949707,75,72
negsteer,design_43_seq_1,design_00_s1,design_00,steered,1.0,1,0.2289,28.612,0.2289,0.2625,0.2289,0.13357941656639533,0.15992050626451468,0.13357941656639533,33,54,74,77,3.0273155556828426,3.107785596003703,77,82,0,1,10141,0.8030566993981628,6.907354831695557,75,77
negsteer,design_43_seq_1,design_02_s1,design_02,steered,1.0,1,0.0518,29.221,0.0518,0.0739,0.0518,0.005153608239292131,0.026956490096181812,0.005153608239292131,33,53,47,52,2.1367546088811347,2.331955096040982,77,82,0,0,2851,0.22576813430471968,8.762077331542969,50,70
negsteer,design_43_seq_1,design_00_s2,design_00,steered,2.0,1,0.1366,29.271,0.1366,0.1711,0.1366,0.0630854497204063,0.09680877652064693,0.0630854497204063,32,52,73,75,2.9998870343784683,3.054435875049391,77,82,0,0,8145,0.6449952486537852,8.233014106750488,74,80
negsteer,design_43_seq_1,design_00_s0,design_00,steered,0.0,1,0.1285,29.419,0.1285,0.1601,0.1285,0.05332668058804006,0.08526709275433748,0.05332668058804006,33,45,72,75,2.9721414027832376,3.054435875049391,77,82,0,0,7332,0.5806145074437757,8.367799758911133,71,76
negsteer,design_43_seq_1,design_02_s2,design_02,steered,2.0,1,0.0779,15.03,0.0779,0.1078,0.0779,0.029022532569655736,0.036991090820420805,0.029022532569655736,20,12,51,61,2.2943897886293367,2.6429793600597735,77,82,0,0,5113,0.4048938866012037,8.305191040039062,75,81
negsteer,design_43_seq_1,design_01_s2,design_01,steered,2.0,1,0.1319,16.388,0.1319,0.2099,0.1319,0.06653456892757736,0.12103653587855218,0.06653456892757736,69,54,66,76,2.798452913890075,3.081256507046695,77,82,0,0,8409,0.665901171998733,7.8072638511657715,74,70
negsteer,design_43_seq_1,design_02_s0,design_02,steered,0.0,1,0.3423,28.673,0.3423,0.3555,0.3423,0.2255763323530071,0.2372250026546237,0.2255763323530071,33,45,82,77,3.2363196445526423,3.107785596003703,77,82,1,1,12163,0.9631770668356034,5.947157382965088,77,81
negsteer,design_44_seq_0,initial,initial,cold_start,,1,0.4445,15.691,0.4445,0.5453,0.4445,0.23831473761468114,0.3442583984309217,0.23831473761468114,74,45,82,81,3.2363196445526423,3.2111376255715163,81,82,1,1,12123,0.9126016260162602,5.210514545440674,80,80
negsteer,design_44_seq_0,design_02_s2,design_02,steered,2.0,1,0.0327,8.89,0.0327,0.0504,0.0327,0.005599678517031817,0.012613777150740711,0.005599678517031817,7,22,36,42,1.6210659787125892,1.9199999999999997,81,82,0,0,2941,0.2213941583860283,8.881571769714355,73,76
negsteer,design_44_seq_0,design_02_s1,design_02,steered,1.0,1,0.0,28.543,0.0,0.0,0.0,0.0,0.0,0.0,0,0,0,0,0.5,0.5,81,82,0,0,0,0.0,,0,0
negsteer,design_44_seq_0,design_01_s0,design_01,steered,0.0,1,0.163,30.299,0.163,0.1905,0.163,0.07711983832852616,0.09392209340840942,0.07711983832852616,33,52,69,81,2.886906305608928,3.2111376255715163,81,82,0,1,8287,0.6238331827762722,8.052316665649414,74,66
negsteer,design_44_seq_0,design_01_s2,design_01,steered,2.0,1,0.2038,30.914,0.2038,0.2336,0.2038,0.10107905013245289,0.12500715223084227,0.10107905013245289,33,45,70,81,2.9156610513441255,3.2111376255715163,81,82,0,1,9353,0.7040800963565191,7.502547740936279,74,67
negsteer,design_44_seq_0,design_01_s1,design_01,steered,1.0,1,0.1995,30.922,0.1995,0.2307,0.1995,0.10212083369562472,0.12232842908252212,0.10212083369562472,33,52,70,81,2.9156610513441255,3.2111376255715163,81,82,0,1,9352,0.704004817825956,7.529965400695801,74,67
negsteer,design_44_seq_0,design_00_s2,design_00,steered,2.0,1,0.168,29.25,0.168,0.1911,0.168,0.07063099686746244,0.10296749708628873,0.07063099686746244,33,53,76,80,3.081256507046695,3.185699940650432,81,82,0,0,8548,0.6434808792532369,8.050525665283203,76,74
negsteer,design_44_seq_0,design_00_s1,design_00,steered,1.0,1,0.2205,29.411,0.2205,0.2515,0.2205,0.11846229156916156,0.13955781932227404,0.11846229156916156,33,53,79,81,3.1599999999999993,3.2111376255715163,81,82,0,1,10232,0.7702499247214695,7.340343952178955,76,80
negsteer,design_44_seq_0,design_00_s0,design_00,steered,0.0,1,0.1846,29.508,0.1846,0.2125,0.1846,0.09635983594336811,0.11754844323220867,0.09635983594336811,33,53,81,81,3.2111376255715163,3.2111376255715163,81,82,0,1,9739,0.7331376091538693,7.83481502532959,78,81
negsteer,design_44_seq_0,design_02_s0,design_02,steered,0.0,1,0.0029,30.528,0.0029,0.0032,0.0029,0.0014424694495068656,0.002123227527524095,0.0014424694495068656,58,26,2,5,0.5,0.5,81,82,0,0,356,0.026799156880457694,9.480501174926758,43,63
negsteer,design_44_seq_1,initial,initial,cold_start,,1,0.4423,28.231,0.4423,0.4604,0.4423,0.1936769261295091,0.23520186803837465,0.1936769261295091,33,45,71,81,2.9440693332755243,3.2111376255715163,81,82,0,1,10043,0.7560222824450467,5.505629539489746,79,71
negsteer,design_44_seq_1,design_02_s2,design_02,steered,2.0,1,0.1217,4.434,0.1217,0.1578,0.1217,0.04403272086616467,0.07053152294602336,0.04403272086616467,72,52,70,78,2.9156610513441255,3.1340309377915263,81,82,0,0,6555,0.4934507678410117,8.545963287353516,64,67
negsteer,design_44_seq_1,design_02_s1,design_02,steered,1.0,1,0.123,5.583,0.123,0.1553,0.123,0.05135264040120406,0.07789050044048941,0.05135264040120406,72,52,71,79,2.9440693332755243,3.1599999999999993,81,82,0,0,7219,0.5434357121348992,8.529614448547363,66,71
negsteer,design_44_seq_1,design_02_s0,design_02,steered,0.0,1,0.0527,6.451,0.0527,0.0948,0.0527,0.005582988891681588,0.018729962008187502,0.005582988891681588,72,53,48,65,2.177342569194824,2.768199058314079,81,82,0,0,2638,0.19858476362541402,9.010944366455078,41,63
negsteer,design_44_seq_1,design_00_s1,design_00,steered,1.0,1,0.0,25.061,0.0,0.0,0.0,0.0,0.0,0.0,0,0,0,0,0.5,0.5,81,82,0,0,0,0.0,,0,0
negsteer,design_44_seq_1,design_01_s0,design_01,steered,0.0,1,0.0959,27.908,0.0959,0.1214,0.0959,0.02914689583301452,0.06402950523784612,0.02914689583301452,34,58,62,70,2.674944339371981,2.9156610513441255,81,82,0,0,5823,0.4383468834688347,8.642831802368164,69,68
negsteer,design_44_seq_1,design_00_s0,design_00,steered,0.0,1,0.0,20.44,0.0,0.0,0.0,0.0,0.0,0.0,0,0,0,0,0.5,0.5,81,82,0,0,0,0.0,,0,0
negsteer,design_44_seq_1,design_00_s2,design_00,steered,2.0,1,0.0,20.67,0.0,0.0,0.0,0.0,0.0,0.0,0,0,0,0,0.5,0.5,81,82,0,0,0,0.0,,0,0
negsteer,design_44_seq_1,design_01_s2,design_01,steered,2.0,1,0.0,27.321,0.0,0.0,0.0,0.0,0.0,0.0,0,0,0,0,0.5,0.5,81,82,0,0,0,0.0,,0,0
negsteer,design_44_seq_1,design_01_s1,design_01,steered,1.0,1,0.0,30.055,0.0,0.0,0.0,0.0,0.0,0.0,0,0,0,0,0.5,0.5,81,82,0,0,0,0.0,,0,0
negsteer,design_45_seq_0,initial,initial,cold_start,,1,0.3408,32.124,0.3408,0.3993,0.3408,0.24561103068315138,0.2736368689901854,0.24561103068315138,20,11,82,81,3.2363196445526423,3.2111376255715163,81,82,1,1,12608,0.9491117133393556,5.51617956161499,78,82
negsteer,design_45_seq_0,design_00_s1,design_00,steered,1.0,1,0.0027,7.321,0.0027,0.0145,0.0027,0.0003130286414590147,0.0035928455266601793,0.0003130286414590147,50,58,1,27,0.5,1.0388913215322628,81,82,0,0,1182,0.08897922312556458,8.999838829040527,10,68
negsteer,design_45_seq_0,design_00_s0,design_00,steered,0.0,1,0.0,7.418,0.0,0.0028,0.0,0.0,0.0004757825858754719,0.0,0,21,0,1,0.5,0.5,81,82,0,0,24,0.0018066847335140017,9.79572582244873,0,15
negsteer,design_45_seq_0,design_02_s2,design_02,steered,2.0,1,0.0,26.317,0.0,0.0,0.0,0.0,0.0,0.0,0,0,0,0,0.5,0.5,81,82,0,0,0,0.0,,0,0
negsteer,design_45_seq_0,design_02_s0,design_02,steered,0.0,1,0.0027,19.311,0.0028,0.0027,0.0027,0.00038794061617442857,0.00012695032921506138,0.00012695032921506138,39,9,1,2,0.5,0.5,81,82,0,0,27,0.0020325203252032522,9.773451805114746,12,4
negsteer,design_45_seq_0,design_00_s2,design_00,steered,2.0,1,0.0,22.288,0.0,0.0,0.0,0.0,0.0,0.0,0,0,0,0,0.5,0.5,81,82,0,0,0,0.0,,0,0
negsteer,design_45_seq_0,design_01_s1,design_01,steered,1.0,1,0.0,25.264,0.0,0.0,0.0,0.0,0.0,0.0,0,0,0,0,0.5,0.5,81,82,0,0,0,0.0,,0,0
negsteer,design_45_seq_0,design_02_s1,design_02,steered,1.0,1,0.0,25.377,0.0,0.0,0.0,0.0,0.0,0.0,0,0,0,0,0.5,0.5,81,82,0,0,0,0.0,,0,0
negsteer,design_45_seq_0,design_01_s2,design_01,steered,2.0,1,0.0,31.93,0.0,0.0,0.0,0.0,0.0,0.0,0,0,0,0,0.5,0.5,81,82,0,0,0,0.0,,0,0
negsteer,design_45_seq_0,design_01_s0,design_01,steered,0.0,1,0.0,37.73,0.0,0.0,0.0,0.0,0.0,0.0,0,0,0,0,0.5,0.5,81,82,0,0,0,0.0,,0,0
negsteer,design_45_seq_1,initial,initial,cold_start,,1,0.3606,28.957,0.3606,0.4086,0.3606,0.1749539820385384,0.23430112348699078,0.1749539820385384,33,45,75,81,3.054435875049391,3.2111376255715163,81,82,0,1,10639,0.8008882866606444,5.864212512969971,78,76
negsteer,design_45_seq_1,design_01_s1,design_01,steered,1.0,1,0.0,3.2,0.0,0.0026,0.0,0.0,0.00012451873683347935,0.0,0,24,0,1,0.5,0.5,81,82,0,0,6,0.00045167118337850043,9.893126487731934,0,4
negsteer,design_45_seq_1,design_01_s0,design_01,steered,0.0,1,0.3681,3.673,0.3911,0.3681,0.3681,0.2539342348895001,0.27050046620481627,0.2539342348895001,7,45,82,81,3.2363196445526423,3.2111376255715163,81,82,1,1,12697,0.95581150255947,5.542162895202637,79,81
negsteer,design_45_seq_1,design_00_s0,design_00,steered,0.0,1,0.0,3.504,0.0,0.0,0.0,0.0,0.0,0.0,0,0,0,0,0.5,0.5,81,82,0,0,0,0.0,,0,0
negsteer,design_45_seq_1,design_01_s2,design_01,steered,2.0,1,0.0,4.422,0.0,0.0,0.0,0.0,0.0,0.0,0,0,0,0,0.5,0.5,81,82,0,0,0,0.0,,0,0
negsteer,design_45_seq_1,design_00_s2,design_00,steered,2.0,1,0.0,5.296,0.0,0.0,0.0,0.0,0.0,0.0,0,0,0,0,0.5,0.5,81,82,0,0,0,0.0,,0,0
negsteer,design_45_seq_1,design_00_s1,design_00,steered,1.0,1,0.0,5.909,0.0,0.0,0.0,0.0,0.0,0.0,0,0,0,0,0.5,0.5,81,82,0,0,0,0.0,,0,0
negsteer,design_45_seq_1,design_02_s1,design_02,steered,1.0,1,0.2639,27.423,0.2639,0.3319,0.2639,0.15346503482821086,0.19977570880238513,0.15346503482821086,32,45,74,81,3.0273155556828426,3.2111376255715163,81,82,0,1,10791,0.8123306233062331,6.38165283203125,80,77
negsteer,design_45_seq_1,design_02_s2,design_02,steered,2.0,1,0.2017,27.531,0.2017,0.2471,0.2017,0.1076458616607627,0.15514710945894988,0.1076458616607627,32,53,73,81,2.9998870343784683,3.2111376255715163,81,82,0,1,9979,0.7512044564890094,7.184969902038574,75,74
negsteer,design_45_seq_1,design_02_s0,design_02,steered,0.0,1,0.1918,27.717,0.1918,0.2501,0.1918,0.09897049289645145,0.14344545582695523,0.09897049289645145,33,53,71,79,2.9440693332755243,3.1599999999999993,81,82,0,0,9429,0.7098012646793135,7.279238224029541,73,71
negsteer,design_46_seq_0,initial,initial,cold_start,,1,0.5076,30.852,0.5078,0.5076,0.5076,0.205988582703867,0.27544129573422055,0.205988582703867,33,45,74,80,3.0273155556828426,3.185699940650432,80,82,0,1,10718,0.816920731707317,5.462210178375244,80,79
negsteer,design_46_seq_0,design_01_s1,design_01,steered,1.0,1,0.0068,27.458,0.0068,0.0176,0.0068,0.0013082596386084333,0.002106375222821243,0.0013082596386084333,32,52,24,29,0.7793039405843609,1.1885764075772849,80,82,0,0,720,0.054878048780487805,9.442602157592773,38,56
negsteer,design_46_seq_0,design_01_s0,design_01,steered,0.0,1,0.0026,27.367,0.0026,0.0027,0.0026,3.243345418013632e-05,0.0005746798351316191,3.243345418013632e-05,32,53,1,2,0.5,0.5,80,82,0,0,35,0.0026676829268292685,9.761846542358398,1,18
negsteer,design_46_seq_0,design_01_s2,design_01,steered,2.0,1,0.0031,28.006,0.0031,0.0432,0.0031,0.0012078596890205517,0.0027119306586228494,0.0012078596890205517,43,52,1,42,0.5,1.9199999999999997,80,82,0,0,592,0.045121951219512194,9.395536422729492,36,55
negsteer,design_46_seq_0,design_00_s2,design_00,steered,2.0,1,0.5194,29.936,0.5976,0.5194,0.5194,0.2913542753143702,0.3509703443964898,0.2913542753143702,33,45,82,80,3.2363196445526423,3.185699940650432,80,82,1,1,12273,0.9354420731707317,4.918300628662109,80,82
negsteer,design_46_seq_0,design_02_s0,design_02,steered,0.0,1,0.7026,30.131,0.7026,0.7271,0.7026,0.4283942578971619,0.4321202693404857,0.4283942578971619,33,45,82,80,3.2363196445526423,3.185699940650432,80,82,1,1,12898,0.9830792682926829,3.9917030334472656,80,82
negsteer,design_46_seq_0,design_00_s0,design_00,steered,0.0,1,0.4055,30.176,0.4493,0.4055,0.4055,0.20474205060163514,0.24813138167714563,0.20474205060163514,33,45,82,80,3.2363196445526423,3.185699940650432,80,82,1,1,11292,0.8606707317073171,5.7998433113098145,79,81
negsteer,design_46_seq_0,design_00_s1,design_00,steered,1.0,1,0.3394,30.223,0.3539,0.3394,0.3394,0.17087472343118862,0.20492668027376257,0.17087472343118862,33,45,82,80,3.2363196445526423,3.185699940650432,80,82,1,1,11138,0.8489329268292682,6.3443827629089355,79,82
negsteer,design_46_seq_0,design_02_s2,design_02,steered,2.0,1,0.2654,30.347,0.2697,0.2654,0.2654,0.13105408711417113,0.15485202678956272,0.13105408711417113,33,45,82,80,3.2363196445526423,3.185699940650432,80,82,1,1,10032,0.7646341463414634,6.853382587432861,77,82
negsteer,design_46_seq_0,design_02_s1,design_02,steered,1.0,1,0.453,30.44,0.453,0.4627,0.453,0.21460039655503352,0.26084572089858715,0.21460039655503352,33,45,82,80,3.2363196445526423,3.185699940650432,80,82,1,1,11422,0.870579268292683,5.6696953773498535,78,82
negsteer,design_46_seq_1,initial,initial,cold_start,,1,0.7,29.747,0.7,0.7181,0.7,0.374227277431055,0.3704875314114161,0.3704875314114161,33,45,82,80,3.2363196445526423,3.185699940650432,80,82,1,1,12668,0.9655487804878049,4.458981513977051,79,82
negsteer,design_46_seq_1,design_01_s1,design_01,steered,1.0,1,0.1893,4.872,0.1893,0.2029,0.1893,0.08711374908743892,0.10706378634246748,0.08711374908743892,72,52,66,79,2.798452913890075,3.1599999999999993,80,82,0,0,8505,0.6482469512195121,7.70883846282959,75,64
negsteer,design_46_seq_1,design_01_s2,design_01,steered,2.0,1,0.2528,5.43,0.2528,0.2607,0.2528,0.12114205565885641,0.1397538954852058,0.12114205565885641,72,52,74,80,3.0273155556828426,3.185699940650432,80,82,0,1,9623,0.7334603658536586,7.131134510040283,77,73
negsteer,design_46_seq_1,design_01_s0,design_01,steered,0.0,1,0.1592,7.581,0.1592,0.1861,0.1592,0.0750078754441347,0.09890065209304051,0.0750078754441347,73,45,66,79,2.798452913890075,3.1599999999999993,80,82,0,0,8176,0.6231707317073171,7.94432258605957,75,72
negsteer,design_46_seq_1,design_02_s1,design_02,steered,1.0,1,0.0,7.822,0.0,0.0,0.0,0.0,0.0,0.0,0,0,0,0,0.5,0.5,80,82,0,0,0,0.0,,0,0
negsteer,design_46_seq_1,design_02_s2,design_02,steered,2.0,1,0.0,8.021,0.0,0.0029,0.0,0.0,0.0010142187281261858,0.0,0,56,0,2,0.5,0.5,80,82,0,0,65,0.004954268292682927,9.786561012268066,0,32
negsteer,design_46_seq_1,design_02_s0,design_02,steered,0.0,1,0.0,8.395,0.0,0.0027,0.0,0.0,0.0005041581788668182,0.0,0,56,0,3,0.5,0.5,80,82,0,0,30,0.0022865853658536584,9.79900074005127,0,16
negsteer,design_46_seq_1,design_00_s0,design_00,steered,0.0,1,0.0943,9.692,0.0943,0.1244,0.0943,0.018639807871659288,0.03690365249597717,0.018639807871659288,7,53,62,77,2.674944339371981,3.107785596003703,80,82,0,0,4212,0.32103658536585367,8.849668502807617,58,61
negsteer,design_46_seq_1,design_00_s2,design_00,steered,2.0,1,0.0027,9.918,0.0027,0.0028,0.0027,0.0002630995033541694,0.0006122962577359342,0.0002630995033541694,74,53,5,4,0.5,0.5,80,82,0,0,80,0.006097560975609756,9.704251289367676,8,19
negsteer,design_46_seq_1,design_00_s1,design_00,steered,1.0,1,0.0027,11.096,0.0027,0.0027,0.0027,0.00026046018465422096,0.0006697334990859395,0.00026046018465422096,6,65,2,3,0.5,0.5,80,82,0,0,78,0.005945121951219512,9.744239807128906,8,21
negsteer,design_47_seq_0,initial,initial,cold_start,0.0,1,0.7569,2.074,0.7569,0.7707,0.7569,0.4689312760867638,0.5139094274945375,0.4689312760867638,72,45,82,81,3.2363196445526423,3.2111376255715163,81,82,1,1,13040,0.9816320385426076,3.565549612045288,81,81
negsteer,design_47_seq_0,initial_s1,initial,cold_start,1.0,1,0.774,2.137,0.774,0.7792,0.774,0.4972347174569918,0.5388865812522609,0.4972347174569918,72,45,82,81,3.2363196445526423,3.2111376255715163,81,82,1,1,13066,0.9835892803372478,3.323592185974121,81,81
negsteer,design_47_seq_0,initial_s2,initial,cold_start,2.0,1,0.804,2.151,0.804,0.8098,0.804,0.5223495948019173,0.5565690427291684,0.5223495948019173,72,45,82,81,3.2363196445526423,3.2111376255715163,81,82,1,1,13080,0.9846431797651309,3.2104761600494385,81,81
negsteer,design_47_seq_1,initial,initial,cold_start,0.0,1,0.1436,2.499,0.1436,0.1986,0.1436,0.08747643707492561,0.10624524689756515,0.08747643707492561,74,52,72,81,2.9721414027832376,3.2111376255715163,81,82,0,1,9286,0.6990364348087925,8.023191452026367,75,72
negsteer,design_47_seq_1,initial_s1,initial,cold_start,1.0,1,0.0871,2.623,0.0871,0.1381,0.0871,0.03722131954230092,0.06377175687698693,0.03722131954230092,6,53,65,78,2.768199058314079,3.1340309377915263,81,82,0,0,6521,0.4908912978018669,8.906116485595703,72,69
negsteer,design_47_seq_1,initial_s2,initial,cold_start,2.0,1,0.0028,2.701,0.0028,0.0327,0.0028,0.0011400472959158597,0.0031403119465699646,0.0011400472959158597,75,53,8,37,0.5,1.6745287700126796,81,82,0,0,919,0.06918096958747365,9.30416488647461,35,58
negsteer,design_48_seq_0,initial,initial,cold_start,,1,0.4031,28.378,0.4031,0.4915,0.4031,0.20229012592531304,0.2429694432776603,0.20229012592531304,33,45,70,85,2.9156610513441255,3.3103937717626097,85,82,0,1,10449,0.7495695839311334,5.421852111816406,82,71
negsteer,design_48_seq_0,design_00_s1,design_00,steered,1.0,1,0.0992,26.612,0.0992,0.12,0.0992,0.04214440888232168,0.07050603492151401,0.04214440888232168,7,62,63,71,2.7064590702237057,2.9440693332755243,85,82,0,0,6956,0.49899569583931136,8.656416893005371,78,71
negsteer,design_48_seq_0,design_02_s0,design_02,steered,0.0,1,0.1585,27.034,0.1585,0.194,0.1585,0.09297649611938087,0.12207903767220403,0.09297649611938087,52,52,72,83,2.9721414027832376,3.2612523263775115,85,82,0,0,9841,0.7059540889526542,7.76807975769043,81,73
negsteer,design_48_seq_0,design_02_s1,design_02,steered,1.0,1,0.1079,27.28,0.1079,0.14,0.1079,0.04265426779439782,0.08945630186112462,0.04265426779439782,7,62,66,76,2.798452913890075,3.081256507046695,85,82,0,0,7344,0.526829268292683,8.413723945617676,72,73
negsteer,design_48_seq_0,design_00_s0,design_00,steered,0.0,1,0.1427,28.398,0.1427,0.1824,0.1427,0.05259792850188473,0.10017884188195372,0.05259792850188473,52,45,69,83,2.886906305608928,3.2612523263775115,85,82,0,0,7864,0.564131994261119,8.13947868347168,78,67
negsteer,design_48_seq_0,design_00_s2,design_00,steered,2.0,1,0.147,29.196,0.147,0.1736,0.147,0.07080469954320613,0.10072737431619316,0.07080469954320613,33,45,69,83,2.886906305608928,3.2612523263775115,85,82,0,0,8726,0.6259684361549498,8.119715690612793,79,67
negsteer,design_48_seq_0,design_02_s2,design_02,steered,2.0,1,0.1977,27.613,0.1977,0.2565,0.1977,0.1128887458183967,0.15802332656117293,0.1128887458183967,52,54,72,84,2.9721414027832376,3.2859417528309107,85,82,0,0,10069,0.7223098995695839,6.977138996124268,81,73
negsteer,design_48_seq_0,design_01_s1,design_01,steered,1.0,1,0.531,28.785,0.531,0.5612,0.531,0.3230438302216284,0.344245988179975,0.3230438302216284,33,45,82,85,3.2363196445526423,3.3103937717626097,85,82,1,1,13246,0.9502152080344333,4.865334987640381,84,82
negsteer,design_48_seq_0,design_01_s2,design_01,steered,2.0,1,0.7109,28.852,0.7109,0.7479,0.7109,0.4805026045151274,0.493139828455907,0.4805026045151274,33,45,82,85,3.2363196445526423,3.3103937717626097,85,82,1,1,13582,0.9743185078909613,3.567530393600464,84,82
negsteer,design_48_seq_0,design_01_s0,design_01,steered,0.0,1,0.5204,28.898,0.5204,0.5676,0.5204,0.31424637394683325,0.3263879349716462,0.31424637394683325,33,45,82,85,3.2363196445526423,3.3103937717626097,85,82,1,1,12809,0.9188665710186513,4.873629093170166,82,82
negsteer,design_48_seq_1,initial,initial,cold_start,,1,0.0653,26.181,0.0673,0.0653,0.0653,0.015568356676136746,0.026209680355017688,0.015568356676136746,7,58,54,52,2.4051021893375664,2.331955096040982,85,82,0,0,4153,0.2979196556671449,9.193750381469727,67,66
negsteer,design_48_seq_1,design_02_s0,design_02,steered,0.0,1,0.0031,6.395,0.0126,0.0031,0.0031,0.002997126816498006,0.0021319676122469144,0.0021319676122469144,7,40,26,14,0.9577353123059507,0.5,85,82,0,0,1563,0.11212338593974175,9.139225006103516,75,61
negsteer,design_48_seq_1,design_02_s2,design_02,steered,2.0,1,0.0033,7.384,0.0165,0.0033,0.0033,0.0037400192827643716,0.002617777183243051,0.002617777183243051,7,77,28,14,1.115655012773739,0.5,85,82,0,0,1807,0.12962697274031565,9.143136978149414,71,73
negsteer,design_48_seq_1,design_02_s1,design_02,steered,1.0,1,0.0351,7.672,0.0351,0.0377,0.0351,0.011911153248237336,0.0035679861676038765,0.0035679861676038765,7,12,35,39,1.565877844577684,1.7767789343623723,85,82,0,0,2933,0.21040172166427545,8.842592239379883,76,76
negsteer,design_48_seq_1,design_01_s2,design_01,steered,2.0,1,0.2829,11.925,0.2829,0.3278,0.2829,0.1883184035993455,0.22230769613780443,0.1883184035993455,76,55,77,85,3.107785596003703,3.3103937717626097,85,82,0,1,11963,0.8581779053084648,6.11162805557251,82,80
negsteer,design_48_seq_1,design_01_s1,design_01,steered,1.0,1,0.3224,11.981,0.3224,0.3514,0.3224,0.22009746106067563,0.2511241684338396,0.22009746106067563,76,45,82,85,3.2363196445526423,3.3103937717626097,85,82,1,1,12893,0.9248923959827834,5.910926818847656,83,81
negsteer,design_48_seq_1,design_01_s0,design_01,steered,0.0,1,0.1067,14.647,0.1067,0.1241,0.1067,0.04783370301456136,0.06637606502612825,0.04783370301456136,9,58,67,75,2.828313834453388,3.054435875049391,85,82,0,0,7190,0.5157819225251076,8.717534065246582,76,71
negsteer,design_48_seq_1,design_00_s1,design_00,steered,1.0,1,0.7627,27.962,0.7627,0.7889,0.7627,0.4887781426666633,0.49578596033701083,0.4887781426666633,33,45,82,85,3.2363196445526423,3.3103937717626097,85,82,1,1,13418,0.9625538020086083,3.5992934703826904,84,81
negsteer,design_48_seq_1,design_00_s2,design_00,steered,2.0,1,0.7154,27.984,0.7154,0.7504,0.7154,0.4246040393707945,0.44547499370443205,0.4246040393707945,33,45,82,85,3.2363196445526423,3.3103937717626097,85,82,1,1,13025,0.9343615494978479,3.9808385372161865,84,81
negsteer,design_48_seq_1,design_00_s0,design_00,steered,0.0,1,0.6778,28.21,0.6778,0.721,0.6778,0.40213946676813067,0.4084223534332634,0.40213946676813067,33,45,82,85,3.2363196445526423,3.3103937717626097,85,82,1,1,12796,0.9179340028694405,4.161312580108643,82,81
negsteer,design_49_seq_0,initial,initial,cold_start,0.0,1,0.7743,3.647,0.7743,0.7903,0.7743,0.503568254166601,0.526626121343636,0.503568254166601,6,45,82,79,3.2363196445526423,3.1599999999999993,79,82,1,1,12722,0.9819388700216116,3.396145820617676,79,81
negsteer,design_49_seq_0,initial_s2,initial,cold_start,2.0,1,0.7761,3.309,0.7761,0.7898,0.7761,0.4859828620418152,0.5221174900851598,0.4859828620418152,70,45,82,79,3.2363196445526423,3.1599999999999993,79,82,1,1,12455,0.9613306576103736,3.390321969985962,77,81
negsteer,design_49_seq_0,initial_s1,initial,cold_start,1.0,1,0.8216,3.244,0.8216,0.8313,0.8216,0.5511028621098192,0.5740795504392647,0.5511028621098192,72,45,82,79,3.2363196445526423,3.1599999999999993,79,82,1,1,12782,0.9865699289904292,3.06862735748291,79,81
negsteer,design_49_seq_1,initial,initial,cold_start,0.0,1,0.1922,3.691,0.1922,0.255,0.1922,0.12381828522686905,0.16177109434984896,0.12381828522686905,72,53,75,79,3.054435875049391,3.1599999999999993,79,82,0,1,10202,0.7874343933312751,6.933444499969482,77,77
negsteer,design_49_seq_1,initial_s2,initial,cold_start,2.0,1,0.3286,2.669,0.3286,0.3883,0.3286,0.22116169916713446,0.25109297869352215,0.22116169916713446,6,46,82,79,3.2363196445526423,3.1599999999999993,79,82,1,1,11820,0.9123186168570546,5.735038757324219,79,81
negsteer,design_49_seq_1,initial_s1,initial,cold_start,1.0,1,0.2004,3.527,0.2004,0.263,0.2004,0.13384756596193095,0.1562297236367424,0.13384756596193095,6,53,75,79,3.054435875049391,3.1599999999999993,79,82,0,1,10274,0.7929916640938561,6.8881611824035645,77,77
negsteer,design_4_seq_0,initial,initial,cold_start,,1,0.1605,26.135,0.1605,0.1608,0.1605,0.09571178980419247,0.09810013187447245,0.09571178980419247,44,52,73,75,2.9998870343784683,3.054435875049391,79,82,0,0,8948,0.6906452608829886,7.91418981552124,72,72
negsteer,design_4_seq_0,design_02_s1,design_02,steered,1.0,1,0.0,4.325,0.0,0.0,0.0,0.0,0.0,0.0,0,0,0,0,0.5,0.5,79,82,0,0,0,0.0,,0,0
negsteer,design_4_seq_0,design_02_s0,design_02,steered,0.0,1,0.0,8.279,0.0,0.0,0.0,0.0,0.0,0.0,0,0,0,0,0.5,0.5,79,82,0,0,0,0.0,,0,0
negsteer,design_4_seq_0,design_00_s1,design_00,steered,1.0,1,0.3842,28.258,0.3842,0.3933,0.3842,0.22397675012721668,0.2397949070380092,0.22397675012721668,33,45,80,79,3.185699940650432,3.1599999999999993,79,82,0,1,11481,0.8861531336832356,5.712148189544678,78,81
negsteer,design_4_seq_0,design_00_s2,design_00,steered,2.0,1,0.2208,29.762,0.2208,0.2401,0.2208,0.09564285365499178,0.11901011145332964,0.09564285365499178,33,52,70,79,2.9156610513441255,3.1599999999999993,79,82,0,1,8547,0.659694350108058,7.364869117736816,69,66
negsteer,design_4_seq_0,design_00_s0,design_00,steered,0.0,1,0.1594,30.005,0.1594,0.1951,0.1594,0.0753469584875186,0.09090995643764915,0.0753469584875186,33,52,69,79,2.886906305608928,3.1599999999999993,79,82,0,1,8004,0.6177832664402594,8.077178955078125,68,64
negsteer,design_4_seq_0,design_02_s2,design_02,steered,2.0,1,0.0,12.394,0.0,0.0,0.0,0.0,0.0,0.0,0,0,0,0,0.5,0.5,79,82,0,0,0,0.0,,0,0
negsteer,design_4_seq_0,design_01_s2,design_01,steered,2.0,1,0.0,14.17,0.0,0.0,0.0,0.0,0.0,0.0,0,0,0,0,0.5,0.5,79,82,0,0,0,0.0,,0,0
negsteer,design_4_seq_0,design_01_s1,design_01,steered,1.0,1,0.0,14.65,0.0,0.0,0.0,0.0,0.0,0.0,0,0,0,0,0.5,0.5,79,82,0,0,0,0.0,,0,0
negsteer,design_4_seq_0,design_01_s0,design_01,steered,0.0,1,0.0,17.491,0.0,0.0,0.0,0.0,0.0,0.0,0,0,0,0,0.5,0.5,79,82,0,0,0,0.0,,0,0
negsteer,design_4_seq_1,initial,initial,cold_start,,1,0.1387,28.982,0.1387,0.1487,0.1387,0.08016016617228713,0.07255755782002447,0.07255755782002447,33,52,71,77,2.9440693332755243,3.107785596003703,79,82,0,0,8180,0.6313677060821241,8.479863166809082,68,63
negsteer,design_4_seq_1,design_01_s1,design_01,steered,1.0,1,0.6071,8.248,0.6071,0.6372,0.6071,0.3582678368385834,0.39830468804575503,0.3582678368385834,7,45,82,79,3.2363196445526423,3.1599999999999993,79,82,1,1,12310,0.9501389317690645,4.370574474334717,77,81
negsteer,design_4_seq_1,design_00_s2,design_00,steered,2.0,1,0.0668,8.394,0.0668,0.14,0.0668,0.014655003114898183,0.05771938765637304,0.014655003114898183,9,53,50,74,2.2561222246338515,3.0273155556828426,79,82,0,0,5018,0.38731089842544,8.47071647644043,73,71
negsteer,design_4_seq_1,design_01_s2,design_01,steered,2.0,1,0.4655,8.41,0.4655,0.4972,0.4655,0.24575000742886546,0.2823426708175869,0.24575000742886546,72,45,76,79,3.081256507046695,3.1599999999999993,79,82,0,1,10785,0.8324328496449521,5.101348400115967,77,74
negsteer,design_4_seq_1,design_01_s0,design_01,steered,0.0,1,0.4919,8.444,0.4919,0.5091,0.4919,0.24750338249568699,0.2886104335662023,0.24750338249568699,72,45,76,79,3.081256507046695,3.1599999999999993,79,82,0,1,10814,0.834671194813214,5.08521842956543,77,74
negsteer,design_4_seq_1,design_00_s1,design_00,steered,1.0,1,0.0032,10.322,0.0032,0.0653,0.0032,0.0022477993411542494,0.018247929259725824,0.0022477993411542494,10,53,7,45,0.5,2.052968307382785,79,82,0,0,2111,0.16293609138623033,8.578099250793457,62,64
negsteer,design_4_seq_1,design_02_s0,design_02,steered,0.0,1,0.0,11.061,0.0,0.0026,0.0,0.0,0.00015580497693452167,0.0,0,45,0,1,0.5,0.5,79,82,0,0,6,0.0004631058968817536,9.887141227722168,0,5
negsteer,design_4_seq_1,design_02_s2,design_02,steered,2.0,1,0.0,11.882,0.0,0.0028,0.0,0.0,0.0011703765144707953,0.0,0,58,0,6,0.5,0.5,79,82,0,0,81,0.006251929607903674,9.776596069335938,0,37
negsteer,design_4_seq_1,design_00_s0,design_00,steered,0.0,1,0.0032,12.179,0.0032,0.0893,0.0032,0.0023044797656703976,0.026959884272911017,0.0023044797656703976,5,53,13,56,0.5,2.4757893780745857,79,82,0,0,2630,0.202994751466502,8.609396934509277,63,64
negsteer,design_4_seq_1,design_02_s1,design_02,steered,1.0,1,0.0,28.658,0.0,0.0,0.0,0.0,0.0,0.0,0,0,0,0,0.5,0.5,79,82,0,0,0,0.0,,0,0
negsteer,design_50_seq_0,initial,initial,cold_start,,1,0.0,29.976,0.0,0.003,0.0,0.0,0.000449439576009243,0.0,0,52,0,2,0.5,0.5,75,82,0,0,34,0.0027642276422764228,9.753945350646973,0,14
negsteer,design_50_seq_0,design_00_s1,design_00,steered,1.0,1,0.0547,8.691,0.0547,0.1176,0.0547,0.015112774431084592,0.06462189290820189,0.015112774431084592,56,53,46,66,2.095312008965327,2.798452913890075,75,82,0,0,5168,0.42016260162601626,8.538376808166504,67,67
negsteer,design_50_seq_0,design_02_s2,design_02,steered,2.0,1,0.13,8.995,0.13,0.1903,0.13,0.043952910735582315,0.11482955901258875,0.043952910735582315,68,53,65,74,2.768199058314079,3.0273155556828426,75,82,0,0,7062,0.5741463414634146,7.704987525939941,70,66
negsteer,design_50_seq_0,design_02_s0,design_02,steered,0.0,1,0.1002,9.455,0.1002,0.1391,0.1002,0.020018535594766337,0.07895767175388045,0.020018535594766337,68,53,63,73,2.7064590702237057,2.9998870343784683,75,82,0,0,5762,0.4684552845528455,8.47554874420166,69,63
negsteer,design_50_seq_0,design_00_s2,design_00,steered,2.0,1,0.0643,29.251,0.0643,0.1302,0.0643,0.010646051997318863,0.030261899486592993,0.010646051997318863,33,52,53,71,2.368849504430714,2.9440693332755243,75,82,0,0,3537,0.2875609756097561,9.039308547973633,57,59
negsteer,design_50_seq_0,design_00_s0,design_00,steered,0.0,1,0.0035,29.316,0.0035,0.1054,0.0035,0.0015729944501072168,0.012197247422413855,0.0015729944501072168,44,52,22,68,0.572034666637762,2.8577943352341295,75,82,0,0,1513,0.1230081300813008,9.229144096374512,44,57
negsteer,design_50_seq_0,design_01_s1,design_01,steered,1.0,1,0.0,32.385,0.0,0.0,0.0,0.0,0.0,0.0,0,0,0,0,0.5,0.5,75,82,0,0,0,0.0,,0,0
negsteer,design_50_seq_0,design_01_s2,design_01,steered,2.0,1,0.0,32.808,0.0,0.0,0.0,0.0,0.0,0.0,0,0,0,0,0.5,0.5,75,82,0,0,0,0.0,,0,0
negsteer,design_50_seq_0,design_01_s0,design_01,steered,0.0,1,0.2704,33.349,0.2704,0.2924,0.2704,0.19160176965408027,0.19957452285580518,0.19160176965408027,10,39,81,75,3.2111376255715163,3.054435875049391,75,82,0,1,10810,0.8788617886178862,6.187680721282959,71,81
negsteer,design_50_seq_0,design_02_s1,design_02,steered,1.0,1,0.0,33.564,0.0,0.0,0.0,0.0,0.0,0.0,0,0,0,0,0.5,0.5,75,82,0,0,0,0.0,,0,0
negsteer,design_50_seq_1,initial,initial,cold_start,,1,0.0,29.418,0.0,0.0028,0.0,0.0,0.001757238173811901,0.0,0,56,0,8,0.5,0.5,75,82,0,0,259,0.02105691056910569,9.603615760803223,0,54
negsteer,design_50_seq_1,design_02_s1,design_02,steered,1.0,1,0.4743,8.169,0.4813,0.4743,0.4743,0.22746199056506156,0.3075769037468268,0.22746199056506156,67,53,82,75,3.2363196445526423,3.054435875049391,75,82,1,1,11038,0.8973983739837398,5.336176872253418,73,81
negsteer,design_50_seq_1,design_02_s0,design_02,steered,0.0,1,0.1826,8.934,0.1826,0.2137,0.1826,0.03419537086660663,0.1177123999251507,0.03419537086660663,67,52,69,71,2.886906305608928,2.9440693332755243,75,82,0,0,6152,0.5001626016260162,7.4289140701293945,58,66
negsteer,design_50_seq_1,design_00_s2,design_00,steered,2.0,1,0.0995,7.018,0.0995,0.1282,0.0995,0.019067180026322603,0.07541882286484285,0.019067180026322603,67,52,64,71,2.7375390804284843,2.9440693332755243,75,82,0,0,5618,0.4567479674796748,8.583304405212402,58,69
negsteer,design_50_seq_1,design_00_s0,design_00,steered,0.0,1,0.1707,7.043,0.1707,0.2035,0.1707,0.07974959297416111,0.12788555084262043,0.07974959297416111,68,55,71,73,2.9440693332755243,2.9998870343784683,75,82,0,0,8277,0.6729268292682927,7.421570301055908,69,70
negsteer,design_50_seq_1,design_00_s1,design_00,steered,1.0,1,0.123,8.031,0.123,0.161,0.123,0.03068039403607448,0.09541115715883945,0.03068039403607448,68,53,65,72,2.768199058314079,2.9721414027832376,75,82,0,0,6327,0.514390243902439,8.068485260009766,61,67
negsteer,design_50_seq_1,design_02_s2,design_02,steered,2.0,1,0.3975,11.609,0.3975,0.4272,0.3975,0.18392425707851848,0.25963893542406946,0.18392425707851848,67,53,80,75,3.185699940650432,3.054435875049391,75,82,0,1,10251,0.8334146341463414,5.668560981750488,71,80
negsteer,design_50_seq_1,design_01_s1,design_01,steered,1.0,1,0.0,31.14,0.0,0.003,0.0,0.0,0.00218983846375855,0.0,0,40,0,9,0.5,0.5,75,82,0,0,429,0.03487804878048781,9.34160041809082,0,63
negsteer,design_50_seq_1,design_01_s2,design_01,steered,2.0,1,0.2294,32.944,0.3223,0.2294,0.2294,0.09887097448421021,0.16908996036026355,0.09887097448421021,15,22,82,75,3.2363196445526423,3.054435875049391,75,82,1,1,9589,0.7795934959349593,7.2666497230529785,68,81
negsteer,design_50_seq_1,design_01_s0,design_01,steered,0.0,1,0.0781,33.915,0.1603,0.0781,0.0781,0.022955619006728132,0.0386757188925247,0.022955619006728132,15,57,75,47,3.054435875049391,2.1367546088811347,75,82,0,0,4079,0.3316260162601626,8.227516174316406,59,81
negsteer,design_51_seq_0,initial,initial,cold_start,0.0,1,0.1729,1.954,0.1729,0.192,0.1729,0.06991586615573372,0.11876475090081463,0.06991586615573372,74,58,66,77,2.798452913890075,3.107785596003703,77,82,0,1,8501,0.6731865695280329,7.868149757385254,77,71
negsteer,design_51_seq_0,initial_s2,initial,cold_start,2.0,1,0.1119,2.384,0.1119,0.1513,0.1119,0.022859567803536335,0.08039429010936945,0.022859567803536335,74,56,62,74,2.674944339371981,3.0273155556828426,77,82,0,0,5916,0.4684827367754197,8.307751655578613,74,68
negsteer,design_51_seq_0,initial_s1,initial,cold_start,1.0,1,0.3225,3.493,0.3225,0.3425,0.3225,0.178396082510446,0.22605907288379967,0.178396082510446,74,45,75,77,3.054435875049391,3.107785596003703,77,82,0,1,10983,0.8697339246119734,6.110365867614746,75,81
negsteer,design_51_seq_1,initial,initial,cold_start,0.0,1,0.0,1.257,0.0,0.0031,0.0,0.0,0.002006875206262055,0.0,0,52,0,6,0.5,0.5,77,82,0,0,311,0.024627811213177066,9.320433616638184,0,57
negsteer,design_51_seq_1,initial_s2,initial,cold_start,2.0,1,0.1848,2.6,0.1848,0.2145,0.1848,0.11413790346667557,0.13591193227756132,0.11413790346667557,7,52,72,77,2.9721414027832376,3.107785596003703,77,82,0,1,9559,0.7569686411149826,7.28632116317749,72,73
negsteer,design_51_seq_1,initial_s1,initial,cold_start,1.0,1,0.601,1.836,0.601,0.6183,0.601,0.38891362838217286,0.42308059439244794,0.38891362838217286,7,45,82,77,3.2363196445526423,3.107785596003703,77,82,1,1,12243,0.9695121951219512,4.118852615356445,76,81
negsteer,design_52_seq_0,initial,initial,cold_start,,1,0.1128,31.168,0.1128,0.133,0.1128,0.049010732970140004,0.03884395299672445,0.03884395299672445,44,52,63,76,2.7064590702237057,3.081256507046695,77,82,0,0,5398,0.4274627811213177,8.589506149291992,59,61
negsteer,design_52_seq_0,design_01_s0,design_01,steered,0.0,1,0.4332,28.079,0.4332,0.4844,0.4332,0.24178546415520952,0.23839041093512006,0.23839041093512006,33,45,77,77,3.107785596003703,3.107785596003703,77,82,0,1,10720,0.848907190370605,5.432345867156982,75,81
negsteer,design_52_seq_0,design_01_s2,design_01,steered,2.0,1,0.3018,28.399,0.3018,0.3397,0.3018,0.16100544665710298,0.1658807161672995,0.16100544665710298,33,45,73,77,2.9998870343784683,3.107785596003703,77,82,0,1,9852,0.7801710484637314,6.453759670257568,75,74
negsteer,design_52_seq_0,design_01_s1,design_01,steered,1.0,1,0.395,28.888,0.395,0.4249,0.395,0.21793296602373194,0.21382532610342178,0.21382532610342178,33,45,75,77,3.054435875049391,3.107785596003703,77,82,0,1,10463,0.8285555907507127,5.697373390197754,76,77
negsteer,design_52_seq_0,design_00_s0,design_00,steered,0.0,1,0.0028,30.157,0.0029,0.0028,0.0028,0.0004548443112425603,0.0006984738496745505,0.0004548443112425603,34,48,17,3,0.5,0.5,77,82,0,0,113,0.008948368704466265,9.60965347290039,13,22
negsteer,design_52_seq_0,design_02_s2,design_02,steered,2.0,1,0.0,14.907,0.0,0.0,0.0,0.0,0.0,0.0,0,0,0,0,0.5,0.5,77,82,0,0,0,0.0,,0,0
negsteer,design_52_seq_0,design_00_s1,design_00,steered,1.0,1,0.0,18.176,0.0,0.0,0.0,0.0,0.0,0.0,0,0,0,0,0.5,0.5,77,82,0,0,0,0.0,,0,0
negsteer,design_52_seq_0,design_02_s1,design_02,steered,1.0,1,0.0,20.234,0.0,0.0025,0.0,0.0,3.042704391679386e-05,0.0,0,25,0,1,0.5,0.5,77,82,0,0,1,7.918910357934748e-05,9.99748420715332,0,1
negsteer,design_52_seq_0,design_00_s2,design_00,steered,2.0,1,0.0,28.322,0.0,0.0,0.0,0.0,0.0,0.0,0,0,0,0,0.5,0.5,77,82,0,0,0,0.0,,0,0
negsteer,design_52_seq_0,design_02_s0,design_02,steered,0.0,1,0.0,37.739,0.0,0.0029,0.0,0.0,0.0018944541509149642,0.0,0,35,0,6,0.5,0.5,77,82,0,0,237,0.01876781754830535,9.54312515258789,0,57
negsteer,design_52_seq_1,initial,initial,cold_start,0.0,1,0.0249,1.388,0.0249,0.1128,0.0249,0.0041194699172462735,0.054388620740188874,0.0041194699172462735,70,52,33,69,1.4497193288190313,2.886906305608928,77,82,0,0,4378,0.34668989547038326,8.755148887634277,67,71
negsteer,design_52_seq_1,initial_s2,initial,cold_start,2.0,1,0.1181,1.883,0.1181,0.1588,0.1181,0.05835644060491838,0.08306711716236682,0.05835644060491838,70,52,71,76,2.9440693332755243,3.081256507046695,77,82,0,0,7732,0.6122901488755147,8.511841773986816,70,67
negsteer,design_52_seq_1,initial_s1,initial,cold_start,1.0,1,0.2044,1.9,0.2044,0.2406,0.2044,0.144844254481836,0.15576709630308536,0.144844254481836,6,54,76,77,3.081256507046695,3.107785596003703,77,82,0,1,10421,0.8252296484003802,6.861294269561768,76,79
negsteer,design_53_seq_0,initial,initial,cold_start,,1,0.0,29.053,0.0,0.0,0.0,0.0,0.0,0.0,0,0,0,0,0.5,0.5,85,82,0,0,0,0.0,,0,0
negsteer,design_53_seq_0,design_02_s1,design_02,steered,1.0,1,0.0,3.776,0.0,0.0,0.0,0.0,0.0,0.0,0,0,0,0,0.5,0.5,85,82,0,0,0,0.0,,0,0
negsteer,design_53_seq_0,design_02_s2,design_02,steered,2.0,1,0.0,4.081,0.0,0.0,0.0,0.0,0.0,0.0,0,0,0,0,0.5,0.5,85,82,0,0,0,0.0,,0,0
negsteer,design_53_seq_0,design_00_s0,design_00,steered,0.0,1,0.0,4.447,0.0,0.0026,0.0,0.0,3.1747310081633126e-05,0.0,0,58,0,1,0.5,0.5,85,82,0,0,1,7.173601147776183e-05,9.786864280700684,0,1
negsteer,design_53_seq_0,design_02_s0,design_02,steered,0.0,1,0.0,4.468,0.0,0.0,0.0,0.0,0.0,0.0,0,0,0,0,0.5,0.5,85,82,0,0,0,0.0,,0,0
negsteer,design_53_seq_0,design_00_s2,design_00,steered,2.0,1,0.0,6.098,0.0,0.0,0.0,0.0,0.0,0.0,0,0,0,0,0.5,0.5,85,82,0,0,0,0.0,,0,0
negsteer,design_53_seq_0,design_01_s0,design_01,steered,0.0,1,0.1167,10.372,0.1167,0.1613,0.1167,0.020444876319893144,0.07677799733298854,0.020444876319893144,77,52,66,82,2.798452913890075,3.2363196445526423,85,82,0,0,5683,0.4076757532281205,8.542360305786133,56,64
negsteer,design_53_seq_0,design_01_s1,design_01,steered,1.0,1,0.1098,10.788,0.1098,0.1454,0.1098,0.017215513796819484,0.0665012916305852,0.017215513796819484,78,52,66,80,2.798452913890075,3.185699940650432,85,82,0,0,5249,0.37654232424677186,8.71180248260498,63,64
negsteer,design_53_seq_0,design_01_s2,design_01,steered,2.0,1,0.1014,11.85,0.1014,0.1348,0.1014,0.014518114078022977,0.05339744163211435,0.014518114078022977,78,52,65,78,2.768199058314079,3.1340309377915263,85,82,0,0,4639,0.33278335724533714,8.838872909545898,53,64
negsteer,design_53_seq_0,design_00_s1,design_00,steered,1.0,1,0.0,13.858,0.0,0.0,0.0,0.0,0.0,0.0,0,0,0,0,0.5,0.5,85,82,0,0,0,0.0,,0,0
negsteer,design_53_seq_1,initial,initial,cold_start,,1,0.169,13.408,0.169,0.2456,0.169,0.08335235594936154,0.14873741543567853,0.08335235594936154,78,52,77,84,3.107785596003703,3.2859417528309107,85,82,0,0,10070,0.7223816355810617,7.602312088012695,81,82
negsteer,design_53_seq_1,design_00_s0,design_00,steered,0.0,1,0.3966,1.546,0.3966,0.4971,0.3966,0.22511111952309662,0.28460080712102354,0.22511111952309662,6,52,77,85,3.107785596003703,3.3103937717626097,85,82,0,1,11420,0.8192252510760402,5.25738000869751,84,76
negsteer,design_53_seq_1,design_01_s1,design_01,steered,1.0,1,0.1134,2.47,0.1134,0.1399,0.1134,0.03536541935275583,0.0742593698669225,0.03536541935275583,6,55,68,70,2.8577943352341295,2.9156610513441255,85,82,0,0,6213,0.4456958393113343,8.376083374023438,65,67
negsteer,design_53_seq_1,design_00_s2,design_00,steered,2.0,1,0.4965,2.737,0.4965,0.5829,0.4965,0.28897899767000446,0.3486320214465306,0.28897899767000446,5,45,81,85,3.2111376255715163,3.3103937717626097,85,82,0,1,12183,0.8739598278335724,4.779627799987793,84,79
negsteer,design_53_seq_1,design_00_s1,design_00,steered,1.0,1,0.6165,2.965,0.6165,0.6652,0.6165,0.37737867140265946,0.4252916151947319,0.37737867140265946,6,45,82,85,3.2363196445526423,3.3103937717626097,85,82,1,1,13153,0.9435437589670015,4.2904534339904785,84,81
negsteer,design_53_seq_1,design_01_s2,design_01,steered,2.0,1,0.2001,3.374,0.2001,0.2469,0.2001,0.09906563175403897,0.1528052053891304,0.09906563175403897,5,53,74,85,3.0273155556828426,3.3103937717626097,85,82,0,1,10001,0.7174318507890961,7.303771018981934,82,74
negsteer,design_53_seq_1,design_01_s0,design_01,steered,0.0,1,0.239,5.386,0.239,0.2999,0.239,0.1217372777625261,0.18759366752943252,0.1217372777625261,6,55,74,85,3.0273155556828426,3.3103937717626097,85,82,0,1,10462,0.7505021520803443,6.710928440093994,83,75
negsteer,design_53_seq_1,design_02_s2,design_02,steered,2.0,1,0.1835,8.737,0.1835,0.2786,0.1835,0.0953722914269961,0.16364549769929088,0.0953722914269961,77,53,72,84,2.9721414027832376,3.2859417528309107,85,82,0,0,10081,0.723170731707317,7.2381272315979,82,74
negsteer,design_53_seq_1,design_02_s1,design_02,steered,1.0,1,0.13,8.799,0.13,0.2157,0.13,0.04736495528863195,0.12635825254113936,0.04736495528863195,77,52,70,84,2.9156610513441255,3.2859417528309107,85,82,0,0,8274,0.5935437589670014,7.904839515686035,79,72
negsteer,design_53_seq_1,design_02_s0,design_02,steered,0.0,1,0.1232,9.112,0.1232,0.2007,0.1232,0.0378557914210593,0.11357983613738835,0.0378557914210593,77,52,69,83,2.886906305608928,3.2612523263775115,85,82,0,0,7745,0.5555954088952654,8.131254196166992,78,71
negsteer,design_54_seq_0,initial,initial,cold_start,,1,0.0,35.668,0.0,0.0031,0.0,0.0,0.0013926777926205499,0.0,0,40,0,1,0.5,0.5,83,82,0,0,60,0.004407875404055245,9.60472583770752,0,42
negsteer,design_54_seq_0,design_01_s1,design_01,steered,1.0,1,0.0032,7.049,0.0174,0.0032,0.0032,0.00030795885081661036,0.0018048054430770074,0.00030795885081661036,81,32,30,2,1.2581029721697827,0.5,83,82,0,0,210,0.015427563914193358,9.526123046875,4,54
negsteer,design_54_seq_0,design_02_s0,design_02,steered,0.0,1,0.0,15.059,0.0,0.0029,0.0,0.0,0.001848269907030754,0.0,0,47,0,3,0.5,0.5,83,82,0,0,235,0.017264178665883045,9.57973575592041,0,56
negsteer,design_54_seq_0,design_00_s0,design_00,steered,0.0,1,0.0,15.504,0.0,0.0,0.0,0.0,0.0,0.0,0,0,0,0,0.5,0.5,83,82,0,0,0,0.0,,0,0
negsteer,design_54_seq_0,design_00_s2,design_00,steered,2.0,1,0.0,22.682,0.0,0.0,0.0,0.0,0.0,0.0,0,0,0,0,0.5,0.5,83,82,0,0,0,0.0,,0,0
negsteer,design_54_seq_0,design_02_s2,design_02,steered,2.0,1,0.0,29.656,0.0,0.0,0.0,0.0,0.0,0.0,0,0,0,0,0.5,0.5,83,82,0,0,0,0.0,,0,0
negsteer,design_54_seq_0,design_02_s1,design_02,steered,1.0,1,0.0,31.531,0.0,0.0,0.0,0.0,0.0,0.0,0,0,0,0,0.5,0.5,83,82,0,0,0,0.0,,0,0
negsteer,design_54_seq_0,design_01_s0,design_01,steered,0.0,1,0.0,38.208,0.0,0.0,0.0,0.0,0.0,0.0,0,0,0,0,0.5,0.5,83,82,0,0,0,0.0,,0,0
negsteer,design_54_seq_0,design_00_s1,design_00,steered,1.0,1,0.0,39.459,0.0,0.0,0.0,0.0,0.0,0.0,0,0,0,0,0.5,0.5,83,82,0,0,0,0.0,,0,0
negsteer,design_54_seq_0,design_01_s2,design_01,steered,2.0,1,0.0,43.509,0.0,0.0,0.0,0.0,0.0,0.0,0,0,0,0,0.5,0.5,83,82,0,0,0,0.0,,0,0
negsteer,design_54_seq_1,initial,initial,cold_start,,1,0.0,33.811,0.0,0.0,0.0,0.0,0.0,0.0,0,0,0,0,0.5,0.5,83,82,0,0,0,0.0,,0,0
negsteer,design_54_seq_1,design_02_s2,design_02,steered,2.0,1,0.0802,26.768,0.0802,0.1605,0.0802,0.024354397397802537,0.09572227535735271,0.024354397397802537,18,22,62,78,2.674944339371981,3.1340309377915263,83,82,0,0,7033,0.5166764619453423,8.460164070129395,77,78
negsteer,design_54_seq_1,design_02_s1,design_02,steered,1.0,1,0.0029,27.658,0.0029,0.0192,0.0029,0.0002887414330728801,0.0048472530708262105,0.0002887414330728801,40,24,1,29,0.5,1.1885764075772849,83,82,0,0,1284,0.09432853364678224,8.867290496826172,9,66
negsteer,design_54_seq_1,design_00_s1,design_00,steered,1.0,1,0.0,30.482,0.0,0.0,0.0,0.0,0.0,0.0,0,0,0,0,0.5,0.5,83,82,0,0,0,0.0,,0,0
negsteer,design_54_seq_1,design_00_s0,design_00,steered,0.0,1,0.0,33.652,0.0,0.0027,0.0,0.0,6.388666721560607e-05,0.0,0,24,0,1,0.5,0.5,83,82,0,0,3,0.00022039377020276226,9.822583198547363,0,2
negsteer,design_54_seq_1,design_02_s0,design_02,steered,0.0,1,0.0,39.096,0.0,0.0,0.0,0.0,0.0,0.0,0,0,0,0,0.5,0.5,83,82,0,0,0,0.0,,0,0
negsteer,design_54_seq_1,design_00_s2,design_00,steered,2.0,1,0.0246,39.146,0.0246,0.0698,0.0246,0.0023779911746506593,0.03167649158617345,0.0023779911746506593,67,24,33,50,1.4497193288190313,2.2561222246338515,83,82,0,0,3311,0.24324125771378197,8.859428405761719,60,76
negsteer,design_54_seq_1,design_01_s0,design_01,steered,0.0,1,0.0,32.349,0.0,0.0026,0.0,0.0,3.2050370397727666e-05,0.0,0,58,0,1,0.5,0.5,83,82,0,0,1,7.346459006758743e-05,9.740362167358398,0,1
negsteer,design_54_seq_1,design_01_s1,design_01,steered,1.0,1,0.0,36.933,0.0,0.0,0.0,0.0,0.0,0.0,0,0,0,0,0.5,0.5,83,82,0,0,0,0.0,,0,0
negsteer,design_54_seq_1,design_01_s2,design_01,steered,2.0,1,0.0,39.034,0.0,0.0,0.0,0.0,0.0,0.0,0,0,0,0,0.5,0.5,83,82,0,0,0,0.0,,0,0
negsteer,design_55_seq_0,initial,initial,cold_start,,1,0.301,29.233,0.301,0.3302,0.301,0.1650565958378138,0.17364985670996602,0.1650565958378138,33,45,71,80,2.9440693332755243,3.185699940650432,80,82,0,1,9901,0.7546493902439024,6.2301812171936035,74,71
negsteer,design_55_seq_0,design_00_s2,design_00,steered,2.0,1,0.8346,1.56,0.8346,0.859,0.8346,0.5404650794895133,0.5903455729528171,0.5404650794895133,71,45,82,80,3.2363196445526423,3.185699940650432,80,82,1,1,12869,0.9808689024390244,3.074232339859009,80,81
negsteer,design_55_seq_0,design_00_s0,design_00,steered,0.0,1,0.8349,1.578,0.8349,0.8477,0.8349,0.5276867581851548,0.588043296755087,0.5276867581851548,72,45,82,80,3.2363196445526423,3.185699940650432,80,82,1,1,12696,0.9676829268292683,3.056612730026245,80,81
negsteer,design_55_seq_0,design_01_s1,design_01,steered,1.0,1,0.8336,1.74,0.8336,0.8367,0.8336,0.5375212376209675,0.5680803138671852,0.5375212376209675,71,45,82,80,3.2363196445526423,3.185699940650432,80,82,1,1,12867,0.9807164634146341,3.1625287532806396,80,81
negsteer,design_55_seq_0,design_01_s2,design_01,steered,2.0,1,0.8441,1.799,0.8441,0.8665,0.8441,0.5770139499596553,0.6018614668126513,0.5770139499596553,71,45,82,80,3.2363196445526423,3.185699940650432,80,82,1,1,12807,0.9761432926829269,2.865492582321167,79,81
negsteer,design_55_seq_0,design_00_s1,design_00,steered,1.0,1,0.8688,1.813,0.8709,0.8688,0.8688,0.593069394750637,0.6332576302130047,0.593069394750637,71,45,82,80,3.2363196445526423,3.185699940650432,80,82,1,1,12831,0.9779725609756098,2.664123296737671,79,81
negsteer,design_55_seq_0,design_01_s0,design_01,steered,0.0,1,0.8329,2.24,0.8329,0.8569,0.8329,0.5703087596804834,0.5849899314343929,0.5703087596804834,71,45,82,80,3.2363196445526423,3.185699940650432,80,82,1,1,12840,0.9786585365853658,2.9313504695892334,79,81
negsteer,design_55_seq_0,design_02_s0,design_02,steered,0.0,1,0.0836,28.655,0.0836,0.1206,0.0836,0.028662191925104708,0.02685886930685672,0.02685886930685672,32,53,60,76,2.610547697567678,3.081256507046695,80,82,0,0,4452,0.33932926829268295,8.889440536499023,66,62
negsteer,design_55_seq_0,design_02_s1,design_02,steered,1.0,1,0.0421,28.748,0.0421,0.0779,0.0421,0.008473588956985623,0.016280532152982564,0.008473588956985623,7,46,41,58,1.873495124825139,2.5442135948795377,80,82,0,0,3126,0.2382621951219512,9.07448959350586,59,64
negsteer,design_55_seq_0,design_02_s2,design_02,steered,2.0,1,0.0051,29.278,0.0051,0.056,0.0051,0.0017636268748901784,0.004522141554710887,0.0017636268748901784,49,52,23,49,0.6799999999999999,2.2171186335840796,80,82,0,0,1368,0.10426829268292682,9.396212577819824,51,58
negsteer,design_55_seq_1,initial,initial,cold_start,,1,0.4368,29.416,0.4368,0.4751,0.4368,0.21313361384964083,0.2280096531186889,0.21313361384964083,33,45,74,80,3.0273155556828426,3.185699940650432,80,82,0,1,10318,0.7864329268292682,5.523766040802002,77,74
negsteer,design_55_seq_1,design_01_s1,design_01,steered,1.0,1,0.5466,27.739,0.5466,0.6012,0.5466,0.2650648754555732,0.2632123054255073,0.2632123054255073,33,45,73,80,2.9998870343784683,3.185699940650432,80,82,0,1,10126,0.7717987804878049,4.948009014129639,75,73
negsteer,design_55_seq_1,design_02_s0,design_02,steered,0.0,1,0.1404,27.996,0.1404,0.1692,0.1404,0.06339267125877086,0.08276375816146866,0.06339267125877086,33,52,65,80,2.768199058314079,3.185699940650432,80,82,0,1,7649,0.5830030487804878,8.287493705749512,72,63
negsteer,design_55_seq_1,design_02_s1,design_02,steered,1.0,1,0.1204,28.151,0.1204,0.1477,0.1204,0.04989015254832339,0.057297841963789814,0.04989015254832339,33,52,64,78,2.7375390804284843,3.1340309377915263,80,82,0,0,6369,0.4854420731707317,8.582353591918945,70,61
negsteer,design_55_seq_1,design_02_s2,design_02,steered,2.0,1,0.0899,28.199,0.0899,0.1081,0.0899,0.022572901955572888,0.024266127567942733,0.022572901955572888,33,53,61,73,2.6429793600597735,2.9998870343784683,80,82,0,0,3975,0.30297256097560976,9.031596183776855,65,61
negsteer,design_55_seq_1,design_01_s2,design_01,steered,2.0,1,0.4005,28.415,0.4005,0.4538,0.4005,0.19945418835850431,0.19565430315063767,0.19565430315063767,33,45,71,80,2.9440693332755243,3.185699940650432,80,82,0,1,9770,0.7446646341463414,5.768311977386475,75,68
negsteer,design_55_seq_1,design_01_s0,design_01,steered,0.0,1,0.4497,28.645,0.4497,0.5034,0.4497,0.21564587879402097,0.21008856227428357,0.21008856227428357,33,45,71,80,2.9440693332755243,3.185699940650432,80,82,0,1,9730,0.7416158536585366,5.54359245300293,76,67
negsteer,design_55_seq_1,design_00_s0,design_00,steered,0.0,1,0.6016,29.295,0.6016,0.6513,0.6016,0.3831703522679163,0.3693375115214688,0.3693375115214688,33,52,82,80,3.2363196445526423,3.185699940650432,80,82,1,1,12370,0.9428353658536586,4.388034820556641,80,81
negsteer,design_55_seq_1,design_00_s2,design_00,steered,2.0,1,0.4001,29.688,0.4001,0.4562,0.4001,0.23410591055289842,0.22419739368360309,0.22419739368360309,33,52,74,80,3.0273155556828426,3.185699940650432,80,82,0,1,10564,0.8051829268292683,5.438124179840088,78,73
negsteer,design_55_seq_1,design_00_s1,design_00,steered,1.0,1,0.2305,27.906,0.2305,0.2933,0.2305,0.12334148375666701,0.13575469771763538,0.12334148375666701,33,52,74,80,3.0273155556828426,3.185699940650432,80,82,0,1,9125,0.6955030487804879,6.946075439453125,71,71
negsteer,design_56_seq_0,initial,initial,cold_start,,1,0.4852,12.562,0.4852,0.533,0.4852,0.25298014663844315,0.3246612043301689,0.25298014663844315,75,45,81,83,3.2111376255715163,3.2612523263775115,83,82,0,1,12193,0.8957537466940935,5.17096471786499,82,80
negsteer,design_56_seq_0,design_01_s1,design_01,steered,1.0,1,0.2251,5.422,0.2251,0.2535,0.2251,0.11687903642284134,0.13829744455302362,0.11687903642284134,76,52,75,83,3.054435875049391,3.2612523263775115,83,82,0,1,10183,0.7480899206582428,7.305699348449707,79,74
negsteer,design_56_seq_0,design_01_s2,design_01,steered,2.0,1,0.4027,4.588,0.4027,0.4621,0.4027,0.21044546396875508,0.2654113915277554,0.21044546396875508,76,52,81,83,3.2111376255715163,3.2612523263775115,83,82,0,1,11653,0.8560828680575963,5.611771106719971,80,80
negsteer,design_56_seq_0,design_01_s0,design_01,steered,0.0,1,0.2861,5.129,0.2861,0.3138,0.2861,0.1640876911900354,0.18071255326361918,0.1640876911900354,76,52,78,83,3.1340309377915263,3.2612523263775115,83,82,0,1,11247,0.8262562444901558,6.538061618804932,83,80
negsteer,design_56_seq_0,design_00_s0,design_00,steered,0.0,1,0.0,21.894,0.0,0.0027,0.0,0.0,6.447176778371014e-05,0.0,0,36,0,1,0.5,0.5,83,82,0,0,2,0.00014692918013517486,9.716657638549805,0,2
negsteer,design_56_seq_0,design_02_s2,design_02,steered,2.0,1,0.0511,33.363,0.0511,0.096,0.0511,0.0130438606411847,0.052695077753103364,0.0130438606411847,35,22,46,65,2.095312008965327,2.768199058314079,83,82,0,0,5102,0.37481633852483104,8.936308860778809,69,73
negsteer,design_56_seq_0,design_00_s1,design_00,steered,1.0,1,0.0,37.662,0.0,0.0,0.0,0.0,0.0,0.0,0,0,0,0,0.5,0.5,83,82,0,0,0,0.0,,0,0
negsteer,design_56_seq_0,design_00_s2,design_00,steered,2.0,1,0.0,23.396,0.0,0.0,0.0,0.0,0.0,0.0,0,0,0,0,0.5,0.5,83,82,0,0,0,0.0,,0,0
negsteer,design_56_seq_0,design_02_s1,design_02,steered,1.0,1,0.0,29.474,0.0,0.0,0.0,0.0,0.0,0.0,0,0,0,0,0.5,0.5,83,82,0,0,0,0.0,,0,0
negsteer,design_56_seq_0,design_02_s0,design_02,steered,0.0,1,0.0,31.216,0.0,0.0,0.0,0.0,0.0,0.0,0,0,0,0,0.5,0.5,83,82,0,0,0,0.0,,0,0
negsteer,design_56_seq_1,initial,initial,cold_start,,1,0.0623,34.166,0.0623,0.1242,0.0623,0.008053094030817947,0.06675944089741878,0.008053094030817947,35,58,52,69,2.331955096040982,2.886906305608928,83,82,0,0,4870,0.3577725536291507,8.619290351867676,60,74
negsteer,design_56_seq_1,design_00_s2,design_00,steered,2.0,1,0.0026,3.729,0.0026,0.003,0.0026,3.1229299324822715e-05,0.0018402393396216921,3.1229299324822715e-05,76,45,2,11,0.5,0.5,83,82,0,0,473,0.03474875110196885,9.497976303100586,1,55
negsteer,design_56_seq_1,design_00_s1,design_00,steered,1.0,1,0.1032,3.73,0.1032,0.1455,0.1032,0.029597898858251523,0.06687781396435528,0.029597898858251523,76,53,66,80,2.798452913890075,3.185699940650432,83,82,0,0,6085,0.44703203056126944,8.755809783935547,65,66
negsteer,design_56_seq_1,design_00_s0,design_00,steered,0.0,1,0.5639,5.691,0.5639,0.5827,0.5639,0.3481893951454795,0.38779051236172274,0.3481893951454795,78,45,82,83,3.2363196445526423,3.2612523263775115,83,82,1,1,13134,0.9648839259476932,4.573394775390625,82,81
negsteer,design_56_seq_1,design_02_s2,design_02,steered,2.0,1,0.2642,29.603,0.2642,0.3569,0.2642,0.11388040139306202,0.17539821681566536,0.11388040139306202,33,52,70,82,2.9156610513441255,3.2363196445526423,83,82,0,0,9280,0.6817513958272113,6.577622413635254,71,71
negsteer,design_56_seq_1,design_02_s0,design_02,steered,0.0,1,0.202,29.939,0.202,0.3049,0.202,0.08755250174148255,0.15005629830255468,0.08755250174148255,33,52,70,82,2.9156610513441255,3.2363196445526423,83,82,0,0,8892,0.6532471348809874,7.114112377166748,69,68
negsteer,design_56_seq_1,design_02_s1,design_02,steered,1.0,1,0.2977,30.049,0.2977,0.4023,0.2977,0.1338115230662726,0.20447027998431244,0.1338115230662726,33,52,71,83,2.9440693332755243,3.2612523263775115,83,82,0,1,9762,0.7171613282397884,6.195163726806641,75,74
negsteer,design_56_seq_1,design_01_s1,design_01,steered,1.0,1,0.0,31.359,0.0,0.0,0.0,0.0,0.0,0.0,0,0,0,0,0.5,0.5,83,82,0,0,0,0.0,,0,0
negsteer,design_56_seq_1,design_01_s0,design_01,steered,0.0,1,0.0,34.18,0.0,0.0,0.0,0.0,0.0,0.0,0,0,0,0,0.5,0.5,83,82,0,0,0,0.0,,0,0
negsteer,design_56_seq_1,design_01_s2,design_01,steered,2.0,1,0.0,41.987,0.0,0.0,0.0,0.0,0.0,0.0,0,0,0,0,0.5,0.5,83,82,0,0,0,0.0,,0,0
negsteer,design_57_seq_0,initial,initial,cold_start,,1,0.0622,28.612,0.0622,0.091,0.0622,0.00999312797916661,0.014471484768408828,0.00999312797916661,33,52,52,65,2.331955096040982,2.768199058314079,76,82,0,0,2862,0.22962130937098846,9.259444236755371,52,59
negsteer,design_57_seq_0,design_01_s0,design_01,steered,0.0,1,0.003,4.064,0.003,0.0217,0.003,0.0019970940131890146,0.0040809248500253735,0.0019970940131890146,7,58,11,30,0.5,1.2581029721697827,76,82,0,0,1488,0.11938382541720154,8.982017517089844,56,64
negsteer,design_57_seq_0,design_00_s1,design_00,steered,1.0,1,0.0,3.789,0.0,0.0032,0.0,0.0,0.00213742665321816,0.0,0,40,0,8,0.5,0.5,76,82,0,0,375,0.030086649550706033,9.2861328125,0,61
negsteer,design_57_seq_0,design_00_s2,design_00,steered,2.0,1,0.1222,5.125,0.1222,0.1783,0.1222,0.06184451882482359,0.11914468521433996,0.06184451882482359,69,58,74,76,3.0273155556828426,3.081256507046695,76,82,0,1,8558,0.686617458279846,8.047913551330566,72,80
negsteer,design_57_seq_0,design_00_s0,design_00,steered,0.0,1,0.0,5.639,0.0,0.003,0.0,0.0,0.001989143009002252,0.0,0,58,0,7,0.5,0.5,76,82,0,0,247,0.019817073170731708,9.464821815490723,0,59
negsteer,design_57_seq_0,design_02_s0,design_02,steered,0.0,1,0.1178,27.035,0.1178,0.142,0.1178,0.026908185247233825,0.06532115708445994,0.026908185247233825,33,53,64,73,2.7375390804284843,2.9998870343784683,76,82,0,0,5281,0.4237002567394095,8.50466251373291,53,61
negsteer,design_57_seq_0,design_02_s2,design_02,steered,2.0,1,0.1089,27.196,0.1089,0.144,0.1089,0.02633097431450886,0.0700826621131699,0.02633097431450886,33,53,64,73,2.7375390804284843,2.9998870343784683,76,82,0,0,5445,0.4368581514762516,8.487982749938965,57,62
negsteer,design_57_seq_0,design_02_s1,design_02,steered,1.0,1,0.1077,27.423,0.1077,0.1483,0.1077,0.03408078482301023,0.07863057631340514,0.03408078482301023,32,45,64,73,2.7375390804284843,2.9998870343784683,76,82,0,0,6054,0.4857188703465982,8.363411903381348,63,64
negsteer,design_57_seq_0,design_01_s2,design_01,steered,2.0,1,0.1929,29.265,0.1929,0.2343,0.1929,0.10760437152164645,0.12779786078849945,0.10760437152164645,34,52,72,76,2.9721414027832376,3.081256507046695,76,82,0,1,9144,0.733632862644416,7.3323540687561035,72,74
negsteer,design_57_seq_0,design_01_s1,design_01,steered,1.0,1,0.1719,29.295,0.1719,0.2289,0.1719,0.09779616459701701,0.1151198943872459,0.09779616459701701,33,52,73,76,2.9998870343784683,3.081256507046695,76,82,0,1,8906,0.7145378690629012,7.620229721069336,72,74
negsteer,design_57_seq_1,initial,initial,cold_start,,1,0.0028,30.618,0.0028,0.0199,0.0028,0.0013144545373506844,0.0022023210228170925,0.0013144545373506844,6,53,1,31,0.5,1.3246042037392856,76,82,0,0,673,0.053995507060333764,9.562005043029785,38,55
negsteer,design_57_seq_1,design_02_s1,design_02,steered,1.0,1,0.1601,25.511,0.1601,0.2043,0.1601,0.065798556208488,0.12100133103625167,0.065798556208488,33,45,70,76,2.9156610513441255,3.081256507046695,76,82,0,1,8087,0.6488286264441592,7.7132039070129395,72,73
negsteer,design_57_seq_1,design_02_s0,design_02,steered,0.0,1,0.2794,25.64,0.2794,0.3322,0.2794,0.15242198539444393,0.2071460974118786,0.15242198539444393,33,45,80,76,3.185699940650432,3.081256507046695,76,82,0,1,10720,0.8600770218228498,6.4504313468933105,76,81
negsteer,design_57_seq_1,design_02_s2,design_02,steered,2.0,1,0.1091,26.392,0.1091,0.1502,0.1091,0.02653009784836812,0.07588864889893136,0.02653009784836812,33,45,64,72,2.7375390804284843,2.9721414027832376,76,82,0,0,5753,0.4615693196405648,8.398771286010742,59,63
negsteer,design_57_seq_1,design_01_s2,design_01,steered,2.0,1,0.5809,28.199,0.5809,0.6612,0.5809,0.31082523223870484,0.2840376754558259,0.2840376754558259,33,45,73,76,2.9998870343784683,3.081256507046695,76,82,0,1,9700,0.7782413350449294,4.5522050857543945,75,69
negsteer,design_57_seq_1,design_00_s2,design_00,steered,2.0,1,0.2542,28.29,0.2542,0.3295,0.2542,0.145178716975926,0.12447870323979636,0.12447870323979636,32,45,68,74,2.8577943352341295,3.0273155556828426,76,82,0,0,8484,0.6806803594351734,6.726943016052246,66,66
negsteer,design_57_seq_1,design_01_s1,design_01,steered,1.0,1,0.5896,28.46,0.5896,0.6718,0.5896,0.3161525392972276,0.29609072453444596,0.29609072453444596,33,45,75,76,3.054435875049391,3.081256507046695,76,82,0,1,9795,0.7858632862644416,4.488100528717041,75,70
negsteer,design_57_seq_1,design_00_s1,design_00,steered,1.0,1,0.269,28.535,0.269,0.3426,0.269,0.15406674203634457,0.14382618557230184,0.14382618557230184,33,45,71,75,2.9440693332755243,3.054435875049391,76,82,0,0,8840,0.7092426187419769,6.463166236877441,66,67
negsteer,design_57_seq_1,design_00_s0,design_00,steered,0.0,1,0.3972,30.113,0.3972,0.4838,0.3972,0.2281164836052707,0.209122237672734,0.209122237672734,33,45,74,75,3.0273155556828426,3.054435875049391,76,82,0,0,9594,0.7697368421052632,5.418644905090332,70,73
negsteer,design_57_seq_1,design_01_s0,design_01,steered,0.0,1,0.5311,32.118,0.5311,0.5983,0.5311,0.25695670833872436,0.24800195153121177,0.24800195153121177,33,52,71,76,2.9440693332755243,3.081256507046695,76,82,0,1,9086,0.7289794608472401,4.853946208953857,70,64
negsteer,design_58_seq_0,initial,initial,cold_start,,1,0.0,35.228,0.0,0.0029,0.0,0.0,0.0015908876524829284,0.0,0,22,0,4,0.5,0.5,80,82,0,0,124,0.009451219512195122,9.642365455627441,0,49
negsteer,design_58_seq_0,design_00_s2,design_00,steered,2.0,1,0.0,3.852,0.0,0.0,0.0,0.0,0.0,0.0,0,0,0,0,0.5,0.5,80,82,0,0,0,0.0,,0,0
negsteer,design_58_seq_0,design_02_s1,design_02,steered,1.0,1,0.1457,27.978,0.1457,0.1864,0.1457,0.06815951920871158,0.09632784243752589,0.06815951920871158,33,52,71,80,2.9440693332755243,3.185699940650432,80,82,0,1,8210,0.6257621951219512,8.19017505645752,70,69
negsteer,design_58_seq_0,design_01_s0,design_01,steered,0.0,1,0.0936,28.259,0.0936,0.0979,0.0936,0.010545777264633216,0.031084739262374435,0.010545777264633216,32,52,62,63,2.674944339371981,2.7064590702237057,80,82,0,0,3268,0.24908536585365854,8.711853981018066,50,63
negsteer,design_58_seq_0,design_02_s0,design_02,steered,0.0,1,0.2105,28.39,0.2105,0.2684,0.2105,0.11817849253711757,0.144974196130955,0.11817849253711757,33,52,73,80,2.9998870343784683,3.185699940650432,80,82,0,1,9854,0.7510670731707317,7.121840476989746,76,73
negsteer,design_58_seq_0,design_01_s2,design_01,steered,2.0,1,0.0661,28.414,0.0695,0.0661,0.0661,0.005170889911823906,0.0238852331659007,0.005170889911823906,32,48,54,51,2.4051021893375664,2.2943897886293367,80,82,0,0,2922,0.22271341463414634,8.870537757873535,51,66
negsteer,design_58_seq_0,design_01_s1,design_01,steered,1.0,1,0.0,7.748,0.0,0.0028,0.0,0.0,0.0008922964391275877,0.0,0,62,0,1,0.5,0.5,80,82,0,0,59,0.004496951219512195,9.726622581481934,0,28
negsteer,design_58_seq_0,design_00_s0,design_00,steered,0.0,1,0.0,18.547,0.0,0.0,0.0,0.0,0.0,0.0,0,0,0,0,0.5,0.5,80,82,0,0,0,0.0,,0,0
negsteer,design_58_seq_0,design_02_s2,design_02,steered,2.0,1,0.2042,28.302,0.2042,0.2385,0.2042,0.11715257547039074,0.12465691153334862,0.11715257547039074,32,52,81,80,3.2111376255715163,3.185699940650432,80,82,0,1,9912,0.7554878048780488,7.4749860763549805,72,78
negsteer,design_58_seq_0,design_00_s1,design_00,steered,1.0,1,0.0,28.84,0.0,0.0,0.0,0.0,0.0,0.0,0,0,0,0,0.5,0.5,80,82,0,0,0,0.0,,0,0
negsteer,design_58_seq_1,initial,initial,cold_start,,1,0.0,28.513,0.0,0.0032,0.0,0.0,0.002244270227781338,0.0,0,52,0,10,0.5,0.5,80,82,0,0,607,0.046265243902439024,9.28469467163086,0,64
negsteer,design_58_seq_1,design_00_s2,design_00,steered,2.0,1,0.0027,7.771,0.0027,0.0033,0.0027,0.00019839128071907908,0.0023391827878474097,0.00019839128071907908,77,56,1,13,0.5,0.5,80,82,0,0,719,0.05480182926829268,9.127997398376465,6,64
negsteer,design_58_seq_1,design_00_s1,design_00,steered,1.0,1,0.0595,8.52,0.0595,0.0713,0.0595,0.004278016040916555,0.020988644662926475,0.004278016040916555,75,58,51,52,2.2943897886293367,2.331955096040982,80,82,0,0,2510,0.1913109756097561,8.824896812438965,37,66
negsteer,design_58_seq_1,design_00_s0,design_00,steered,0.0,1,0.1405,11.059,0.1405,0.1968,0.1405,0.07393908447702416,0.12596049589082237,0.07393908447702416,7,52,74,80,3.0273155556828426,3.185699940650432,80,82,0,1,8969,0.6836128048780488,7.8236188888549805,71,74
negsteer,design_58_seq_1,design_01_s0,design_01,steered,0.0,1,0.0026,25.423,0.0026,0.0029,0.0026,0.0001604530931217596,0.0017364946898163819,0.0001604530931217596,37,71,2,4,0.5,0.5,80,82,0,0,156,0.011890243902439025,9.709503173828125,5,54
negsteer,design_58_seq_1,design_02_s2,design_02,steered,2.0,1,0.0027,26.857,0.0027,0.0033,0.0027,0.00022826062922831625,0.0023094773343650668,0.00022826062922831625,34,58,4,16,0.5,0.5,80,82,0,0,869,0.06623475609756098,9.156129837036133,7,64
negsteer,design_58_seq_1,design_02_s0,design_02,steered,0.0,1,0.0026,28.346,0.0026,0.003,0.0026,3.21296596666798e-05,0.0020123529787425226,3.21296596666798e-05,34,21,1,11,0.5,0.5,80,82,0,0,576,0.04390243902439024,9.435941696166992,1,59
negsteer,design_58_seq_1,design_02_s1,design_02,steered,1.0,1,0.1258,31.809,0.1258,0.175,0.1258,0.042523807621910235,0.08961576624580364,0.042523807621910235,32,52,70,80,2.9156610513441255,3.185699940650432,80,82,0,1,7190,0.5480182926829268,8.426363945007324,69,66
negsteer,design_58_seq_1,design_01_s1,design_01,steered,1.0,1,0.0,33.229,0.0,0.0,0.0,0.0,0.0,0.0,0,0,0,0,0.5,0.5,80,82,0,0,0,0.0,,0,0
negsteer,design_58_seq_1,design_01_s2,design_01,steered,2.0,1,0.0,35.379,0.0,0.0,0.0,0.0,0.0,0.0,0,0,0,0,0.5,0.5,80,82,0,0,0,0.0,,0,0
negsteer,design_59_seq_0,initial,initial,cold_start,,1,0.0356,8.874,0.0356,0.1221,0.0356,0.003494724251427933,0.04713760946718294,0.003494724251427933,69,53,38,73,1.726395055015941,2.9998870343784683,76,82,0,0,3638,0.2918806161745828,8.80856704711914,57,64
negsteer,design_59_seq_0,design_01_s0,design_01,steered,0.0,1,0.5223,9.302,0.5223,0.5931,0.5223,0.2959457907249759,0.3287042029764185,0.2959457907249759,69,45,75,76,3.054435875049391,3.081256507046695,76,82,0,1,10474,0.8403401797175867,4.527023792266846,74,75
negsteer,design_59_seq_0,design_01_s2,design_01,steered,2.0,1,0.5769,9.333,0.5769,0.6744,0.5769,0.36222353825149567,0.37382919810678267,0.36222353825149567,68,45,82,76,3.2363196445526423,3.081256507046695,76,82,1,1,11369,0.9121469833119383,4.324761390686035,75,81
negsteer,design_59_seq_0,design_01_s1,design_01,steered,1.0,1,0.5719,9.577,0.5719,0.6531,0.5719,0.33445294613116666,0.35946045763415807,0.33445294613116666,68,45,80,76,3.185699940650432,3.081256507046695,76,82,0,1,10819,0.8680198973042362,4.322627067565918,74,80
negsteer,design_59_seq_0,design_00_s1,design_00,steered,1.0,1,0.2201,29.478,0.2304,0.2201,0.2201,0.1347857985958016,0.13769042707423157,0.1347857985958016,32,52,76,76,3.081256507046695,3.081256507046695,76,82,0,1,9921,0.7959724005134788,7.0885844230651855,73,81
negsteer,design_59_seq_0,design_00_s0,design_00,steered,0.0,1,0.1867,30.228,0.1867,0.2008,0.1867,0.1055885516137718,0.1282851706605359,0.1055885516137718,33,45,75,74,3.054435875049391,3.0273155556828426,76,82,0,0,9446,0.7578626444159179,7.475822448730469,73,81
negsteer,design_59_seq_0,design_02_s1,design_02,steered,1.0,1,0.0,36.851,0.0,0.0,0.0,0.0,0.0,0.0,0,0,0,0,0.5,0.5,76,82,0,0,0,0.0,,0,0
negsteer,design_59_seq_0,design_02_s0,design_02,steered,0.0,1,0.0,33.755,0.0,0.0,0.0,0.0,0.0,0.0,0,0,0,0,0.5,0.5,76,82,0,0,0,0.0,,0,0
negsteer,design_59_seq_0,design_02_s2,design_02,steered,2.0,1,0.0,34.863,0.0,0.0,0.0,0.0,0.0,0.0,0,0,0,0,0.5,0.5,76,82,0,0,0,0.0,,0,0
negsteer,design_59_seq_0,design_00_s2,design_00,steered,2.0,1,0.0287,35.252,0.0483,0.0287,0.0287,0.01624187260657843,0.009242644902636729,0.009242644902636729,57,38,43,33,1.9653703251258212,1.4497193288190313,76,82,0,0,3350,0.26877406931964054,8.852116584777832,68,75
negsteer,design_59_seq_1,initial,initial,cold_start,0.0,1,0.2162,2.336,0.2162,0.2758,0.2162,0.1398399802182164,0.15565983523762353,0.1398399802182164,69,52,75,76,3.054435875049391,3.081256507046695,76,82,0,1,10096,0.810012836970475,6.853155136108398,74,77
negsteer,design_59_seq_1,initial_s1,initial,cold_start,1.0,1,0.1575,2.256,0.1575,0.2114,0.1575,0.10014282978188835,0.11291694728566742,0.10014282978188835,69,52,75,76,3.054435875049391,3.081256507046695,76,82,0,1,9356,0.7506418485237484,7.819085121154785,70,75
negsteer,design_59_seq_1,initial_s2,initial,cold_start,2.0,1,0.1267,3.03,0.1267,0.1589,0.1267,0.0620212544423626,0.08137931645473057,0.0620212544423626,69,53,71,76,2.9440693332755243,3.081256507046695,76,82,0,1,7659,0.61448973042362,8.470820426940918,68,69
negsteer,design_5_seq_0,initial,initial,cold_start,0.0,1,0.1888,3.299,0.1888,0.2274,0.1888,0.09304554073458325,0.12091231018179892,0.09304554073458325,72,52,73,79,2.9998870343784683,3.1599999999999993,79,82,0,1,9006,0.6951219512195121,7.609996795654297,73,69
negsteer,design_5_seq_0,initial_s2,initial,cold_start,2.0,1,0.2032,2.57,0.2032,0.2394,0.2032,0.09888124219554512,0.12631598501977306,0.09888124219554512,72,52,73,79,2.9998870343784683,3.1599999999999993,79,82,0,1,9095,0.7019913553565915,7.4737749099731445,73,70
negsteer,design_5_seq_0,initial_s1,initial,cold_start,1.0,1,0.1992,3.597,0.1992,0.2455,0.1992,0.10658464286936141,0.134401806022563,0.10658464286936141,72,52,74,79,3.0273155556828426,3.1599999999999993,79,82,0,1,9605,0.7413553565915406,7.389481544494629,73,74
negsteer,design_5_seq_1,initial,initial,cold_start,0.0,1,0.5765,5.892,0.5765,0.6341,0.5765,0.3476398005474453,0.36949516621293366,0.3476398005474453,70,52,81,79,3.2111376255715163,3.1599999999999993,79,82,0,1,11649,0.8991200987959247,4.389710426330566,79,80
negsteer,design_5_seq_1,initial_s1,initial,cold_start,1.0,1,0.5141,2.376,0.5141,0.589,0.5141,0.30960071391626437,0.31514527868456776,0.30960071391626437,72,52,82,79,3.2363196445526423,3.1599999999999993,79,82,1,1,11441,0.8830657610373572,4.774131774902344,79,80
negsteer,design_5_seq_1,initial_s2,initial,cold_start,2.0,1,0.6334,2.194,0.6334,0.6995,0.6334,0.3933679165695853,0.40807474143916694,0.3933679165695853,70,52,82,79,3.2363196445526423,3.1599999999999993,79,82,1,1,12205,0.9420345785736338,4.220630168914795,79,81
negsteer,design_60_seq_0,initial,initial,cold_start,,1,0.1084,25.379,0.1084,0.1202,0.1084,0.06079738571716007,0.06492057811786853,0.06079738571716007,5,24,63,76,2.7064590702237057,3.081256507046695,80,82,0,0,7315,0.557545731707317,8.59656810760498,74,63
negsteer,design_60_seq_0,design_00_s2,design_00,steered,2.0,1,0.3154,28.719,0.3154,0.3796,0.3154,0.18276501193759032,0.17848233631584884,0.17848233631584884,33,52,72,80,2.9721414027832376,3.185699940650432,80,82,0,1,10125,0.7717225609756098,6.098453044891357,78,73
negsteer,design_60_seq_0,design_00_s0,design_00,steered,0.0,1,0.3323,28.849,0.3323,0.397,0.3323,0.18481746436737012,0.18294174288592596,0.18294174288592596,33,52,72,80,2.9721414027832376,3.185699940650432,80,82,0,1,10046,0.7657012195121952,6.025477409362793,78,72
negsteer,design_60_seq_0,design_02_s1,design_02,steered,1.0,1,0.5022,28.901,0.5022,0.5897,0.5022,0.291645433800295,0.3129778506046888,0.291645433800295,33,45,75,80,3.054435875049391,3.185699940650432,80,82,0,1,11163,0.8508384146341463,4.756545066833496,80,76
negsteer,design_60_seq_0,design_02_s0,design_02,steered,0.0,1,0.3564,28.994,0.3564,0.4091,0.3564,0.17279274171742146,0.22518131486140192,0.17279274171742146,33,52,73,80,2.9998870343784683,3.185699940650432,80,82,0,1,10162,0.7745426829268293,5.808468818664551,77,73
negsteer,design_60_seq_0,design_00_s1,design_00,steered,1.0,1,0.4466,29.014,0.4466,0.4959,0.4466,0.26289705648378003,0.25353385889107677,0.25353385889107677,33,52,81,80,3.2111376255715163,3.185699940650432,80,82,0,1,11368,0.8664634146341463,5.3563947677612305,79,81
negsteer,design_60_seq_0,design_02_s2,design_02,steered,2.0,1,0.4651,29.015,0.4651,0.5233,0.4651,0.23765190814447124,0.28992730679796874,0.23765190814447124,33,45,78,80,3.1340309377915263,3.185699940650432,80,82,0,1,10987,0.8374237804878049,5.172513008117676,79,80
negsteer,design_60_seq_0,design_01_s2,design_01,steered,2.0,1,0.1238,29.079,0.1238,0.1409,0.1238,0.05113714542530943,0.06592335990664162,0.05113714542530943,33,52,70,79,2.9156610513441255,3.1599999999999993,80,82,0,0,6932,0.5283536585365853,8.669211387634277,75,64
negsteer,design_60_seq_0,design_01_s0,design_01,steered,0.0,1,0.1624,29.237,0.1624,0.1846,0.1624,0.07374550292734057,0.10731244692578912,0.07374550292734057,32,52,71,80,2.9440693332755243,3.185699940650432,80,82,0,1,8388,0.6393292682926829,7.845713138580322,75,68
negsteer,design_60_seq_0,design_01_s1,design_01,steered,1.0,1,0.1085,29.298,0.1085,0.1288,0.1085,0.03989757013623603,0.058501495031367354,0.03989757013623603,47,52,68,77,2.8577943352341295,3.107785596003703,80,82,0,0,6092,0.46432926829268295,8.785075187683105,65,63
negsteer,design_60_seq_1,initial,initial,cold_start,,1,0.5042,29.513,0.5042,0.5751,0.5042,0.26090332624444273,0.3130106572004989,0.26090332624444273,33,45,75,80,3.054435875049391,3.185699940650432,80,82,0,1,10941,0.8339176829268292,4.872508525848389,79,78
negsteer,design_60_seq_1,design_00_s2,design_00,steered,2.0,1,0.0,6.191,0.0,0.0,0.0,0.0,0.0,0.0,0,0,0,0,0.5,0.5,80,82,0,0,0,0.0,,0,0
negsteer,design_60_seq_1,design_01_s1,design_01,steered,1.0,1,0.0031,6.533,0.0031,0.1087,0.0031,0.0018988699244800954,0.047769604066227815,0.0018988699244800954,8,22,12,64,0.5,2.7375390804284843,80,82,0,0,3351,0.2554115853658537,8.46103572845459,54,76
negsteer,design_60_seq_1,design_01_s0,design_01,steered,0.0,1,0.0,8.298,0.0,0.0034,0.0,0.0,0.002363834444933185,0.0,0,22,0,16,0.5,0.5,80,82,0,0,712,0.05426829268292683,9.011934280395508,0,63
negsteer,design_60_seq_1,design_02_s1,design_02,steered,1.0,1,0.214,27.981,0.2147,0.214,0.214,0.10390548158902675,0.11452692123584268,0.10390548158902675,33,45,70,80,2.9156610513441255,3.185699940650432,80,82,0,1,9042,0.6891768292682927,7.517791271209717,74,66
negsteer,design_60_seq_1,design_02_s2,design_02,steered,2.0,1,0.1974,28.467,0.1974,0.1995,0.1974,0.10745940386841539,0.11019818361269355,0.10745940386841539,33,52,72,80,2.9721414027832376,3.185699940650432,80,82,0,1,9320,0.7103658536585366,7.629953861236572,73,71
negsteer,design_60_seq_1,design_02_s0,design_02,steered,0.0,1,0.2375,28.499,0.2375,0.2383,0.2375,0.12016870415245648,0.13102530153956626,0.12016870415245648,33,52,71,80,2.9440693332755243,3.185699940650432,80,82,0,1,9428,0.7185975609756098,7.153073787689209,73,69
negsteer,design_60_seq_1,design_00_s1,design_00,steered,1.0,1,0.0025,28.823,0.0025,0.0025,0.0025,3.1662234687246385e-05,3.088522906892183e-05,3.088522906892183e-05,34,53,1,1,0.5,0.5,80,82,0,0,2,0.0001524390243902439,9.922481536865234,1,1
negsteer,design_60_seq_1,design_01_s2,design_01,steered,2.0,1,0.0,4.539,0.0,0.0029,0.0,0.0,0.00186501319588321,0.0,0,56,0,4,0.5,0.5,80,82,0,0,170,0.012957317073170731,9.543376922607422,0,56
negsteer,design_60_seq_1,design_00_s0,design_00,steered,0.0,1,0.0,21.401,0.0,0.0,0.0,0.0,0.0,0.0,0,0,0,0,0.5,0.5,80,82,0,0,0,0.0,,0,0
negsteer,design_61_seq_0,initial,initial,cold_start,,1,0.0409,27.654,0.0515,0.0409,0.0409,0.013330952062027617,0.0066104519135523135,0.0066104519135523135,7,54,44,41,2.00967286385045,1.873495124825139,84,82,0,0,3098,0.22488385598141697,9.157068252563477,73,61
negsteer,design_61_seq_0,design_00_s2,design_00,steered,2.0,1,0.0,17.328,0.0,0.0027,0.0,0.0,0.00012852255504850935,0.0,0,36,0,1,0.5,0.5,84,82,0,0,4,0.00029036004645760743,9.729137420654297,0,4
negsteer,design_61_seq_0,design_00_s0,design_00,steered,0.0,1,0.0,18.028,0.0,0.003,0.0,0.0,0.0018072059809616425,0.0,0,37,0,1,0.5,0.5,84,82,0,0,137,0.009944831591173054,9.633257865905762,0,55
negsteer,design_61_seq_0,design_02_s0,design_02,steered,0.0,1,0.0,18.159,0.0,0.0029,0.0,0.0,0.0016845146693834445,0.0,0,62,0,1,0.5,0.5,84,82,0,0,135,0.00979965156794425,9.686931610107422,0,52
negsteer,design_61_seq_0,design_01_s2,design_01,steered,2.0,1,0.0,18.268,0.0,0.0,0.0,0.0,0.0,0.0,0,0,0,0,0.5,0.5,84,82,0,0,0,0.0,,0,0
negsteer,design_61_seq_0,design_02_s2,design_02,steered,2.0,1,0.0,18.636,0.0,0.0,0.0,0.0,0.0,0.0,0,0,0,0,0.5,0.5,84,82,0,0,0,0.0,,0,0
negsteer,design_61_seq_0,design_01_s1,design_01,steered,1.0,1,0.0,21.248,0.0,0.0026,0.0,0.0,3.137426144193585e-05,0.0,0,22,0,1,0.5,0.5,84,82,0,0,1,7.259001161440186e-05,9.845027923583984,0,1
negsteer,design_61_seq_0,design_02_s1,design_02,steered,1.0,1,0.0026,25.947,0.0026,0.0031,0.0026,6.063740944401139e-05,0.002097253903474023,6.063740944401139e-05,38,22,1,15,0.5,0.5,84,82,0,0,438,0.031794425087108016,9.38332462310791,2,61
negsteer,design_61_seq_0,design_01_s0,design_01,steered,0.0,1,0.0296,38.464,0.0296,0.0853,0.0296,0.003039426278389458,0.04147262003261414,0.003039426278389458,67,22,36,56,1.6210659787125892,2.4757893780745857,84,82,0,0,3523,0.25573461091753774,8.683934211730957,54,74
negsteer,design_61_seq_0,design_00_s1,design_00,steered,1.0,1,0.0,24.195,0.0,0.0,0.0,0.0,0.0,0.0,0,0,0,0,0.5,0.5,84,82,0,0,0,0.0,,0,0
negsteer,design_61_seq_1,initial,initial,cold_start,,1,0.0,22.179,0.0,0.0,0.0,0.0,0.0,0.0,0,0,0,0,0.5,0.5,84,82,0,0,0,0.0,,0,0
negsteer,design_61_seq_1,design_01_s0,design_01,steered,0.0,1,0.2603,2.918,0.2603,0.3175,0.2603,0.14921015604410232,0.18216068181493206,0.14921015604410232,77,52,80,84,3.185699940650432,3.2859417528309107,84,82,0,1,11092,0.8051684088269454,6.5989861488342285,77,78
negsteer,design_61_seq_1,design_00_s1,design_00,steered,1.0,1,0.3773,3.385,0.3773,0.402,0.3773,0.15630670693714083,0.22148919914474302,0.15630670693714083,77,52,82,84,3.2363196445526423,3.2859417528309107,84,82,1,1,11070,0.8035714285714286,6.269566059112549,78,81
negsteer,design_61_seq_1,design_00_s0,design_00,steered,0.0,1,0.4875,5.101,0.4875,0.5214,0.4875,0.23744864690594286,0.3098067824342629,0.23744864690594286,77,52,82,84,3.2363196445526423,3.2859417528309107,84,82,1,1,12582,0.9133275261324042,5.483371734619141,81,81
negsteer,design_61_seq_1,design_00_s2,design_00,steered,2.0,1,0.41,5.139,0.41,0.4254,0.41,0.17384135631090475,0.23409663208351447,0.17384135631090475,77,52,82,84,3.2363196445526423,3.2859417528309107,84,82,1,1,11236,0.8156213704994193,6.055281162261963,79,81
negsteer,design_61_seq_1,design_02_s2,design_02,steered,2.0,1,0.0,18.528,0.0,0.0,0.0,0.0,0.0,0.0,0,0,0,0,0.5,0.5,84,82,0,0,0,0.0,,0,0
negsteer,design_61_seq_1,design_02_s1,design_02,steered,1.0,1,0.0,34.603,0.0,0.0,0.0,0.0,0.0,0.0,0,0,0,0,0.5,0.5,84,82,0,0,0,0.0,,0,0
negsteer,design_61_seq_1,design_01_s2,design_01,steered,2.0,1,0.0,34.683,0.0,0.0,0.0,0.0,0.0,0.0,0,0,0,0,0.5,0.5,84,82,0,0,0,0.0,,0,0
negsteer,design_61_seq_1,design_02_s0,design_02,steered,0.0,1,0.0,35.74,0.0,0.0029,0.0,0.0,0.0007037310917839045,0.0,0,21,0,1,0.5,0.5,84,82,0,0,27,0.00195993031358885,9.734482765197754,0,22
negsteer,design_61_seq_1,design_01_s1,design_01,steered,1.0,1,0.0028,35.863,0.0028,0.07,0.0028,0.001749747903973219,0.02645135198140562,0.001749747903973219,71,58,9,53,0.5,2.368849504430714,84,82,0,0,2698,0.19584785133565621,9.048135757446289,55,68
negsteer,design_62_seq_0,initial,initial,cold_start,,1,0.1435,28.693,0.1435,0.1812,0.1435,0.0767539468162307,0.1108459667331062,0.0767539468162307,48,45,74,82,3.0273155556828426,3.2363196445526423,82,82,0,1,9181,0.682703747769185,8.068662643432617,78,74
negsteer,design_62_seq_0,design_01_s0,design_01,steered,0.0,1,0.0,11.357,0.0,0.0,0.0,0.0,0.0,0.0,0,0,0,0,0.5,0.5,82,82,0,0,0,0.0,,0,0
negsteer,design_62_seq_0,design_01_s1,design_01,steered,1.0,1,0.0032,17.116,0.0032,0.0761,0.0032,0.00191217445961495,0.02607330085039593,0.00191217445961495,11,52,4,54,0.5,2.4051021893375664,82,82,0,0,2610,0.19408090422367638,8.779065132141113,55,72
negsteer,design_62_seq_0,design_00_s2,design_00,steered,2.0,1,0.0,27.711,0.0,0.0,0.0,0.0,0.0,0.0,0,0,0,0,0.5,0.5,82,82,0,0,0,0.0,,0,0
negsteer,design_62_seq_0,design_00_s1,design_00,steered,1.0,1,0.0029,16.327,0.0032,0.0029,0.0029,0.0009741065257069905,0.0018208229278282421,0.0009741065257069905,62,12,1,5,0.5,0.5,82,82,0,0,217,0.016136228435455088,9.610540390014648,29,56
negsteer,design_62_seq_0,design_02_s1,design_02,steered,1.0,1,0.0032,17.853,0.0032,0.0393,0.0032,0.0010132552039377938,0.008992132691030458,0.0010132552039377938,41,58,2,38,0.5,1.726395055015941,82,82,0,0,1765,0.13124628197501487,8.941011428833008,31,74
negsteer,design_62_seq_0,design_00_s0,design_00,steered,0.0,1,0.0,18.086,0.0,0.0028,0.0,0.0,3.382215196857365e-05,0.0,0,3,0,2,0.5,0.5,82,82,0,0,2,0.000148720999405116,9.483895301818848,0,1
negsteer,design_62_seq_0,design_02_s0,design_02,steered,0.0,1,0.0,18.46,0.0,0.0033,0.0,0.0,0.002199293548672846,0.0,0,73,0,1,0.5,0.5,82,82,0,0,159,0.011823319452706722,9.477222442626953,0,64
negsteer,design_62_seq_0,design_01_s2,design_01,steered,2.0,1,0.1043,20.313,0.1043,0.1609,0.1043,0.029802110185278806,0.12352589782179765,0.029802110185278806,48,39,69,80,2.886906305608928,3.185699940650432,82,82,0,0,8185,0.6086406900654372,8.21855354309082,78,82
negsteer,design_62_seq_0,design_02_s2,design_02,steered,2.0,1,0.0,21.023,0.0,0.0,0.0,0.0,0.0,0.0,0,0,0,0,0.5,0.5,82,82,0,0,0,0.0,,0,0
negsteer,design_62_seq_1,initial,initial,cold_start,,1,0.0,27.18,0.0,0.0029,0.0,0.0,0.0002012408151086874,0.0,0,4,0,8,0.5,0.5,82,82,0,0,34,0.002528256989886972,9.467642784118652,0,6
negsteer,design_62_seq_1,design_00_s0,design_00,steered,0.0,1,0.1652,11.83,0.1652,0.205,0.1652,0.061765320582042746,0.13313211780041456,0.061765320582042746,76,58,71,82,2.9440693332755243,3.2363196445526423,82,82,0,1,8473,0.6300565139797739,7.609665393829346,74,74
negsteer,design_62_seq_1,design_01_s1,design_01,steered,1.0,1,0.0273,16.409,0.0273,0.0909,0.0273,0.0033165692726559027,0.03967218418185395,0.0033165692726559027,7,22,33,58,1.4497193288190313,2.5442135948795377,82,82,0,0,3619,0.2691106484235574,8.613116264343262,70,72
negsteer,design_62_seq_1,design_01_s2,design_01,steered,2.0,1,0.0717,18.205,0.0717,0.125,0.0717,0.015241240622566604,0.06981767280447501,0.015241240622566604,7,52,52,68,2.331955096040982,2.8577943352341295,82,82,0,0,5404,0.40184414039262345,8.548859596252441,71,72
negsteer,design_62_seq_1,design_00_s2,design_00,steered,2.0,1,0.0027,21.788,0.0027,0.003,0.0027,0.00012610982478846136,0.001991340447580669,0.00012610982478846136,8,77,1,9,0.5,0.5,82,82,0,0,347,0.025803093396787626,9.385668754577637,4,58
negsteer,design_62_seq_1,design_02_s1,design_02,steered,1.0,1,0.0,27.494,0.0,0.0,0.0,0.0,0.0,0.0,0,0,0,0,0.5,0.5,82,82,0,0,0,0.0,,0,0
negsteer,design_62_seq_1,design_00_s1,design_00,steered,1.0,1,0.0,12.229,0.0,0.0,0.0,0.0,0.0,0.0,0,0,0,0,0.5,0.5,82,82,0,0,0,0.0,,0,0
negsteer,design_62_seq_1,design_01_s0,design_01,steered,0.0,1,0.0029,20.949,0.0032,0.0029,0.0029,0.0013703616142908975,0.0020851426894163212,0.0013703616142908975,50,20,1,3,0.5,0.5,82,82,0,0,263,0.019556811421772756,9.479796409606934,39,62
negsteer,design_62_seq_1,design_02_s2,design_02,steered,2.0,1,0.0,21.211,0.0,0.0,0.0,0.0,0.0,0.0,0,0,0,0,0.5,0.5,82,82,0,0,0,0.0,,0,0
negsteer,design_62_seq_1,design_02_s0,design_02,steered,0.0,1,0.1277,28.73,0.1277,0.1737,0.1277,0.08378466795675638,0.1253469134340199,0.08378466795675638,59,58,76,76,3.081256507046695,3.081256507046695,82,82,0,0,9968,0.7412254610350981,8.05305290222168,79,81
negsteer,design_63_seq_0,initial,initial,cold_start,,1,0.0027,33.412,0.0027,0.0355,0.0027,0.0006106359681947843,0.002759314954235423,0.0006106359681947843,43,52,4,38,0.5,1.726395055015941,76,82,0,0,843,0.06763478818998717,9.317389488220215,18,60
negsteer,design_63_seq_0,design_00_s0,design_00,steered,0.0,1,0.0,5.278,0.0,0.0026,0.0,0.0,6.214925371928186e-05,0.0,0,21,0,1,0.5,0.5,76,82,0,0,2,0.00016046213093709883,9.893311500549316,0,2
negsteer,design_63_seq_0,design_00_s1,design_00,steered,1.0,1,0.0,5.605,0.0,0.0025,0.0,0.0,3.0759781621759986e-05,0.0,0,53,0,1,0.5,0.5,76,82,0,0,1,8.023106546854942e-05,9.94312858581543,0,1
negsteer,design_63_seq_0,design_02_s0,design_02,steered,0.0,1,0.0,5.694,0.0,0.0,0.0,0.0,0.0,0.0,0,0,0,0,0.5,0.5,76,82,0,0,0,0.0,,0,0
negsteer,design_63_seq_0,design_00_s2,design_00,steered,2.0,1,0.0,6.437,0.0,0.0,0.0,0.0,0.0,0.0,0,0,0,0,0.5,0.5,76,82,0,0,0,0.0,,0,0
negsteer,design_63_seq_0,design_02_s2,design_02,steered,2.0,1,0.0028,14.193,0.0028,0.0278,0.0028,0.0003803580735908135,0.003797905704165559,0.0003803580735908135,69,53,2,34,0.5,1.5088180444152115,76,82,0,0,1168,0.09370988446726572,9.0382719039917,11,64
negsteer,design_63_seq_0,design_01_s1,design_01,steered,1.0,1,0.0899,29.725,0.0899,0.1225,0.0899,0.01779235958268768,0.04023055134272975,0.01779235958268768,33,52,61,70,2.6429793600597735,2.9156610513441255,76,82,0,0,4255,0.3413831835686778,8.88176441192627,52,62
negsteer,design_63_seq_0,design_01_s0,design_01,steered,0.0,1,0.1597,29.743,0.1597,0.1964,0.1597,0.0685730525384363,0.09543313644826412,0.0685730525384363,33,52,71,75,2.9440693332755243,3.054435875049391,76,82,0,0,7473,0.5995667522464698,7.911062240600586,63,67
negsteer,design_63_seq_0,design_01_s2,design_01,steered,2.0,1,0.0614,30.066,0.0614,0.0968,0.0614,0.005538456270618266,0.013178243599945634,0.005538456270618266,33,52,51,66,2.2943897886293367,2.798452913890075,76,82,0,0,2238,0.1795571245186136,9.101988792419434,47,61
negsteer,design_63_seq_0,design_02_s1,design_02,steered,1.0,1,0.0795,33.216,0.0795,0.1068,0.0795,0.0068640086468995404,0.03601870096072827,0.0068640086468995404,32,52,57,66,2.5102730396591975,2.798452913890075,76,82,0,0,3154,0.2530487804878049,8.748273849487305,43,62
negsteer,design_63_seq_1,initial,initial,cold_start,,1,0.3016,30.682,0.3061,0.3016,0.3016,0.16648115384037068,0.18295936614115973,0.16648115384037068,33,53,78,76,3.1340309377915263,3.081256507046695,76,82,0,1,10488,0.8414634146341463,6.406941890716553,75,80
negsteer,design_63_seq_1,design_02_s2,design_02,steered,2.0,1,0.0958,28.188,0.0958,0.1141,0.0958,0.02919900224936244,0.03901710646885743,0.02919900224936244,33,46,63,72,2.7064590702237057,2.9721414027832376,76,82,0,0,4861,0.3900032092426187,8.915159225463867,60,64
negsteer,design_63_seq_1,design_02_s0,design_02,steered,0.0,1,0.1344,28.205,0.1344,0.1367,0.1344,0.06510324498307646,0.06591936341123428,0.06510324498307646,33,52,68,71,2.8577943352341295,2.9440693332755243,76,82,0,0,6966,0.5588896020539152,8.376483917236328,66,64
negsteer,design_63_seq_1,design_02_s1,design_02,steered,1.0,1,0.0739,28.36,0.0739,0.0797,0.0739,0.015196926514985725,0.01913033957343276,0.015196926514985725,33,53,55,58,2.440740347758208,2.5442135948795377,76,82,0,0,3393,0.27222400513478817,9.069939613342285,51,63
negsteer,design_63_seq_1,design_01_s0,design_01,steered,0.0,1,0.1781,21.579,0.2429,0.1781,0.1781,0.04432486832803605,0.10666457396966018,0.04432486832803605,16,36,73,71,2.9998870343784683,2.9440693332755243,76,82,0,0,5979,0.479701540436457,7.404629707336426,47,81
negsteer,design_63_seq_1,design_00_s2,design_00,steered,2.0,1,0.0474,22.698,0.0474,0.0538,0.0474,0.0021415519233989088,0.025123904314369144,0.0021415519233989088,16,22,44,42,2.00967286385045,1.9199999999999997,76,82,0,0,2465,0.19776957637997433,8.567240715026855,19,75
negsteer,design_63_seq_1,design_01_s2,design_01,steered,2.0,1,0.0452,26.401,0.1285,0.0452,0.0452,0.009254380175231123,0.008275231726967343,0.008275231726967343,16,22,65,35,2.768199058314079,1.565877844577684,76,82,0,0,2048,0.1643132220795892,7.911759853363037,22,67
negsteer,design_63_seq_1,design_01_s1,design_01,steered,1.0,1,0.0042,26.718,0.0301,0.0042,0.0042,0.0011452725831125128,0.0028237022612834484,0.0011452725831125128,16,61,35,16,1.565877844577684,0.5,76,82,0,0,1054,0.08456354300385109,8.486279487609863,18,64
negsteer,design_63_seq_1,design_00_s0,design_00,steered,0.0,1,0.0,29.418,0.0,0.0028,0.0,0.0,0.0006072416663079,0.0,0,25,0,1,0.5,0.5,76,82,0,0,27,0.0021662387676508344,9.733671188354492,0,19
negsteer,design_63_seq_1,design_00_s1,design_00,steered,1.0,1,0.0044,35.477,0.0942,0.0044,0.0044,0.004276478172917115,0.003038342812143993,0.003038342812143993,16,62,60,16,2.610547697567678,0.5,76,82,0,0,1279,0.1026155327342747,8.298449516296387,12,65
negsteer,design_6_seq_0,initial,initial,cold_start,0.0,1,0.6335,2.11,0.6335,0.6713,0.6335,0.4069116283644689,0.4450018387742159,0.4069116283644689,72,52,82,80,3.2363196445526423,3.185699940650432,80,82,1,1,12860,0.9801829268292683,3.9979746341705322,80,81
negsteer,design_6_seq_0,initial_s1,initial,cold_start,1.0,1,0.3868,2.891,0.3868,0.4421,0.3868,0.22320246581220998,0.25888062292062564,0.22320246581220998,73,52,81,80,3.2111376255715163,3.185699940650432,80,82,0,1,11692,0.8911585365853658,5.627906799316406,80,80
negsteer,design_6_seq_0,initial_s2,initial,cold_start,2.0,1,0.5307,2.61,0.5307,0.5902,0.5307,0.3073868866486009,0.3631656469277492,0.3073868866486009,72,52,82,80,3.2363196445526423,3.185699940650432,80,82,1,1,12643,0.9636432926829268,4.844038963317871,80,81
negsteer,design_6_seq_1,initial,initial,cold_start,0.0,1,0.7915,3.827,0.7915,0.7928,0.7915,0.519761920592282,0.5532969174134296,0.519761920592282,6,45,82,80,3.2363196445526423,3.185699940650432,80,82,1,1,12830,0.9778963414634146,3.195188045501709,80,81
negsteer,design_6_seq_1,initial_s2,initial,cold_start,2.0,1,0.8111,3.853,0.8147,0.8111,0.8111,0.5400119106547209,0.5714264250383144,0.5400119106547209,6,45,82,80,3.2363196445526423,3.185699940650432,80,82,1,1,12899,0.983155487804878,3.0859878063201904,80,81
negsteer,design_6_seq_1,initial_s1,initial,cold_start,1.0,1,0.694,4.985,0.694,0.7092,0.694,0.41552620493457654,0.4476537854416387,0.41552620493457654,71,45,82,80,3.2363196445526423,3.185699940650432,80,82,1,1,12623,0.9621189024390244,4.011453628540039,80,81
negsteer,design_7_seq_0,initial,initial,cold_start,,1,0.0778,26.817,0.0778,0.122,0.0778,0.004817425622604787,0.053756650278867196,0.004817425622604787,33,45,57,69,2.5102730396591975,2.886906305608928,78,82,0,0,3480,0.27204502814258913,8.412467956542969,46,66
negsteer,design_7_seq_0,design_01_s0,design_01,steered,0.0,1,0.0,1.272,0.0,0.0033,0.0,0.0,0.002290776368548594,0.0,0,53,0,11,0.5,0.5,78,82,0,0,594,0.04643527204502814,9.012216567993164,0,61
negsteer,design_7_seq_0,design_01_s1,design_01,steered,1.0,1,0.0025,2.294,0.0026,0.0025,0.0025,3.337572949628035e-05,3.052143970640694e-05,3.052143970640694e-05,77,45,2,1,0.5,0.5,78,82,0,0,3,0.00023452157598499062,9.852176666259766,1,1
negsteer,design_7_seq_0,design_00_s0,design_00,steered,0.0,1,0.4934,5.848,0.4934,0.5359,0.4934,0.23571297732623628,0.3139155570008769,0.23571297732623628,71,45,82,78,3.2363196445526423,3.1340309377915263,78,82,1,1,11081,0.8662445278298937,5.199138164520264,76,81
negsteer,design_7_seq_0,design_00_s2,design_00,steered,2.0,1,0.5635,6.463,0.5635,0.6112,0.5635,0.2862390940501474,0.3582328284931619,0.2862390940501474,71,45,82,78,3.2363196445526423,3.1340309377915263,78,82,1,1,11211,0.8764071294559099,4.731381416320801,76,81
negsteer,design_7_seq_0,design_01_s2,design_01,steered,2.0,1,0.0257,7.807,0.0257,0.0354,0.0257,0.0014694701933946747,0.008200003958602504,0.0014694701933946747,76,58,34,36,1.5088180444152115,1.6210659787125892,78,82,0,0,1679,0.13125390869293307,8.882230758666992,29,70
negsteer,design_7_seq_0,design_02_s2,design_02,steered,2.0,1,0.0,35.124,0.0,0.003,0.0,0.0,0.0019996729792981613,0.0,0,59,0,5,0.5,0.5,78,82,0,0,431,0.03369293308317699,9.422591209411621,0,58
negsteer,design_7_seq_0,design_02_s1,design_02,steered,1.0,1,0.0,37.356,0.0,0.0,0.0,0.0,0.0,0.0,0,0,0,0,0.5,0.5,78,82,0,0,0,0.0,,0,0
negsteer,design_7_seq_0,design_00_s1,design_00,steered,1.0,1,0.5528,4.714,0.5528,0.5847,0.5528,0.26873728675314057,0.34982432530079854,0.26873728675314057,71,45,82,78,3.2363196445526423,3.1340309377915263,78,82,1,1,11516,0.9002501563477173,4.9448442459106445,76,81
negsteer,design_7_seq_0,design_02_s0,design_02,steered,0.0,1,0.0,28.088,0.0,0.0,0.0,0.0,0.0,0.0,0,0,0,0,0.5,0.5,78,82,0,0,0,0.0,,0,0
negsteer,design_7_seq_1,initial,initial,cold_start,,1,0.0025,35.379,0.0025,0.0081,0.0025,3.2132273563780844e-05,0.003088633620702639,3.2132273563780844e-05,18,40,1,24,0.5,0.7793039405843609,78,82,0,0,1181,0.09232332707942464,8.995691299438477,1,74
negsteer,design_7_seq_1,design_00_s0,design_00,steered,0.0,1,0.0,4.025,0.0,0.0,0.0,0.0,0.0,0.0,0,0,0,0,0.5,0.5,78,82,0,0,0,0.0,,0,0
negsteer,design_7_seq_1,design_02_s1,design_02,steered,1.0,1,0.0,3.092,0.0,0.0,0.0,0.0,0.0,0.0,0,0,0,0,0.5,0.5,78,82,0,0,0,0.0,,0,0
negsteer,design_7_seq_1,design_02_s2,design_02,steered,2.0,1,0.0027,4.307,0.0027,0.0028,0.0027,6.849064420049007e-05,0.000540736540243393,6.849064420049007e-05,77,56,10,3,0.5,0.5,78,82,0,0,59,0.0046122576610381485,9.710844039916992,2,17
negsteer,design_7_seq_1,design_01_s0,design_01,steered,0.0,1,0.1552,6.714,0.1552,0.2187,0.1552,0.0884594255580734,0.16326382173020848,0.0884594255580734,76,58,73,77,2.9998870343784683,3.107785596003703,78,82,0,0,10080,0.7879924953095685,7.486067771911621,77,81
negsteer,design_7_seq_1,design_01_s1,design_01,steered,1.0,1,0.0,7.818,0.0,0.0033,0.0,0.0,0.002064882999104334,0.0,0,56,0,7,0.5,0.5,78,82,0,0,319,0.02493746091307067,9.227005958557129,0,58
negsteer,design_7_seq_1,design_00_s1,design_00,steered,1.0,1,0.0029,9.093,0.003,0.0029,0.0029,7.505919963407975e-05,0.0012867685475545685,7.505919963407975e-05,77,56,14,7,0.5,0.5,78,82,0,0,152,0.011882426516572859,9.606820106506348,2,40
negsteer,design_7_seq_1,design_02_s0,design_02,steered,0.0,1,0.0025,10.383,0.0028,0.0025,0.0025,6.79395758570769e-05,3.065079984414141e-05,3.065079984414141e-05,77,62,10,1,0.5,0.5,78,82,0,0,12,0.0009380863039399625,9.581377983093262,2,1
negsteer,design_7_seq_1,design_00_s2,design_00,steered,2.0,1,0.0,27.177,0.0,0.0029,0.0,0.0,0.0010826279460338921,0.0,0,60,0,1,0.5,0.5,78,82,0,0,40,0.0031269543464665416,9.629526138305664,0,33
negsteer,design_7_seq_1,design_01_s2,design_01,steered,2.0,1,0.0,33.142,0.0,0.0031,0.0,0.0,0.0019949380103953,0.0,0,54,0,12,0.5,0.5,78,82,0,0,502,0.0392432770481551,9.370412826538086,0,58
negsteer,design_8_seq_0,initial,initial,cold_start,,1,0.1356,27.935,0.1356,0.1655,0.1356,0.06168578420347797,0.08427138684215252,0.06168578420347797,33,52,69,78,2.886906305608928,3.1340309377915263,78,82,0,1,7533,0.5888836772983115,8.350726127624512,67,70
negsteer,design_8_seq_0,design_00_s1,design_00,steered,1.0,1,0.5787,2.914,0.5787,0.6245,0.5787,0.32727147271940243,0.35685539461683663,0.32727147271940243,69,52,82,78,3.2363196445526423,3.1340309377915263,78,82,1,1,11798,0.9222951844903065,4.667897701263428,76,81
negsteer,design_8_seq_0,design_01_s0,design_01,steered,0.0,1,0.0536,2.511,0.0779,0.0536,0.0536,0.002134904763900126,0.024104736501169278,0.002134904763900126,76,53,52,42,2.331955096040982,1.9199999999999997,78,82,0,0,2238,0.174953095684803,8.454541206359863,13,61
negsteer,design_8_seq_0,design_02_s2,design_02,steered,2.0,1,0.2053,2.691,0.2053,0.2759,0.2053,0.09922748300223014,0.1650630331160955,0.09922748300223014,7,55,73,78,2.9998870343784683,3.1340309377915263,78,82,0,1,9133,0.7139618511569731,6.927825927734375,75,73
negsteer,design_8_seq_0,design_00_s0,design_00,steered,0.0,1,0.5893,3.01,0.5893,0.6272,0.5893,0.322161487945451,0.34118288816463926,0.322161487945451,69,52,82,78,3.2363196445526423,3.1340309377915263,78,82,1,1,11258,0.8800813008130082,4.611793518066406,76,80
negsteer,design_8_seq_0,design_02_s0,design_02,steered,0.0,1,0.1866,3.983,0.1866,0.2431,0.1866,0.09551919245411856,0.1446782389099187,0.09551919245411856,69,53,71,78,2.9440693332755243,3.1340309377915263,78,82,0,1,8988,0.702626641651032,7.214563846588135,75,72
negsteer,design_8_seq_0,design_02_s1,design_02,steered,1.0,1,0.1418,4.603,0.1418,0.1972,0.1418,0.06927046671999285,0.11259351718727863,0.06927046671999285,7,53,71,78,2.9440693332755243,3.1340309377915263,78,82,0,1,8167,0.6384459036898061,7.828253746032715,69,68
negsteer,design_8_seq_0,design_00_s2,design_00,steered,2.0,1,0.7398,5.303,0.7398,0.7549,0.7398,0.47519867887827927,0.48681930793880873,0.47519867887827927,69,45,82,78,3.2363196445526423,3.1340309377915263,78,82,1,1,12268,0.9590368980612883,3.5854105949401855,78,81
negsteer,design_8_seq_0,design_01_s1,design_01,steered,1.0,1,0.0978,5.382,0.1029,0.0978,0.0978,0.005855738051020755,0.0498451694601965,0.005855738051020755,76,54,61,56,2.6429793600597735,2.4757893780745857,78,82,0,0,3258,0.25469043151969983,8.13086986541748,52,72
negsteer,design_8_seq_0,design_01_s2,design_01,steered,2.0,1,0.1583,3.871,0.1583,0.2072,0.1583,0.05497045343658195,0.12896780359626905,0.05497045343658195,70,54,71,75,2.9440693332755243,3.054435875049391,78,82,0,0,7696,0.6016260162601627,7.582953929901123,70,71
negsteer,design_8_seq_1,initial,initial,cold_start,,1,0.6063,8.613,0.6063,0.6643,0.6063,0.34331307105290204,0.44335777221656425,0.34331307105290204,71,45,82,78,3.2363196445526423,3.1340309377915263,78,82,1,1,12277,0.9597404627892433,4.295671463012695,77,81
negsteer,design_8_seq_1,design_00_s0,design_00,steered,0.0,1,0.0,26.055,0.0,0.0,0.0,0.0,0.0,0.0,0,0,0,0,0.5,0.5,78,82,0,0,0,0.0,,0,0
negsteer,design_8_seq_1,design_00_s1,design_00,steered,1.0,1,0.0,26.501,0.0,0.0,0.0,0.0,0.0,0.0,0,0,0,0,0.5,0.5,78,82,0,0,0,0.0,,0,0
negsteer,design_8_seq_1,design_02_s2,design_02,steered,2.0,1,0.0,30.968,0.0,0.0031,0.0,0.0,0.0012978284091620547,0.0,0,58,0,1,0.5,0.5,78,82,0,0,39,0.003048780487804878,9.571117401123047,0,39
negsteer,design_8_seq_1,design_02_s1,design_02,steered,1.0,1,0.0,34.083,0.0,0.0033,0.0,0.0,0.0024446914449515866,0.0,0,31,0,5,0.5,0.5,78,82,0,0,662,0.05175109443402126,9.18966293334961,0,68
negsteer,design_8_seq_1,design_01_s0,design_01,steered,0.0,1,0.0026,27.59,0.0026,0.0042,0.0026,3.3271173612238505e-05,0.002592231578579763,3.3271173612238505e-05,36,58,1,22,0.5,0.572034666637762,78,82,0,0,877,0.06855847404627892,9.05831527709961,1,69
negsteer,design_8_seq_1,design_01_s2,design_01,steered,2.0,1,0.0,30.666,0.0,0.0,0.0,0.0,0.0,0.0,0,0,0,0,0.5,0.5,78,82,0,0,0,0.0,,0,0
negsteer,design_8_seq_1,design_02_s0,design_02,steered,0.0,1,0.0,30.689,0.0,0.0,0.0,0.0,0.0,0.0,0,0,0,0,0.5,0.5,78,82,0,0,0,0.0,,0,0
negsteer,design_8_seq_1,design_00_s2,design_00,steered,2.0,1,0.0,35.738,0.0,0.0031,0.0,0.0,0.0015929224872507338,0.0,0,58,0,1,0.5,0.5,78,82,0,0,49,0.0038305190744215133,9.578404426574707,0,48
negsteer,design_8_seq_1,design_01_s1,design_01,steered,1.0,1,0.0,38.362,0.0,0.0,0.0,0.0,0.0,0.0,0,0,0,0,0.5,0.5,78,82,0,0,0,0.0,,0,0
negsteer,design_9_seq_0,initial,initial,cold_start,,1,0.0,11.434,0.0,0.0033,0.0,0.0,0.0021959788126234966,0.0,0,20,0,8,0.5,0.5,85,82,0,0,558,0.04002869440459111,9.194543838500977,0,61
negsteer,design_9_seq_0,design_01_s1,design_01,steered,1.0,1,0.0,4.338,0.0,0.0,0.0,0.0,0.0,0.0,0,0,0,0,0.5,0.5,85,82,0,0,0,0.0,,0,0
negsteer,design_9_seq_0,design_01_s0,design_01,steered,0.0,1,0.0,2.957,0.0,0.0,0.0,0.0,0.0,0.0,0,0,0,0,0.5,0.5,85,82,0,0,0,0.0,,0,0
negsteer,design_9_seq_0,design_02_s1,design_02,steered,1.0,1,0.1452,10.003,0.1452,0.217,0.1452,0.05824636809308739,0.13488627786793542,0.05824636809308739,75,52,72,85,2.9721414027832376,3.3103937717626097,85,82,0,1,8766,0.6288378766140602,7.780945301055908,80,74
negsteer,design_9_seq_0,design_02_s0,design_02,steered,0.0,1,0.0,27.155,0.0,0.0,0.0,0.0,0.0,0.0,0,0,0,0,0.5,0.5,85,82,0,0,0,0.0,,0,0
negsteer,design_9_seq_0,design_00_s0,design_00,steered,0.0,1,0.0,10.409,0.0,0.0034,0.0,0.0,0.0022811522571051994,0.0,0,56,0,9,0.5,0.5,85,82,0,0,525,0.03766140602582496,9.079545974731445,0,62
negsteer,design_9_seq_0,design_01_s2,design_01,steered,2.0,1,0.0036,19.869,0.0037,0.0036,0.0036,0.0029960226158008856,0.002949041885142101,0.002949041885142101,55,12,7,18,0.5,0.5,85,82,0,0,1331,0.095480631276901,8.938543319702148,77,79
negsteer,design_9_seq_0,design_00_s2,design_00,steered,2.0,1,0.0,21.546,0.0,0.0025,0.0,0.0,3.042175979694215e-05,0.0,0,12,0,1,0.5,0.5,85,82,0,0,1,7.173601147776183e-05,9.9983549118042,0,1
negsteer,design_9_seq_0,design_00_s1,design_00,steered,1.0,1,0.0031,22.191,0.0031,0.0036,0.0031,0.000937083552536719,0.0027088622119641158,0.000937083552536719,5,56,1,13,0.5,0.5,85,82,0,0,744,0.05337159253945481,8.984436988830566,29,71
negsteer,design_9_seq_0,design_02_s2,design_02,steered,2.0,1,0.0,40.329,0.0,0.0,0.0,0.0,0.0,0.0,0,0,0,0,0.5,0.5,85,82,0,0,0,0.0,,0,0
negsteer,design_9_seq_1,initial,initial,cold_start,,1,0.0,36.96,0.0,0.0,0.0,0.0,0.0,0.0,0,0,0,0,0.5,0.5,85,82,0,0,0,0.0,,0,0
negsteer,design_9_seq_1,design_02_s1,design_02,steered,1.0,1,0.0,31.487,0.0,0.0,0.0,0.0,0.0,0.0,0,0,0,0,0.5,0.5,85,82,0,0,0,0.0,,0,0
negsteer,design_9_seq_1,design_00_s2,design_00,steered,2.0,1,0.0029,14.694,0.0029,0.0953,0.0029,0.001986934828078922,0.0441201381674945,0.001986934828078922,41,22,3,61,0.5,2.6429793600597735,85,82,0,0,3259,0.23378766140602583,8.621748924255371,62,71
negsteer,design_9_seq_1,design_00_s1,design_00,steered,1.0,1,0.0,15.314,0.0,0.003,0.0,0.0,0.0017683688698836217,0.0,0,56,0,4,0.5,0.5,85,82,0,0,183,0.013127690100430417,9.606979370117188,0,54
negsteer,design_9_seq_1,design_00_s0,design_00,steered,0.0,1,0.0,15.397,0.0,0.0,0.0,0.0,0.0,0.0,0,0,0,0,0.5,0.5,85,82,0,0,0,0.0,,0,0
negsteer,design_9_seq_1,design_01_s1,design_01,steered,1.0,1,0.0,26.374,0.0,0.0,0.0,0.0,0.0,0.0,0,0,0,0,0.5,0.5,85,82,0,0,0,0.0,,0,0
negsteer,design_9_seq_1,design_01_s0,design_01,steered,0.0,1,0.0,27.169,0.0,0.0027,0.0,0.0,0.0008474581267275825,0.0,0,78,0,1,0.5,0.5,85,82,0,0,48,0.003443328550932568,9.830096244812012,0,27
negsteer,design_9_seq_1,design_01_s2,design_01,steered,2.0,1,0.0,27.544,0.0,0.0027,0.0,0.0,0.00022008005677290806,0.0,0,21,0,2,0.5,0.5,85,82,0,0,14,0.0010043041606886656,9.855697631835938,0,7
negsteer,design_9_seq_1,design_02_s0,design_02,steered,0.0,1,0.0,27.76,0.0,0.0,0.0,0.0,0.0,0.0,0,0,0,0,0.5,0.5,85,82,0,0,0,0.0,,0,0
negsteer,design_9_seq_1,design_02_s2,design_02,steered,2.0,1,0.0,28.701,0.0,0.0,0.0,0.0,0.0,0.0,0,0,0,0,0.5,0.5,85,82,0,0,0,0.0,,0,0
negsteer+constraints,design_0_seq_0,initial,initial,cold_start,0.0,1,0.7127,2.176,0.7627,0.7127,0.7127,0.4718522983347634,0.5402636508224532,0.4718522983347634,75,24,82,82,3.2363196445526423,3.2363196445526423,82,82,1,1,13225,0.9834176085663295,3.420372486114502,82,82
negsteer+constraints,design_0_seq_0,initial_s2,initial,cold_start,2.0,1,0.7116,2.467,0.7561,0.7116,0.7116,0.4548601864172691,0.5234274265935599,0.4548601864172691,75,24,82,82,3.2363196445526423,3.2363196445526423,82,82,1,1,13232,0.9839381320642475,3.595168113708496,82,82
negsteer+constraints,design_0_seq_0,initial_s1,initial,cold_start,1.0,1,0.6974,3.574,0.7453,0.6974,0.6974,0.4640191802442664,0.5211527986769996,0.4640191802442664,75,53,82,82,3.2363196445526423,3.2363196445526423,82,82,1,1,13161,0.9786585365853658,3.5003793239593506,82,81
negsteer+constraints,design_0_seq_1,initial,initial,cold_start,,1,0.6242,1.859,0.6956,0.6242,0.6242,0.38648076731393616,0.46523215576279453,0.38648076731393616,76,24,82,82,3.2363196445526423,3.2363196445526423,82,82,1,1,13199,0.9814842355740631,4.081894397735596,82,81
negsteer+constraints,design_0_seq_1,design_01_s1,design_01,steered,1.0,1,0.4008,5.534,0.4458,0.4008,0.4008,0.1972967129478958,0.2496565736648513,0.1972967129478958,75,53,79,82,3.1599999999999993,3.2363196445526423,82,82,0,1,11595,0.8622099940511601,5.880313396453857,81,81
negsteer+constraints,design_0_seq_1,design_00_s1,design_00,steered,1.0,1,0.294,8.857,0.294,0.3178,0.294,0.1676033978611685,0.2238753629541706,0.1676033978611685,76,52,81,82,3.2111376255715163,3.2363196445526423,82,82,0,1,12005,0.8926977989292088,6.415338516235352,81,81
negsteer+constraints,design_0_seq_1,design_00_s2,design_00,steered,2.0,1,0.6728,8.947,0.7005,0.6728,0.6728,0.42841491769862977,0.5012558862913354,0.42841491769862977,75,24,82,82,3.2363196445526423,3.2363196445526423,82,82,1,1,13186,0.9805175490779298,3.758075475692749,82,82
negsteer+constraints,design_0_seq_1,design_01_s2,design_01,steered,2.0,1,0.7143,9.418,0.7692,0.7143,0.7143,0.45671479061257275,0.5149959906248558,0.45671479061257275,75,45,82,82,3.2363196445526423,3.2363196445526423,82,82,1,1,13061,0.97122248661511,3.577875852584839,82,82
negsteer+constraints,design_0_seq_1,design_01_s0,design_01,steered,0.0,1,0.4861,8.796,0.5275,0.4861,0.4861,0.24451547975810925,0.3175545369541818,0.24451547975810925,75,53,81,82,3.2111376255715163,3.2363196445526423,82,82,0,1,11844,0.880725758477097,5.220678806304932,82,81
negsteer+constraints,design_0_seq_1,design_00_s0,design_00,steered,0.0,1,0.7311,10.067,0.7694,0.7311,0.7311,0.48428400189377274,0.5441152404329354,0.48428400189377274,76,53,82,82,3.2363196445526423,3.2363196445526423,82,82,1,1,13148,0.9776918500892327,3.3936755657196045,81,82
negsteer+constraints,design_0_seq_1,design_02_s1,design_02,steered,1.0,1,0.2433,15.113,0.2433,0.3076,0.2433,0.11362338254637108,0.21202702570434023,0.11362338254637108,78,24,76,82,3.081256507046695,3.2363196445526423,82,82,0,1,11020,0.8194527067221892,6.9198503494262695,80,80
negsteer+constraints,design_0_seq_1,design_02_s0,design_02,steered,0.0,1,0.1935,27.346,0.1935,0.2858,0.1935,0.1254062045836912,0.20084959048516593,0.1254062045836912,39,57,81,82,3.2111376255715163,3.2363196445526423,82,82,0,1,11260,0.8372992266508031,6.877702236175537,79,81
negsteer+constraints,design_0_seq_1,design_02_s2,design_02,steered,2.0,1,0.1655,28.583,0.1655,0.2254,0.1655,0.0971633283841628,0.15520110790242964,0.0971633283841628,39,24,79,80,3.1599999999999993,3.185699940650432,82,82,0,0,10589,0.7874033313503866,7.580648899078369,78,81
negsteer+constraints,design_10_seq_0,initial,initial,cold_start,,1,0.5554,25.669,0.5554,0.6141,0.5554,0.37134985967621775,0.38637291628117787,0.37134985967621775,34,45,82,79,3.2363196445526423,3.1599999999999993,79,82,1,1,12270,0.9470515591231862,4.366631984710693,78,81
negsteer+constraints,design_10_seq_0,design_02_s2,design_02,steered,2.0,1,0.3148,1.868,0.3514,0.3148,0.3148,0.1691252447405382,0.22643980278815257,0.1691252447405382,74,24,81,79,3.2111376255715163,3.1599999999999993,79,82,0,1,11799,0.9106977462179685,6.484979629516602,77,81
negsteer+constraints,design_10_seq_0,design_01_s2,design_01,steered,2.0,1,0.7178,2.19,0.7508,0.7178,0.7178,0.5541727240963639,0.5460187978361074,0.5460187978361074,6,45,82,79,3.2363196445526423,3.1599999999999993,79,82,1,1,12761,0.984949058351343,3.0481483936309814,79,82
negsteer+constraints,design_10_seq_0,design_02_s0,design_02,steered,0.0,1,0.4705,3.608,0.5123,0.4705,0.4705,0.28736838074459964,0.3522043304472435,0.28736838074459964,74,24,82,79,3.2363196445526423,3.1599999999999993,79,82,1,1,12618,0.9739117011423278,4.927283763885498,78,81
negsteer+constraints,design_10_seq_0,design_00_s1,design_00,steered,1.0,1,0.7337,28.074,0.7337,0.786,0.7337,0.4380447046943245,0.452507230194808,0.4380447046943245,32,45,82,79,3.2363196445526423,3.1599999999999993,79,82,1,1,11948,0.9221982093238654,3.7864928245544434,76,81
negsteer+constraints,design_10_seq_0,design_01_s1,design_01,steered,1.0,1,0.6225,29.155,0.6225,0.6736,0.6225,0.39411696824952486,0.38545232877794017,0.38545232877794017,33,45,82,79,3.2363196445526423,3.1599999999999993,79,82,1,1,12187,0.9406452608829886,4.237231731414795,79,81
negsteer+constraints,design_10_seq_0,design_01_s0,design_01,steered,0.0,1,0.6936,29.341,0.6936,0.7402,0.6936,0.4551936679614024,0.4472449138397124,0.4472449138397124,33,45,82,79,3.2363196445526423,3.1599999999999993,79,82,1,1,12530,0.9671194813213955,3.8325257301330566,79,81
negsteer+constraints,design_10_seq_0,design_02_s1,design_02,steered,1.0,1,0.5936,7.734,0.6123,0.5936,0.5936,0.3680359803234475,0.4312031729737433,0.3680359803234475,71,55,82,79,3.2363196445526423,3.1599999999999993,79,82,1,1,12698,0.9800864464340846,4.193099498748779,78,81
negsteer+constraints,design_10_seq_0,design_00_s2,design_00,steered,2.0,1,0.7261,29.059,0.7261,0.769,0.7261,0.4295517572266627,0.4368806589428881,0.4295517572266627,32,45,82,79,3.2363196445526423,3.1599999999999993,79,82,1,1,12268,0.9468971904908923,3.983839511871338,77,82
negsteer+constraints,design_10_seq_0,design_00_s0,design_00,steered,0.0,1,0.6901,29.667,0.6901,0.7538,0.6901,0.3945097231270769,0.38335066978115495,0.38335066978115495,33,45,81,79,3.2111376255715163,3.1599999999999993,79,82,0,1,11393,0.8793609138623032,4.106826305389404,77,81
negsteer+constraints,design_10_seq_1,initial,initial,cold_start,,1,0.6672,25.959,0.6672,0.728,0.6672,0.4786906432879122,0.4734870216741068,0.4734870216741068,34,45,82,79,3.2363196445526423,3.1599999999999993,79,82,1,1,12670,0.9779252855819698,3.71523118019104,79,81
negsteer+constraints,design_10_seq_1,design_01_s0,design_01,steered,0.0,1,0.2869,4.188,0.2869,0.2985,0.2869,0.17711557028225705,0.21391697490883127,0.17711557028225705,70,22,82,79,3.2363196445526423,3.1599999999999993,79,82,1,1,11768,0.9083050324174128,6.436956882476807,78,81
negsteer+constraints,design_10_seq_1,design_01_s1,design_01,steered,1.0,1,0.7048,4.447,0.7367,0.7048,0.7048,0.4336453828889924,0.47948728015691766,0.4336453828889924,72,45,82,79,3.2363196445526423,3.1599999999999993,79,82,1,1,12558,0.9692806421735103,3.809685468673706,79,81
negsteer+constraints,design_10_seq_1,design_01_s2,design_01,steered,2.0,1,0.5791,5.429,0.6455,0.5791,0.5791,0.3969448620123388,0.44434465353502095,0.3969448620123388,70,37,82,79,3.2363196445526423,3.1599999999999993,79,82,1,1,12688,0.979314603272615,4.025432109832764,79,82
negsteer+constraints,design_10_seq_1,design_02_s0,design_02,steered,0.0,1,0.4498,25.795,0.4498,0.4749,0.4498,0.2669022587670273,0.3024735724689757,0.2669022587670273,47,55,81,79,3.2111376255715163,3.1599999999999993,79,82,0,1,11199,0.8643871565297931,5.000690937042236,78,81
negsteer+constraints,design_10_seq_1,design_02_s2,design_02,steered,2.0,1,0.541,25.852,0.541,0.566,0.541,0.32683285586300154,0.3660389983674466,0.32683285586300154,47,45,82,79,3.2363196445526423,3.1599999999999993,79,82,1,1,11899,0.9184161778326644,4.603521823883057,78,81
negsteer+constraints,design_10_seq_1,design_00_s2,design_00,steered,2.0,1,0.4475,27.376,0.4475,0.4565,0.4475,0.27866919255296735,0.2908092358819686,0.27866919255296735,34,45,82,79,3.2363196445526423,3.1599999999999993,79,82,1,1,11917,0.9198054955233097,5.162831783294678,77,82
negsteer+constraints,design_10_seq_1,design_00_s1,design_00,steered,1.0,1,0.5421,27.485,0.5421,0.547,0.5421,0.3418482765083826,0.36589584421514104,0.3418482765083826,34,45,82,79,3.2363196445526423,3.1599999999999993,79,82,1,1,12460,0.9617165791911083,4.5811848640441895,77,82
negsteer+constraints,design_10_seq_1,design_00_s0,design_00,steered,0.0,1,0.5884,28.362,0.5884,0.6004,0.5884,0.3771523827498284,0.38952128675187053,0.3771523827498284,34,45,82,79,3.2363196445526423,3.1599999999999993,79,82,1,1,12468,0.962334053720284,4.290127277374268,77,82
negsteer+constraints,design_10_seq_1,design_02_s1,design_02,steered,1.0,1,0.5606,29.125,0.5606,0.5746,0.5606,0.34213673634030206,0.3750235511063848,0.34213673634030206,47,45,82,79,3.2363196445526423,3.1599999999999993,79,82,1,1,12159,0.9384841000308737,4.559003829956055,78,81
negsteer+constraints,design_11_seq_0,initial,initial,cold_start,0.0,1,0.8414,2.893,0.8512,0.8414,0.8414,0.5561388111000051,0.589469948556365,0.5561388111000051,74,45,82,83,3.2363196445526423,3.2612523263775115,83,82,1,1,13384,0.98325007346459,3.0507514476776123,83,81
negsteer+constraints,design_11_seq_0,initial_s2,initial,cold_start,2.0,1,0.8337,1.539,0.8347,0.8337,0.8337,0.5369052541279514,0.5652390959241042,0.5369052541279514,74,45,82,83,3.2363196445526423,3.2612523263775115,83,82,1,1,13266,0.9745812518366147,3.1922221183776855,83,81
negsteer+constraints,design_11_seq_0,initial_s1,initial,cold_start,1.0,1,0.8585,1.804,0.8616,0.8585,0.8585,0.582946650552036,0.6078113376123194,0.582946650552036,74,45,82,83,3.2363196445526423,3.2612523263775115,83,82,1,1,13387,0.9834704672347928,2.8840012550354004,83,82
negsteer+constraints,design_11_seq_1,initial,initial,cold_start,,1,0.5473,27.106,0.5473,0.5602,0.5473,0.36415403472057667,0.38689027953802085,0.36415403472057667,7,45,82,83,3.2363196445526423,3.2612523263775115,83,82,1,1,13069,0.9601087275933,4.409839630126953,81,81
negsteer+constraints,design_11_seq_1,design_02_s2,design_02,steered,2.0,1,0.8868,2.062,0.8868,0.8875,0.8868,0.6498602069914341,0.6508412617514273,0.6498602069914341,74,45,82,83,3.2363196445526423,3.2612523263775115,83,82,1,1,13417,0.9856744049368205,2.504187822341919,83,82
negsteer+constraints,design_11_seq_1,design_02_s0,design_02,steered,0.0,1,0.9026,2.931,0.9107,0.9026,0.9026,0.674853720331946,0.6910649043757741,0.674853720331946,74,45,82,83,3.2363196445526423,3.2612523263775115,83,82,1,1,13459,0.9887599177196591,2.3028459548950195,83,82
negsteer+constraints,design_11_seq_1,design_01_s1,design_01,steered,1.0,1,0.8701,2.87,0.8913,0.8701,0.8701,0.6167449535386839,0.6460066023112343,0.6167449535386839,6,45,82,83,3.2363196445526423,3.2612523263775115,83,82,1,1,13343,0.980238025271819,2.6048789024353027,83,82
negsteer+constraints,design_11_seq_1,design_01_s0,design_01,steered,0.0,1,0.8518,3.408,0.8702,0.8518,0.8518,0.5880146578111383,0.6151964568146845,0.5880146578111383,6,45,82,83,3.2363196445526423,3.2612523263775115,83,82,1,1,13374,0.9825154275639142,2.8140029907226562,83,81
negsteer+constraints,design_11_seq_1,design_02_s1,design_02,steered,1.0,1,0.9009,2.478,0.9062,0.9009,0.9009,0.6622969152809806,0.6880334986106879,0.6622969152809806,74,45,82,83,3.2363196445526423,3.2612523263775115,83,82,1,1,13437,0.9871436967381721,2.346057176589966,83,82
negsteer+constraints,design_11_seq_1,design_01_s2,design_01,steered,2.0,1,0.878,4.306,0.9048,0.878,0.878,0.6561530048577452,0.6751527146680463,0.6561530048577452,74,45,82,83,3.2363196445526423,3.2612523263775115,83,82,1,1,13436,0.9870702321481046,2.396637201309204,83,82
negsteer+constraints,design_11_seq_1,design_00_s2,design_00,steered,2.0,1,0.8352,2.26,0.8583,0.8352,0.8352,0.5286995482698352,0.5882696079760336,0.5286995482698352,74,45,82,83,3.2363196445526423,3.2612523263775115,83,82,1,1,13343,0.980238025271819,3.1353752613067627,83,82
negsteer+constraints,design_11_seq_1,design_00_s0,design_00,steered,0.0,1,0.8804,2.263,0.8985,0.8804,0.8804,0.6241446553269424,0.6375048106036535,0.6241446553269424,74,45,82,83,3.2363196445526423,3.2612523263775115,83,82,1,1,13430,0.9866294446076991,2.655606269836426,83,81
negsteer+constraints,design_11_seq_1,design_00_s1,design_00,steered,1.0,1,0.8873,2.471,0.9087,0.8873,0.8873,0.636325355809945,0.6669892374335266,0.636325355809945,74,45,82,83,3.2363196445526423,3.2612523263775115,83,82,1,1,13425,0.9862621216573612,2.477757215499878,83,81
negsteer+constraints,design_12_seq_0,initial,initial,cold_start,,1,0.6952,10.286,0.6952,0.7364,0.6952,0.37841293798102177,0.43523846031166613,0.37841293798102177,78,45,82,85,3.2363196445526423,3.3103937717626097,85,82,1,1,12949,0.9289096126255381,4.22694730758667,83,81
negsteer+constraints,design_12_seq_0,design_02_s1,design_02,steered,1.0,1,0.6024,2.114,0.6039,0.6024,0.6024,0.3189226348007865,0.33755920048825805,0.3189226348007865,78,45,82,85,3.2363196445526423,3.3103937717626097,85,82,1,1,12305,0.8827116212338594,4.756869792938232,85,79
negsteer+constraints,design_12_seq_0,design_00_s2,design_00,steered,2.0,1,0.4911,2.984,0.5462,0.4911,0.4911,0.28118215639363314,0.2914778590088756,0.28118215639363314,78,45,81,85,3.2111376255715163,3.3103937717626097,85,82,0,1,11970,0.8586800573888091,5.032313346862793,84,80
negsteer+constraints,design_12_seq_0,design_02_s0,design_02,steered,0.0,1,0.6823,2.295,0.6901,0.6823,0.6823,0.3808148616020951,0.41381970717764754,0.3808148616020951,78,45,82,85,3.2363196445526423,3.3103937717626097,85,82,1,1,13149,0.9432568149210904,4.340326309204102,85,81
negsteer+constraints,design_12_seq_0,design_00_s1,design_00,steered,1.0,1,0.5819,3.608,0.6196,0.5819,0.5819,0.32235555854242515,0.3546968294625602,0.32235555854242515,78,45,82,85,3.2363196445526423,3.3103937717626097,85,82,1,1,12792,0.9176470588235294,4.7790751457214355,84,81
negsteer+constraints,design_12_seq_0,design_02_s2,design_02,steered,2.0,1,0.6306,2.583,0.6593,0.6306,0.6306,0.3397019081749022,0.3859383166120274,0.3397019081749022,78,45,82,85,3.2363196445526423,3.3103937717626097,85,82,1,1,12901,0.9254662840746054,4.592400074005127,82,81
negsteer+constraints,design_12_seq_0,design_01_s0,design_01,steered,0.0,1,0.0875,3.803,0.0945,0.0875,0.0875,0.03455249245607239,0.03489852542193925,0.03455249245607239,66,58,62,59,2.674944339371981,2.577631935804318,85,82,0,0,5318,0.3814921090387374,8.728702545166016,79,72
negsteer+constraints,design_12_seq_0,design_00_s0,design_00,steered,0.0,1,0.3691,3.627,0.4319,0.3691,0.3691,0.1919904206906829,0.2063812250697349,0.1919904206906829,78,45,73,85,2.9998870343784683,3.3103937717626097,85,82,0,1,10759,0.7718077474892396,5.913552761077881,80,71
negsteer+constraints,design_12_seq_0,design_01_s1,design_01,steered,1.0,1,0.031,8.979,0.0701,0.031,0.031,0.018925779948339744,0.013245618569937239,0.013245618569937239,76,67,52,35,2.331955096040982,1.565877844577684,85,82,0,0,3775,0.27080344332855094,8.87841510772705,80,75
negsteer+constraints,design_12_seq_0,design_01_s2,design_01,steered,2.0,1,0.0237,10.292,0.0617,0.0237,0.0237,0.019848278948270223,0.005197737252385151,0.005197737252385151,6,22,48,32,2.177342569194824,1.3883891724162114,85,82,0,0,3478,0.24949784791965568,9.00660514831543,79,73
negsteer+constraints,design_12_seq_1,initial,initial,cold_start,,1,0.566,8.031,0.566,0.5736,0.566,0.29912389087326385,0.33291838403575397,0.29912389087326385,78,52,78,85,3.1340309377915263,3.3103937717626097,85,82,0,1,12334,0.8847919655667145,4.8224406242370605,83,78
negsteer+constraints,design_12_seq_1,design_02_s1,design_02,steered,1.0,1,0.4013,1.848,0.4502,0.4013,0.4013,0.246642613191815,0.2890965051029059,0.246642613191815,76,37,82,85,3.2363196445526423,3.3103937717626097,85,82,1,1,12791,0.9175753228120517,5.494541645050049,83,81
negsteer+constraints,design_12_seq_1,design_02_s0,design_02,steered,0.0,1,0.3204,1.347,0.3572,0.3204,0.3204,0.20418515107046595,0.2191544151836552,0.20418515107046595,76,22,81,85,3.2111376255715163,3.3103937717626097,85,82,0,1,12259,0.8794117647058823,6.127477645874023,85,80
negsteer+constraints,design_12_seq_1,design_02_s2,design_02,steered,2.0,1,0.4672,1.906,0.5189,0.4672,0.4672,0.299051112484406,0.3300755085060146,0.299051112484406,79,24,82,85,3.2363196445526423,3.3103937717626097,85,82,1,1,13374,0.9593974175035868,5.044985294342041,85,81
negsteer+constraints,design_12_seq_1,design_00_s2,design_00,steered,2.0,1,0.3731,4.481,0.4719,0.3731,0.3731,0.18152721468907068,0.27493523063547,0.18152721468907068,81,35,82,85,3.2363196445526423,3.3103937717626097,85,82,1,1,12915,0.9264705882352942,6.212989807128906,84,81
negsteer+constraints,design_12_seq_1,design_00_s1,design_00,steered,1.0,1,0.1683,5.357,0.2014,0.1683,0.1683,0.03664519716163769,0.10251933292815144,0.03664519716163769,77,58,74,73,3.0273155556828426,2.9998870343784683,85,82,0,0,6550,0.46987087517934,7.846314430236816,55,75
negsteer+constraints,design_12_seq_1,design_01_s1,design_01,steered,1.0,1,0.4326,6.283,0.4326,0.4621,0.4326,0.2133924666189534,0.3451500552445196,0.2133924666189534,79,37,82,85,3.2363196445526423,3.3103937717626097,85,82,1,1,13081,0.9383787661406026,5.467775344848633,85,82
negsteer+constraints,design_12_seq_1,design_01_s0,design_01,steered,0.0,1,0.3377,6.304,0.3377,0.4294,0.3377,0.2112623985582853,0.315510912911921,0.2112623985582853,81,37,82,85,3.2363196445526423,3.3103937717626097,85,82,1,1,13169,0.9446915351506456,5.655354022979736,84,81
negsteer+constraints,design_12_seq_1,design_00_s0,design_00,steered,0.0,1,0.2047,8.101,0.2384,0.2047,0.2047,0.05741243351470022,0.1325283054086357,0.05741243351470022,77,58,72,78,2.9721414027832376,3.1340309377915263,85,82,0,0,7805,0.5598995695839312,7.46877908706665,59,73
negsteer+constraints,design_12_seq_1,design_01_s2,design_01,steered,2.0,1,0.7089,9.302,0.7089,0.7525,0.7089,0.48050028558217867,0.5754118265368316,0.48050028558217867,81,24,82,85,3.2363196445526423,3.3103937717626097,85,82,1,1,13692,0.982209469153515,3.287198305130005,84,82
negsteer+constraints,design_13_seq_0,initial,initial,cold_start,0.0,1,0.4337,1.943,0.4638,0.4337,0.4337,0.3415785478366735,0.3221031175699176,0.3221031175699176,7,52,82,76,3.2363196445526423,3.081256507046695,76,82,1,1,12144,0.9743260590500642,4.7026686668396,76,81
negsteer+constraints,design_13_seq_0,initial_s2,initial,cold_start,2.0,1,0.5144,2.752,0.5186,0.5144,0.5144,0.3712196825102805,0.37328337042070014,0.3712196825102805,67,52,82,76,3.2363196445526423,3.081256507046695,76,82,1,1,12154,0.9751283697047497,4.3510613441467285,76,81
negsteer+constraints,design_13_seq_0,initial_s1,initial,cold_start,1.0,1,0.5941,3.443,0.622,0.5941,0.5941,0.45348793505936075,0.45248605274572606,0.45248605274572606,7,52,82,76,3.2363196445526423,3.081256507046695,76,82,1,1,12221,0.9805038510911425,3.6455800533294678,76,81
negsteer+constraints,design_13_seq_1,initial,initial,cold_start,,1,0.7845,29.198,0.7944,0.7845,0.7845,0.522769383130301,0.5258414998377968,0.522769383130301,33,45,82,76,3.2363196445526423,3.081256507046695,76,82,1,1,12254,0.9831514762516046,3.1845266819000244,75,82
negsteer+constraints,design_13_seq_1,design_00_s0,design_00,steered,0.0,1,0.4628,2.059,0.4806,0.4628,0.4628,0.31464750360464677,0.35068856370521756,0.31464750360464677,67,52,82,76,3.2363196445526423,3.081256507046695,76,82,1,1,12222,0.9805840821566111,4.7428507804870605,76,81
negsteer+constraints,design_13_seq_1,design_00_s1,design_00,steered,1.0,1,0.185,4.601,0.185,0.2238,0.185,0.08270526777548519,0.14946818922180682,0.08270526777548519,69,58,75,76,3.054435875049391,3.081256507046695,76,82,0,1,9001,0.7221598202824133,7.355778217315674,73,76
negsteer+constraints,design_13_seq_1,design_00_s2,design_00,steered,2.0,1,0.3067,2.88,0.3079,0.3067,0.3067,0.1644216856864085,0.21949764430273053,0.1644216856864085,67,54,82,76,3.2363196445526423,3.081256507046695,76,82,1,1,10936,0.8774069319640565,6.319605350494385,75,81
negsteer+constraints,design_13_seq_1,design_01_s1,design_01,steered,1.0,1,0.3602,4.659,0.4461,0.3602,0.3602,0.17340013486222902,0.27146099353345426,0.17340013486222902,72,37,82,76,3.2363196445526423,3.081256507046695,76,82,1,1,11678,0.9369383825417201,6.200239181518555,75,81
negsteer+constraints,design_13_seq_1,design_01_s0,design_01,steered,0.0,1,0.5536,4.735,0.5687,0.5536,0.5536,0.31426695109908714,0.3937446571341375,0.31426695109908714,72,37,81,76,3.2111376255715163,3.081256507046695,76,82,0,1,11831,0.9492137355584083,4.598523139953613,76,81
negsteer+constraints,design_13_seq_1,design_02_s0,design_02,steered,0.0,1,0.3808,24.028,0.3888,0.3808,0.3808,0.2818509951037796,0.2793733627115172,0.2793733627115172,34,35,82,76,3.2363196445526423,3.081256507046695,76,82,1,1,12112,0.9717586649550706,5.24638557434082,76,82
negsteer+constraints,design_13_seq_1,design_02_s1,design_02,steered,1.0,1,0.2651,27.358,0.2985,0.2651,0.2651,0.20520375971376015,0.21143597851098492,0.20520375971376015,44,22,82,76,3.2363196445526423,3.081256507046695,76,82,1,1,11857,0.9512997432605905,6.2887139320373535,76,82
negsteer+constraints,design_13_seq_1,design_02_s2,design_02,steered,2.0,1,0.3001,27.462,0.3204,0.3001,0.3001,0.16414029717653697,0.17201418005407038,0.16414029717653697,32,52,82,76,3.2363196445526423,3.081256507046695,76,82,1,1,10715,0.8596758664955071,6.671607971191406,74,82
negsteer+constraints,design_13_seq_1,design_01_s2,design_01,steered,2.0,1,0.3981,28.353,0.3981,0.4495,0.3981,0.2336027613277302,0.32359175025428666,0.2336027613277302,72,24,81,76,3.2111376255715163,3.081256507046695,76,82,0,1,11805,0.9471277278562259,5.332729816436768,75,81
negsteer+constraints,design_14_seq_0,initial,initial,cold_start,0.0,1,0.8338,0.808,0.8382,0.8338,0.8338,0.577894935736549,0.5784174340192183,0.577894935736549,71,45,82,80,3.2363196445526423,3.185699940650432,80,82,1,1,12951,0.9871189024390243,2.9744274616241455,80,82
negsteer+constraints,design_14_seq_0,initial_s1,initial,cold_start,1.0,1,0.8441,1.332,0.8464,0.8441,0.8441,0.5894961413927376,0.5872312438924138,0.5872312438924138,71,45,82,80,3.2363196445526423,3.185699940650432,80,82,1,1,12954,0.9873475609756097,2.9110159873962402,80,81
negsteer+constraints,design_14_seq_0,initial_s2,initial,cold_start,2.0,1,0.8446,1.782,0.8446,0.8483,0.8446,0.5821146626374685,0.5833383653222061,0.5821146626374685,71,45,82,80,3.2363196445526423,3.185699940650432,80,82,1,1,12914,0.9842987804878048,2.9547178745269775,80,81
negsteer+constraints,design_14_seq_1,initial,initial,cold_start,,1,0.8361,30.358,0.8361,0.8659,0.8361,0.579887027546647,0.5730411517547398,0.5730411517547398,46,45,82,80,3.2363196445526423,3.185699940650432,80,82,1,1,12863,0.9804115853658537,2.9803404808044434,80,81
negsteer+constraints,design_14_seq_1,design_02_s0,design_02,steered,0.0,1,0.8523,1.631,0.8666,0.8523,0.8523,0.5939330923778471,0.6076874240505986,0.5939330923778471,71,45,82,80,3.2363196445526423,3.185699940650432,80,82,1,1,12957,0.9875762195121951,2.7910563945770264,80,81
negsteer+constraints,design_14_seq_1,design_02_s1,design_02,steered,1.0,1,0.8491,1.756,0.8714,0.8491,0.8491,0.5990938992006705,0.6185328910218143,0.5990938992006705,71,45,82,80,3.2363196445526423,3.185699940650432,80,82,1,1,12940,0.9862804878048781,2.725968360900879,80,82
negsteer+constraints,design_14_seq_1,design_00_s1,design_00,steered,1.0,1,0.844,1.745,0.844,0.8469,0.844,0.5517894914228236,0.5880740169611782,0.5517894914228236,71,45,82,80,3.2363196445526423,3.185699940650432,80,82,1,1,12866,0.980640243902439,3.0145103931427,80,82
negsteer+constraints,design_14_seq_1,design_01_s0,design_01,steered,0.0,1,0.8892,1.92,0.8978,0.8892,0.8892,0.6323932138882811,0.6617750041555931,0.6323932138882811,71,45,82,80,3.2363196445526423,3.185699940650432,80,82,1,1,12958,0.9876524390243903,2.508053779602051,80,82
negsteer+constraints,design_14_seq_1,design_01_s1,design_01,steered,1.0,1,0.8927,1.942,0.8991,0.8927,0.8927,0.6348880418634508,0.6652417268359851,0.6348880418634508,71,45,82,80,3.2363196445526423,3.185699940650432,80,82,1,1,12969,0.9884908536585366,2.482516050338745,80,82
negsteer+constraints,design_14_seq_1,design_01_s2,design_01,steered,2.0,1,0.8776,2.204,0.8854,0.8776,0.8776,0.6129476432310185,0.646002934274559,0.6129476432310185,71,45,82,80,3.2363196445526423,3.185699940650432,80,82,1,1,12954,0.9873475609756097,2.6196043491363525,80,82
negsteer+constraints,design_14_seq_1,design_02_s2,design_02,steered,2.0,1,0.8623,2.314,0.8794,0.8623,0.8623,0.619122452812735,0.6285582320543188,0.619122452812735,71,46,82,80,3.2363196445526423,3.185699940650432,80,82,1,1,12972,0.988719512195122,2.6365840435028076,80,82
negsteer+constraints,design_14_seq_1,design_00_s0,design_00,steered,0.0,1,0.8699,2.358,0.877,0.8699,0.8699,0.6286517988570267,0.6391039313549721,0.6286517988570267,71,45,82,80,3.2363196445526423,3.185699940650432,80,82,1,1,12964,0.988109756097561,2.574880361557007,80,82
negsteer+constraints,design_14_seq_1,design_00_s2,design_00,steered,2.0,1,0.8881,2.892,0.8881,0.8948,0.8881,0.6808734102756716,0.6761716175710828,0.6761716175710828,71,45,82,80,3.2363196445526423,3.185699940650432,80,82,1,1,12970,0.9885670731707317,2.2922964096069336,80,82
negsteer+constraints,design_15_seq_0,initial,initial,cold_start,,1,0.8336,8.019,0.8408,0.8336,0.8336,0.535009205226361,0.6033342824709352,0.535009205226361,73,45,82,81,3.2363196445526423,3.2111376255715163,81,82,1,1,12978,0.9769647696476965,2.9997100830078125,80,82
negsteer+constraints,design_15_seq_0,design_00_s2,design_00,steered,2.0,1,0.8319,5.959,0.8363,0.8319,0.8319,0.5314131297866733,0.5980851313542211,0.5314131297866733,74,45,82,81,3.2363196445526423,3.2111376255715163,81,82,1,1,12936,0.973803071364047,3.021571397781372,80,82
negsteer+constraints,design_15_seq_0,design_01_s1,design_01,steered,1.0,1,0.7978,8.361,0.7978,0.8377,0.7978,0.5385261734740602,0.5620883683923904,0.5385261734740602,74,45,82,81,3.2363196445526423,3.2111376255715163,81,82,1,1,12951,0.9749322493224932,3.1558077335357666,80,81
negsteer+constraints,design_15_seq_0,design_02_s2,design_02,steered,2.0,1,0.7083,8.378,0.7083,0.7349,0.7083,0.42049567248200836,0.4640227768388463,0.42049567248200836,73,45,82,81,3.2363196445526423,3.2111376255715163,81,82,1,1,12626,0.9504667268894911,3.9160072803497314,79,81
negsteer+constraints,design_15_seq_0,design_01_s2,design_01,steered,2.0,1,0.7868,8.779,0.7868,0.8254,0.7868,0.5288216778519851,0.5500488024568413,0.5288216778519851,73,45,82,81,3.2363196445526423,3.2111376255715163,81,82,1,1,12946,0.9745558566696778,3.2271642684936523,80,81
negsteer+constraints,design_15_seq_0,design_02_s0,design_02,steered,0.0,1,0.7252,9.016,0.7252,0.752,0.7252,0.4383629994742848,0.47463372370182744,0.4383629994742848,73,45,82,81,3.2363196445526423,3.2111376255715163,81,82,1,1,12735,0.9586720867208672,3.831300973892212,79,81
negsteer+constraints,design_15_seq_0,design_01_s0,design_01,steered,0.0,1,0.6729,9.025,0.6729,0.6775,0.6729,0.37009743890828556,0.42881161611379554,0.37009743890828556,73,53,82,81,3.2363196445526423,3.2111376255715163,81,82,1,1,12473,0.9389491117133394,4.239514350891113,80,81
negsteer+constraints,design_15_seq_0,design_00_s1,design_00,steered,1.0,1,0.7523,9.4,0.7665,0.7523,0.7523,0.4199615241643501,0.5111187151633203,0.4199615241643501,73,45,82,81,3.2363196445526423,3.2111376255715163,81,82,1,1,12868,0.9686841312857573,3.7449512481689453,79,82
negsteer+constraints,design_15_seq_0,design_00_s0,design_00,steered,0.0,1,0.7787,9.555,0.7957,0.7787,0.7787,0.45350575050695535,0.5370512434860646,0.45350575050695535,73,45,82,81,3.2363196445526423,3.2111376255715163,81,82,1,1,12937,0.9738783498946101,3.5131568908691406,80,82
negsteer+constraints,design_15_seq_0,design_02_s1,design_02,steered,1.0,1,0.7028,9.709,0.7028,0.7356,0.7028,0.41126611203323177,0.4512327998002037,0.41126611203323177,73,45,82,81,3.2363196445526423,3.2111376255715163,81,82,1,1,12491,0.9403041252634748,4.013355731964111,79,81
negsteer+constraints,design_15_seq_1,initial,initial,cold_start,0.0,1,0.8067,3.334,0.8067,0.8195,0.8067,0.5177376708418223,0.5510979799508322,0.5177376708418223,73,45,82,81,3.2363196445526423,3.2111376255715163,81,82,1,1,12951,0.9749322493224932,3.307788133621216,81,81
negsteer+constraints,design_15_seq_1,initial_s1,initial,cold_start,1.0,1,0.8268,3.654,0.8268,0.8305,0.8268,0.5324986887474855,0.5606836507596621,0.5324986887474855,73,45,82,81,3.2363196445526423,3.2111376255715163,81,82,1,1,12980,0.9771153267088226,3.214172601699829,81,81
negsteer+constraints,design_15_seq_1,initial_s2,initial,cold_start,2.0,1,0.8379,2.971,0.8379,0.8467,0.8379,0.5582636126926468,0.5822121351957321,0.5582636126926468,72,45,82,81,3.2363196445526423,3.2111376255715163,81,82,1,1,13061,0.9832128876844324,3.0597176551818848,81,81
negsteer+constraints,design_16_seq_0,initial,initial,cold_start,,1,0.7235,3.256,0.7585,0.7235,0.7235,0.538350571002929,0.5378391910202392,0.5378391910202392,70,45,82,79,3.2363196445526423,3.1599999999999993,79,82,1,1,12798,0.9878048780487805,3.148477077484131,79,82
negsteer+constraints,design_16_seq_0,design_01_s0,design_01,steered,0.0,1,0.7573,2.977,0.7846,0.7573,0.7573,0.5279351837632447,0.5729202326733573,0.5279351837632447,71,45,82,79,3.2363196445526423,3.1599999999999993,79,82,1,1,12785,0.9868014819388701,3.0922892093658447,79,82
negsteer+constraints,design_16_seq_0,design_02_s2,design_02,steered,2.0,1,0.3492,4.664,0.3492,0.3631,0.3492,0.2008061587568844,0.2495812864054176,0.2008061587568844,72,52,81,79,3.2111376255715163,3.1599999999999993,79,82,0,1,11726,0.9050632911392406,5.949819087982178,77,81
negsteer+constraints,design_16_seq_0,design_01_s1,design_01,steered,1.0,1,0.7698,12.837,0.7865,0.7698,0.7698,0.5588362112941951,0.5777538116203575,0.5588362112941951,45,24,82,79,3.2363196445526423,3.1599999999999993,79,82,1,1,12730,0.9825563445507873,2.9300646781921387,78,82
negsteer+constraints,design_16_seq_0,design_00_s2,design_00,steered,2.0,1,0.4554,24.774,0.4908,0.4554,0.4554,0.33101050444300983,0.3112908507265696,0.3112908507265696,36,52,82,79,3.2363196445526423,3.1599999999999993,79,82,1,1,12625,0.9744519913553565,4.940469264984131,79,81
negsteer+constraints,design_16_seq_0,design_01_s2,design_01,steered,2.0,1,0.621,24.813,0.621,0.621,0.621,0.37770388586611686,0.4342547428635199,0.37770388586611686,34,45,82,79,3.2363196445526423,3.1599999999999993,79,82,1,1,12660,0.9771534424205002,4.152514457702637,77,82
negsteer+constraints,design_16_seq_0,design_00_s1,design_00,steered,1.0,1,0.3535,25.215,0.3786,0.3535,0.3535,0.2594307251274586,0.2467018304074683,0.2467018304074683,47,52,82,79,3.2363196445526423,3.1599999999999993,79,82,1,1,12330,0.9516826180920037,5.628482818603516,77,81
negsteer+constraints,design_16_seq_0,design_02_s1,design_02,steered,1.0,1,0.2281,26.589,0.2281,0.2534,0.2281,0.1395299174215739,0.16597441341955124,0.1395299174215739,46,52,75,79,3.054435875049391,3.1599999999999993,79,82,0,1,10497,0.810203766594628,6.8283257484436035,76,81
negsteer+constraints,design_16_seq_0,design_02_s0,design_02,steered,0.0,1,0.1584,26.687,0.1584,0.1871,0.1584,0.08728377754163422,0.11492332721572006,0.08728377754163422,32,52,74,78,3.0273155556828426,3.1340309377915263,79,82,0,0,9249,0.7138777400432232,7.864936351776123,76,78
negsteer+constraints,design_16_seq_0,design_00_s0,design_00,steered,0.0,1,0.3937,24.894,0.3996,0.3937,0.3937,0.2572057766433145,0.26006018626503646,0.2572057766433145,36,52,82,79,3.2363196445526423,3.1599999999999993,79,82,1,1,12102,0.934084594010497,5.468379497528076,78,82
negsteer+constraints,design_16_seq_1,initial,initial,cold_start,,1,0.279,25.82,0.279,0.3128,0.279,0.18315009858247033,0.17749942457530557,0.17749942457530557,47,45,74,79,3.0273155556828426,3.1599999999999993,79,82,0,1,10415,0.8038746526705773,6.195311546325684,78,74
negsteer+constraints,design_16_seq_1,design_01_s2,design_01,steered,2.0,1,0.5723,2.182,0.64,0.5723,0.5723,0.3359586498582193,0.3691470156219311,0.3359586498582193,70,45,82,79,3.2363196445526423,3.1599999999999993,79,82,1,1,12321,0.9509879592466811,4.613587379455566,79,81
negsteer+constraints,design_16_seq_1,design_01_s1,design_01,steered,1.0,1,0.797,2.582,0.8126,0.797,0.797,0.5220729191139152,0.556253487562261,0.5220729191139152,70,45,82,79,3.2363196445526423,3.1599999999999993,79,82,1,1,12703,0.9804723680148194,3.1910150051116943,79,81
negsteer+constraints,design_16_seq_1,design_01_s0,design_01,steered,0.0,1,0.7499,3.495,0.7934,0.7499,0.7499,0.5037832088161355,0.5501692304870386,0.5037832088161355,70,46,82,79,3.2363196445526423,3.1599999999999993,79,82,1,1,12615,0.973680148193887,3.223362922668457,79,82
negsteer+constraints,design_16_seq_1,design_02_s2,design_02,steered,2.0,1,0.416,3.352,0.5295,0.416,0.416,0.24636984199485917,0.2948934882879257,0.24636984199485917,76,52,82,79,3.2363196445526423,3.1599999999999993,79,82,1,1,12092,0.9333127508490274,5.4815850257873535,76,81
negsteer+constraints,design_16_seq_1,design_02_s0,design_02,steered,0.0,1,0.4182,7.556,0.5002,0.4182,0.4182,0.22675417951025256,0.30102776181770535,0.22675417951025256,72,45,82,79,3.2363196445526423,3.1599999999999993,79,82,1,1,12225,0.943578264896573,5.639834403991699,78,81
negsteer+constraints,design_16_seq_1,design_02_s1,design_02,steered,1.0,1,0.5176,8.163,0.5473,0.5176,0.5176,0.3539936838441682,0.38988949351648733,0.3539936838441682,76,38,82,79,3.2363196445526423,3.1599999999999993,79,82,1,1,12614,0.97360296387774,4.353456497192383,77,82
negsteer+constraints,design_16_seq_1,design_00_s1,design_00,steered,1.0,1,0.6353,27.574,0.6353,0.6375,0.6353,0.36595497155102275,0.33903252331415057,0.33903252331415057,33,45,75,79,3.054435875049391,3.1599999999999993,79,82,0,1,10885,0.840151281259648,4.265597343444824,79,79
negsteer+constraints,design_16_seq_1,design_00_s2,design_00,steered,2.0,1,0.5908,28.067,0.5947,0.5908,0.5908,0.33758113809413265,0.30751780299015524,0.30751780299015524,33,52,75,79,3.054435875049391,3.1599999999999993,79,82,0,1,10795,0.8332046928064217,4.492186546325684,78,81
negsteer+constraints,design_16_seq_1,design_00_s0,design_00,steered,0.0,1,0.667,28.096,0.667,0.705,0.667,0.4196015160966995,0.403110838909747,0.403110838909747,32,45,81,79,3.2111376255715163,3.1599999999999993,79,82,0,1,12054,0.930379746835443,4.108299255371094,79,81
negsteer+constraints,design_17_seq_0,initial,initial,cold_start,0.0,1,0.6578,2.178,0.7165,0.6578,0.6578,0.35303100843065055,0.43225856665976164,0.35303100843065055,71,45,82,79,3.2363196445526423,3.1599999999999993,79,82,1,1,12464,0.9620253164556962,4.337902545928955,78,81
negsteer+constraints,design_17_seq_0,initial_s2,initial,cold_start,2.0,1,0.7061,1.22,0.7795,0.7061,0.7061,0.4046712574383975,0.4870757058989711,0.4046712574383975,71,45,82,79,3.2363196445526423,3.1599999999999993,79,82,1,1,12432,0.9595554183389935,3.8138480186462402,78,81
negsteer+constraints,design_17_seq_0,initial_s1,initial,cold_start,1.0,1,0.7599,1.476,0.7983,0.7599,0.7599,0.44347482496766444,0.528359748241378,0.44347482496766444,71,45,82,79,3.2363196445526423,3.1599999999999993,79,82,1,1,12640,0.975609756097561,3.565690517425537,78,81
negsteer+constraints,design_17_seq_1,initial,initial,cold_start,0.0,1,0.8489,1.717,0.8612,0.8489,0.8489,0.5605445943147982,0.5986691653365042,0.5605445943147982,70,45,82,79,3.2363196445526423,3.1599999999999993,79,82,1,1,12619,0.9739888854584748,2.9014627933502197,79,81
negsteer+constraints,design_17_seq_1,initial_s1,initial,cold_start,1.0,1,0.8471,1.403,0.8732,0.8471,0.8471,0.5849172388604265,0.6149000106862087,0.5849172388604265,70,45,82,79,3.2363196445526423,3.1599999999999993,79,82,1,1,12803,0.9881907996295153,2.797574281692505,79,82
negsteer+constraints,design_17_seq_1,initial_s2,initial,cold_start,2.0,1,0.8164,2.007,0.8166,0.8164,0.8164,0.5091144841818634,0.5413194342357356,0.5091144841818634,70,45,82,79,3.2363196445526423,3.1599999999999993,79,82,1,1,12615,0.973680148193887,3.3436007499694824,79,81
negsteer+constraints,design_18_seq_0,initial,initial,cold_start,,1,0.7111,8.668,0.728,0.7111,0.7111,0.5232319883629679,0.5285520145908089,0.5232319883629679,67,45,82,75,3.2363196445526423,3.054435875049391,75,82,1,1,12081,0.9821951219512195,3.1300039291381836,75,82
negsteer+constraints,design_18_seq_0,design_00_s0,design_00,steered,0.0,1,0.8043,1.783,0.8438,0.8043,0.8043,0.514087392501533,0.5370947660469427,0.514087392501533,66,45,82,75,3.2363196445526423,3.054435875049391,75,82,1,1,12018,0.9770731707317073,3.24819016456604,75,81
negsteer+constraints,design_18_seq_0,design_02_s1,design_02,steered,1.0,1,0.8756,1.763,0.8777,0.8756,0.8756,0.6232378005546828,0.6080465476687361,0.6080465476687361,66,45,82,75,3.2363196445526423,3.054435875049391,75,82,1,1,12144,0.9873170731707317,2.682236909866333,75,81
negsteer+constraints,design_18_seq_0,design_00_s2,design_00,steered,2.0,1,0.7633,2.028,0.7942,0.7633,0.7633,0.4548781005417307,0.4853396393903872,0.4548781005417307,66,45,82,75,3.2363196445526423,3.054435875049391,75,82,1,1,11919,0.9690243902439024,3.6758346557617188,75,81
negsteer+constraints,design_18_seq_0,design_02_s2,design_02,steered,2.0,1,0.8862,1.066,0.8899,0.8862,0.8862,0.6495078033953905,0.628702514963906,0.628702514963906,66,45,82,75,3.2363196445526423,3.054435875049391,75,82,1,1,12155,0.9882113821138211,2.5266313552856445,75,81
negsteer+constraints,design_18_seq_0,design_00_s1,design_00,steered,1.0,1,0.8231,2.151,0.8586,0.8231,0.8231,0.5540789881224434,0.5659387069867878,0.5540789881224434,66,45,82,75,3.2363196445526423,3.054435875049391,75,82,1,1,12106,0.9842276422764228,3.0119826793670654,75,81
negsteer+constraints,design_18_seq_0,design_02_s0,design_02,steered,0.0,1,0.8769,1.372,0.8799,0.8769,0.8769,0.6210506624418001,0.6179104758108535,0.6179104758108535,66,45,82,75,3.2363196445526423,3.054435875049391,75,82,1,1,12120,0.9853658536585366,2.654550552368164,75,81
negsteer+constraints,design_18_seq_0,design_01_s0,design_01,steered,0.0,1,0.2406,28.163,0.2406,0.2535,0.2406,0.15674676609536012,0.1460298859434793,0.1460298859434793,43,45,75,75,3.054435875049391,3.054435875049391,75,82,0,1,9841,0.8000813008130081,6.662037372589111,72,77
negsteer+constraints,design_18_seq_0,design_01_s1,design_01,steered,1.0,1,0.2033,28.225,0.2033,0.225,0.2033,0.12290618689730763,0.12221167445262303,0.12221167445262303,33,52,72,75,2.9721414027832376,3.054435875049391,75,82,0,1,9073,0.7376422764227643,7.179581642150879,70,71
negsteer+constraints,design_18_seq_0,design_01_s2,design_01,steered,2.0,1,0.1481,28.906,0.1481,0.1605,0.1481,0.07944254240331551,0.07495544601811051,0.07495544601811051,33,45,71,74,2.9440693332755243,3.0273155556828426,75,82,0,0,7669,0.6234959349593496,8.269828796386719,63,62
negsteer+constraints,design_18_seq_1,initial,initial,cold_start,,1,0.1162,9.765,0.1162,0.1472,0.1162,0.019364472888410093,0.08310324409067994,0.019364472888410093,67,48,69,72,2.886906305608928,2.9721414027832376,75,82,0,0,5729,0.4657723577235772,8.260428428649902,69,71
negsteer+constraints,design_18_seq_1,design_00_s2,design_00,steered,2.0,1,0.7051,2.811,0.7384,0.7051,0.7051,0.38917147849996886,0.4438674992472842,0.38917147849996886,66,45,82,75,3.2363196445526423,3.054435875049391,75,82,1,1,11703,0.9514634146341463,4.0197248458862305,75,81
negsteer+constraints,design_18_seq_1,design_00_s0,design_00,steered,0.0,1,0.6386,2.983,0.6884,0.6386,0.6386,0.3522533176497867,0.39783409085385957,0.3522533176497867,66,52,82,75,3.2363196445526423,3.054435875049391,75,82,1,1,11637,0.9460975609756097,4.3551130294799805,75,81
negsteer+constraints,design_18_seq_1,design_01_s2,design_01,steered,2.0,1,0.6254,3.323,0.6939,0.6254,0.6254,0.349405711023137,0.40487565441204737,0.349405711023137,67,45,82,75,3.2363196445526423,3.054435875049391,75,82,1,1,11812,0.9603252032520325,4.396634578704834,74,81
negsteer+constraints,design_18_seq_1,design_00_s1,design_00,steered,1.0,1,0.626,2.018,0.6534,0.626,0.626,0.3316886803507805,0.3691002219154431,0.3316886803507805,66,45,82,75,3.2363196445526423,3.054435875049391,75,82,1,1,11194,0.9100813008130081,4.459691524505615,75,81
negsteer+constraints,design_18_seq_1,design_01_s0,design_01,steered,0.0,1,0.4337,3.929,0.5609,0.4337,0.4337,0.2282925920560956,0.27623021615123966,0.2282925920560956,67,45,81,75,3.2111376255715163,3.054435875049391,75,82,0,1,10997,0.8940650406504065,5.488556385040283,74,81
negsteer+constraints,design_18_seq_1,design_01_s1,design_01,steered,1.0,1,0.3212,5.867,0.4679,0.3212,0.3212,0.12608712053547302,0.20452809923828194,0.12608712053547302,67,53,75,75,3.054435875049391,3.054435875049391,75,82,0,1,9328,0.7583739837398374,6.4542341232299805,71,78
negsteer+constraints,design_18_seq_1,design_02_s1,design_02,steered,1.0,1,0.4666,8.243,0.4987,0.4666,0.4666,0.2350003920060893,0.29718057203629034,0.2350003920060893,67,46,80,75,3.185699940650432,3.054435875049391,75,82,0,1,11003,0.8945528455284553,5.302339553833008,74,81
negsteer+constraints,design_18_seq_1,design_02_s0,design_02,steered,0.0,1,0.4786,8.974,0.4961,0.4786,0.4786,0.25559201612447696,0.307543526874946,0.25559201612447696,68,46,81,75,3.2111376255715163,3.054435875049391,75,82,0,1,11120,0.9040650406504065,5.099573612213135,74,80
negsteer+constraints,design_18_seq_1,design_02_s2,design_02,steered,2.0,1,0.367,9.14,0.3901,0.367,0.367,0.16983986586953204,0.21975465548769912,0.16983986586953204,67,53,73,75,2.9998870343784683,3.054435875049391,75,82,0,1,9896,0.8045528455284553,5.938070774078369,73,74
negsteer+constraints,design_19_seq_0,initial,initial,cold_start,,1,0.2328,29.119,0.2328,0.2526,0.2328,0.10706650851735551,0.13802051337197332,0.10706650851735551,32,54,71,76,2.9440693332755243,3.081256507046695,76,82,0,1,9048,0.7259306803594352,7.192677021026611,75,72
negsteer+constraints,design_19_seq_0,design_00_s0,design_00,steered,0.0,1,0.0033,7.977,0.0033,0.018,0.0033,0.0025223515817503397,0.004077125150460477,0.0025223515817503397,5,52,3,28,0.5,1.115655012773739,76,82,0,0,1663,0.1334242618741977,8.813681602478027,66,70
negsteer+constraints,design_19_seq_0,design_02_s2,design_02,steered,2.0,1,0.2598,8.31,0.3044,0.2598,0.2598,0.11309042714205325,0.15144729537310125,0.11309042714205325,69,54,74,76,3.0273155556828426,3.081256507046695,76,82,0,1,9393,0.7536103979460848,7.116103649139404,74,74
negsteer+constraints,design_19_seq_0,design_02_s1,design_02,steered,1.0,1,0.1894,8.317,0.23,0.1894,0.1894,0.07314983740951375,0.11392804886577879,0.07314983740951375,69,54,71,74,2.9440693332755243,3.0273155556828426,76,82,0,0,8249,0.6618260590500642,7.822876930236816,73,72
negsteer+constraints,design_19_seq_0,design_02_s0,design_02,steered,0.0,1,0.1591,8.735,0.2035,0.1591,0.1591,0.03929643653406713,0.0868311102059102,0.03929643653406713,69,53,70,74,2.9156610513441255,3.0273155556828426,76,82,0,0,6353,0.5097079589216945,8.160553932189941,66,71
negsteer+constraints,design_19_seq_0,design_01_s1,design_01,steered,1.0,1,0.3046,28.022,0.3195,0.3046,0.3046,0.13040144516669802,0.1764281562035449,0.13040144516669802,33,54,78,76,3.1340309377915263,3.081256507046695,76,82,0,1,9903,0.794528241335045,6.7350921630859375,73,81
negsteer+constraints,design_19_seq_0,design_01_s0,design_01,steered,0.0,1,0.4148,24.184,0.4148,0.4878,0.4148,0.25042674211956756,0.328693667352881,0.25042674211956756,7,52,82,76,3.2363196445526423,3.081256507046695,76,82,1,1,11256,0.9030808729139923,4.993556976318359,75,81
negsteer+constraints,design_19_seq_0,design_01_s2,design_01,steered,2.0,1,0.487,27.672,0.5778,0.487,0.487,0.23541459062528847,0.3007204465670284,0.23541459062528847,33,45,82,76,3.2363196445526423,3.081256507046695,76,82,1,1,11461,0.919528241335045,5.425310134887695,75,82
negsteer+constraints,design_19_seq_0,design_00_s1,design_00,steered,1.0,1,0.3567,28.921,0.3567,0.4004,0.3567,0.17075599851638176,0.1828383426125184,0.17075599851638176,33,52,81,76,3.2111376255715163,3.081256507046695,76,82,0,1,9916,0.7955712451861361,6.2546491622924805,72,82
negsteer+constraints,design_19_seq_0,design_00_s2,design_00,steered,2.0,1,0.3835,29.062,0.3835,0.4373,0.3835,0.20463832288269737,0.20451165485854556,0.20451165485854556,33,52,82,76,3.2363196445526423,3.081256507046695,76,82,1,1,10640,0.8536585365853658,5.996654987335205,73,82
negsteer+constraints,design_19_seq_1,initial,initial,cold_start,,1,0.6848,28.815,0.6848,0.7441,0.6848,0.42486331783124787,0.4492912663930527,0.42486331783124787,32,45,82,76,3.2363196445526423,3.081256507046695,76,82,1,1,11884,0.9534659820282413,3.84664249420166,76,81
negsteer+constraints,design_19_seq_1,design_02_s2,design_02,steered,2.0,1,0.1068,2.926,0.1068,0.1283,0.1068,0.026447059880746037,0.05970198990175182,0.026447059880746037,69,22,60,67,2.610547697567678,2.828313834453388,76,82,0,0,4973,0.3989890885750963,8.248370170593262,65,66
negsteer+constraints,design_19_seq_1,design_01_s0,design_01,steered,0.0,1,0.3853,3.347,0.4429,0.3853,0.3853,0.21172635680628255,0.2603166303852936,0.21172635680628255,68,55,81,76,3.2111376255715163,3.081256507046695,76,82,0,1,11269,0.9041238767650834,5.717149257659912,75,81
negsteer+constraints,design_19_seq_1,design_02_s1,design_02,steered,1.0,1,0.0269,3.876,0.0269,0.0358,0.0269,0.0040317920777995725,0.00957545518261812,0.0040317920777995725,68,58,33,35,1.4497193288190313,1.565877844577684,76,82,0,0,2319,0.18605584082156612,8.747936248779297,57,65
negsteer+constraints,design_19_seq_1,design_01_s1,design_01,steered,1.0,1,0.6123,6.021,0.644,0.6123,0.6123,0.3740332496726248,0.4291389997049076,0.3740332496726248,68,45,82,76,3.2363196445526423,3.081256507046695,76,82,1,1,12143,0.9742458279845956,4.154599189758301,76,81
negsteer+constraints,design_19_seq_1,design_00_s2,design_00,steered,2.0,1,0.7334,6.432,0.7677,0.7334,0.7334,0.47304581704635273,0.5141886043839339,0.47304581704635273,68,45,82,76,3.2363196445526423,3.081256507046695,76,82,1,1,12207,0.9793806161745828,3.4954473972320557,76,81
negsteer+constraints,design_19_seq_1,design_00_s0,design_00,steered,0.0,1,0.6044,6.436,0.6758,0.6044,0.6044,0.3517900107024041,0.4020230655825311,0.3517900107024041,68,45,82,76,3.2363196445526423,3.081256507046695,76,82,1,1,11784,0.9454428754813864,4.342557430267334,76,81
negsteer+constraints,design_19_seq_1,design_00_s1,design_00,steered,1.0,1,0.7671,7.412,0.7862,0.7671,0.7671,0.4949150354950689,0.5392114415583087,0.4949150354950689,68,45,82,76,3.2363196445526423,3.081256507046695,76,82,1,1,12227,0.9809852374839538,3.329458236694336,76,81
negsteer+constraints,design_19_seq_1,design_02_s0,design_02,steered,0.0,1,0.1005,8.227,0.1005,0.162,0.1005,0.04266062089683194,0.08937864604962581,0.04266062089683194,44,22,57,75,2.5102730396591975,3.054435875049391,76,82,0,0,6911,0.5544768934531451,8.197040557861328,69,79
negsteer+constraints,design_19_seq_1,design_01_s2,design_01,steered,2.0,1,0.1996,7.413,0.208,0.1996,0.1996,0.04755000569735115,0.1264564879948455,0.04755000569735115,68,53,73,75,2.9998870343784683,3.054435875049391,76,82,0,0,7437,0.5966784338896021,7.634149551391602,69,74
negsteer+constraints,design_1_seq_0,initial,initial,cold_start,,1,0.6523,30.234,0.6523,0.7085,0.6523,0.3913102149991773,0.42865957334501353,0.3913102149991773,32,45,82,82,3.2363196445526423,3.2363196445526423,82,82,1,1,12956,0.9634146341463414,4.195463180541992,82,81
negsteer+constraints,design_1_seq_0,design_00_s0,design_00,steered,0.0,1,0.623,4.477,0.6703,0.623,0.623,0.39425947185798843,0.46036909953066396,0.39425947185798843,75,37,82,82,3.2363196445526423,3.2363196445526423,82,82,1,1,13185,0.9804431885782272,4.047883987426758,82,82
negsteer+constraints,design_1_seq_0,design_00_s1,design_00,steered,1.0,1,0.747,5.445,0.747,0.7606,0.747,0.5406195622210096,0.5824392230715603,0.5406195622210096,73,37,82,82,3.2363196445526423,3.2363196445526423,82,82,1,1,13261,0.9860945865556217,3.0306663513183594,81,82
negsteer+constraints,design_1_seq_0,design_00_s2,design_00,steered,2.0,1,0.5746,5.617,0.5939,0.5746,0.5746,0.3738657504138423,0.4346238007348758,0.3738657504138423,74,24,82,82,3.2363196445526423,3.2363196445526423,82,82,1,1,13143,0.9773200475907198,4.167113780975342,81,82
negsteer+constraints,design_1_seq_0,design_01_s2,design_01,steered,2.0,1,0.7034,6.741,0.7739,0.7034,0.7034,0.481608328074444,0.5427634038241217,0.481608328074444,74,24,82,82,3.2363196445526423,3.2363196445526423,82,82,1,1,13281,0.9875817965496728,3.389908790588379,82,82
negsteer+constraints,design_1_seq_0,design_02_s1,design_02,steered,1.0,1,0.1404,7.641,0.1404,0.1672,0.1404,0.05468656446091921,0.10834667609334446,0.05468656446091921,73,58,74,81,3.0273155556828426,3.2111376255715163,82,82,0,0,8391,0.6239589530041642,8.193614959716797,77,75
negsteer+constraints,design_1_seq_0,design_02_s2,design_02,steered,2.0,1,0.2484,8.358,0.2507,0.2484,0.2484,0.09248027703781589,0.16595803849717103,0.09248027703781589,75,54,75,81,3.054435875049391,3.2111376255715163,82,82,0,0,9808,0.7293277810826889,7.200292587280273,78,79
negsteer+constraints,design_1_seq_0,design_01_s1,design_01,steered,1.0,1,0.5505,8.38,0.5966,0.5505,0.5505,0.3307703785206441,0.41306973041160167,0.3307703785206441,75,52,82,82,3.2363196445526423,3.2363196445526423,82,82,1,1,13130,0.9763533610945866,4.459900379180908,82,82
negsteer+constraints,design_1_seq_0,design_01_s0,design_01,steered,0.0,1,0.4518,8.638,0.5177,0.4518,0.4518,0.24732875832492804,0.3384690764161372,0.24732875832492804,75,52,82,82,3.2363196445526423,3.2363196445526423,82,82,1,1,12885,0.9581350386674599,5.268725872039795,81,82
negsteer+constraints,design_1_seq_0,design_02_s0,design_02,steered,0.0,1,0.166,9.075,0.166,0.1956,0.166,0.07988453859735917,0.12168737920001149,0.07988453859735917,74,53,74,81,3.0273155556828426,3.2111376255715163,82,82,0,0,9421,0.7005502676977989,7.8939056396484375,79,75
negsteer+constraints,design_1_seq_1,initial,initial,cold_start,,1,0.2125,9.937,0.2125,0.2194,0.2125,0.08251336162978011,0.14921543812492816,0.08251336162978011,75,52,76,82,3.081256507046695,3.2363196445526423,82,82,0,1,9785,0.72761748958953,7.530637741088867,78,81
negsteer+constraints,design_1_seq_1,design_01_s0,design_01,steered,0.0,1,0.2958,6.292,0.3427,0.2958,0.2958,0.15455728236915225,0.2147824122207012,0.15455728236915225,76,52,81,82,3.2111376255715163,3.2363196445526423,82,82,0,1,11670,0.8677870315288518,6.608516216278076,79,81
negsteer+constraints,design_1_seq_1,design_01_s1,design_01,steered,1.0,1,0.3127,9.286,0.3127,0.3307,0.3127,0.18384434458538434,0.24618611696301165,0.18384434458538434,39,37,82,82,3.2363196445526423,3.2363196445526423,82,82,1,1,12554,0.9335217132659132,6.24116325378418,81,82
negsteer+constraints,design_1_seq_1,design_02_s0,design_02,steered,0.0,1,0.0266,16.795,0.0266,0.0919,0.0266,0.0064212345381880675,0.04643373910860136,0.0064212345381880675,39,58,34,55,1.5088180444152115,2.440740347758208,82,82,0,0,4276,0.317965496728138,8.495430946350098,75,74
negsteer+constraints,design_1_seq_1,design_00_s0,design_00,steered,0.0,1,0.0061,19.328,0.0061,0.0139,0.0061,0.0022650665075450043,0.003585095256112698,0.0022650665075450043,5,22,23,26,0.6799999999999999,0.9577353123059507,82,82,0,0,2021,0.15028256989886973,8.831045150756836,62,69
negsteer+constraints,design_1_seq_1,design_02_s2,design_02,steered,2.0,1,0.0028,19.693,0.0029,0.0028,0.0028,0.0007823110194649639,0.001315487554387712,0.0007823110194649639,79,63,2,1,0.5,0.5,82,82,0,0,110,0.00817965496728138,9.702320098876953,24,41
negsteer+constraints,design_1_seq_1,design_00_s2,design_00,steered,2.0,1,0.2135,20.968,0.2319,0.2135,0.2135,0.15653608480139022,0.1532315491675967,0.1532315491675967,50,35,81,82,3.2111376255715163,3.2363196445526423,82,82,0,1,11628,0.8646638905413444,7.200567722320557,81,77
negsteer+constraints,design_1_seq_1,design_00_s1,design_00,steered,1.0,1,0.2715,22.071,0.2715,0.2734,0.2715,0.16634144708684578,0.18665947386336218,0.16634144708684578,38,22,81,82,3.2111376255715163,3.2363196445526423,82,82,0,1,11653,0.8665229030339084,6.725107192993164,81,78
negsteer+constraints,design_1_seq_1,design_02_s1,design_02,steered,1.0,1,0.003,23.915,0.003,0.0032,0.003,0.0007855305732114286,0.00224924809867289,0.0007855305732114286,79,42,2,1,0.5,0.5,82,82,0,0,205,0.01524390243902439,9.499543190002441,24,66
negsteer+constraints,design_1_seq_1,design_01_s2,design_01,steered,2.0,1,0.0033,24.789,0.0033,0.0034,0.0033,0.0012349715859561068,0.002683714830044021,0.0012349715859561068,11,60,4,21,0.5,0.5,82,82,0,0,1165,0.08662998215348007,9.00943374633789,36,71
negsteer+constraints,design_20_seq_0,initial,initial,cold_start,,1,0.4538,27.972,0.5177,0.4538,0.4538,0.16906532196497376,0.2511251338774611,0.16906532196497376,33,45,73,77,2.9998870343784683,3.107785596003703,77,82,0,1,9572,0.7579980994615141,5.700496673583984,76,74
negsteer+constraints,design_20_seq_0,design_02_s2,design_02,steered,2.0,1,0.4238,5.071,0.4456,0.4238,0.4238,0.26592469812286174,0.3151791195226152,0.26592469812286174,74,55,82,77,3.2363196445526423,3.107785596003703,77,82,1,1,12263,0.9710959771935381,5.244423866271973,77,81
negsteer+constraints,design_20_seq_0,design_01_s2,design_01,steered,2.0,1,0.2824,3.598,0.2879,0.2824,0.2824,0.12947158774590822,0.20671563263891674,0.12947158774590822,43,22,82,76,3.2363196445526423,3.081256507046695,77,82,1,0,10822,0.8569844789356984,6.757073402404785,75,81
negsteer+constraints,design_20_seq_0,design_01_s0,design_01,steered,0.0,1,0.0368,4.764,0.0368,0.0912,0.0368,0.003522260973302575,0.03082501214202039,0.003522260973302575,43,22,38,57,1.726395055015941,2.5102730396591975,77,82,0,0,3234,0.25609756097560976,8.559003829956055,64,76
negsteer+constraints,design_20_seq_0,design_02_s1,design_02,steered,1.0,1,0.2372,4.99,0.2722,0.2372,0.2372,0.0988118862370392,0.1678052447997488,0.0988118862370392,73,52,79,77,3.1599999999999993,3.107785596003703,77,82,0,1,10007,0.7924453595185302,7.342593193054199,75,81
negsteer+constraints,design_20_seq_0,design_02_s0,design_02,steered,0.0,1,0.0934,5.866,0.1505,0.0934,0.0934,0.017846563933780053,0.045092767243637,0.017846563933780053,73,58,74,53,3.0273155556828426,2.368849504430714,77,82,0,0,4524,0.358251504592968,8.31675910949707,73,78
negsteer+constraints,design_20_seq_0,design_00_s1,design_00,steered,1.0,1,0.4098,6.969,0.4248,0.4098,0.4098,0.18556006251858523,0.2771541629378434,0.18556006251858523,69,53,82,77,3.2363196445526423,3.107785596003703,77,82,1,1,11310,0.89562876148242,5.843404769897461,75,81
negsteer+constraints,design_20_seq_0,design_00_s0,design_00,steered,0.0,1,0.3469,8.618,0.3569,0.3469,0.3469,0.13191207832136712,0.223265396791692,0.13191207832136712,69,55,80,77,3.185699940650432,3.107785596003703,77,82,0,1,10149,0.8036902122267976,6.353275299072266,75,81
negsteer+constraints,design_20_seq_0,design_01_s1,design_01,steered,1.0,1,0.2308,25.605,0.2308,0.2893,0.2308,0.1062192877137719,0.1919847496773866,0.1062192877137719,35,53,76,77,3.081256507046695,3.107785596003703,77,82,0,1,9834,0.7787456445993032,6.819866180419922,76,81
negsteer+constraints,design_20_seq_0,design_00_s2,design_00,steered,2.0,1,0.5466,8.84,0.5723,0.5466,0.5466,0.2648134017181764,0.35135648459786684,0.2648134017181764,69,55,82,77,3.2363196445526423,3.107785596003703,77,82,1,1,11501,0.9107538802660754,4.954830646514893,75,81
negsteer+constraints,design_20_seq_1,initial,initial,cold_start,,1,0.3585,29.208,0.3585,0.365,0.3585,0.13345613156735606,0.19631488919939574,0.13345613156735606,33,45,74,77,3.0273155556828426,3.107785596003703,77,82,0,1,9556,0.7567310738042445,6.393089294433594,75,75
negsteer+constraints,design_20_seq_1,design_00_s2,design_00,steered,2.0,1,0.4949,1.988,0.565,0.4949,0.4949,0.22296045824595087,0.301620963418561,0.22296045824595087,69,53,81,77,3.2111376255715163,3.107785596003703,77,82,0,1,10825,0.8572220462464365,5.278596878051758,75,81
negsteer+constraints,design_20_seq_1,design_00_s1,design_00,steered,1.0,1,0.6053,3.873,0.6645,0.6053,0.6053,0.3116055606568063,0.3968020224852896,0.3116055606568063,69,46,82,77,3.2363196445526423,3.107785596003703,77,82,1,1,11972,0.948051948051948,4.634186744689941,77,81
negsteer+constraints,design_20_seq_1,design_00_s0,design_00,steered,0.0,1,0.4412,4.018,0.5559,0.4412,0.4412,0.15769788790978007,0.28668904767894166,0.15769788790978007,69,53,82,77,3.2363196445526423,3.107785596003703,77,82,1,1,10382,0.8221412733607856,5.817205429077148,73,81
negsteer+constraints,design_20_seq_1,design_02_s0,design_02,steered,0.0,1,0.7991,5.868,0.8234,0.7991,0.7991,0.5348843166834445,0.5890032946069657,0.5348843166834445,69,45,82,77,3.2363196445526423,3.107785596003703,77,82,1,1,12286,0.9729173265758632,2.944730043411255,76,82
negsteer+constraints,design_20_seq_1,design_02_s1,design_02,steered,1.0,1,0.7563,5.421,0.8124,0.7563,0.7563,0.46656530498914034,0.5448475691387658,0.46656530498914034,69,45,82,77,3.2363196445526423,3.107785596003703,77,82,1,1,12282,0.9726005701615458,3.326808214187622,76,82
negsteer+constraints,design_20_seq_1,design_02_s2,design_02,steered,2.0,1,0.7806,7.679,0.8149,0.7806,0.7806,0.5015621352305805,0.5577757770150173,0.5015621352305805,69,45,82,77,3.2363196445526423,3.107785596003703,77,82,1,1,12273,0.9718878682293316,3.188345432281494,76,81
negsteer+constraints,design_20_seq_1,design_01_s0,design_01,steered,0.0,1,0.1834,10.784,0.1834,0.2056,0.1834,0.061159017731665405,0.14365944941528141,0.061159017731665405,74,57,73,68,2.9998870343784683,2.8577943352341295,77,82,0,0,7803,0.6179125752296484,7.359291076660156,67,81
negsteer+constraints,design_20_seq_1,design_01_s1,design_01,steered,1.0,1,0.3082,11.247,0.3378,0.3082,0.3082,0.11463187178052575,0.21349862552384233,0.11463187178052575,35,24,82,76,3.2363196445526423,3.081256507046695,77,82,1,0,9479,0.7506335128286348,6.5577168464660645,70,81
negsteer+constraints,design_20_seq_1,design_01_s2,design_01,steered,2.0,1,0.1409,12.615,0.1566,0.1409,0.1409,0.020690877441099133,0.08563130551085966,0.020690877441099133,74,53,73,61,2.9998870343784683,2.6429793600597735,77,82,0,0,4909,0.3887393094710168,7.797544956207275,48,77
negsteer+constraints,design_21_seq_0,initial,initial,cold_start,0.0,1,0.8272,1.223,0.8374,0.8272,0.8272,0.5428637884573878,0.5705900970937275,0.5428637884573878,75,45,82,84,3.2363196445526423,3.2859417528309107,84,82,1,1,13385,0.9716173054587689,3.130526304244995,84,81
negsteer+constraints,design_21_seq_0,initial_s1,initial,cold_start,1.0,1,0.8597,1.678,0.8768,0.8597,0.8597,0.6169608215984356,0.6349405512872447,0.6169608215984356,75,45,82,84,3.2363196445526423,3.2859417528309107,84,82,1,1,13622,0.9888211382113821,2.678384780883789,84,82
negsteer+constraints,design_21_seq_0,initial_s2,initial,cold_start,2.0,1,0.883,1.737,0.8964,0.883,0.883,0.6509362340744008,0.660558181962498,0.6509362340744008,75,45,82,84,3.2363196445526423,3.2859417528309107,84,82,1,1,13620,0.9886759581881533,2.476475715637207,84,82
negsteer+constraints,design_21_seq_1,initial,initial,cold_start,0.0,1,0.8691,1.226,0.8691,0.8692,0.8691,0.5916862694402447,0.612436303641738,0.5916862694402447,75,45,82,84,3.2363196445526423,3.2859417528309107,84,82,1,1,13548,0.9834494773519163,2.8509304523468018,84,81
negsteer+constraints,design_21_seq_1,initial_s2,initial,cold_start,2.0,1,0.8917,1.224,0.8948,0.8917,0.8917,0.6411857059935019,0.652615797047208,0.6411857059935019,75,45,82,84,3.2363196445526423,3.2859417528309107,84,82,1,1,13573,0.9852642276422764,2.53157114982605,84,81
negsteer+constraints,design_21_seq_1,initial_s1,initial,cold_start,1.0,1,0.8759,1.592,0.8759,0.8796,0.8759,0.6130641887679563,0.6266936711603548,0.6130641887679563,75,45,82,84,3.2363196445526423,3.2859417528309107,84,82,1,1,13555,0.9839576074332171,2.7349565029144287,84,81
negsteer+constraints,design_22_seq_0,initial,initial,cold_start,,1,0.3298,28.547,0.3475,0.3298,0.3298,0.17223506830874588,0.17991064710076898,0.17223506830874588,34,54,75,77,3.054435875049391,3.107785596003703,77,82,0,1,9837,0.7789832119100412,6.165901184082031,74,73
negsteer+constraints,design_22_seq_0,design_02_s0,design_02,steered,0.0,1,0.4756,2.47,0.5845,0.4756,0.4756,0.2637988745821519,0.3180788847526944,0.2637988745821519,68,45,82,77,3.2363196445526423,3.107785596003703,77,82,1,1,11567,0.9159803611023123,5.2094035148620605,75,81
negsteer+constraints,design_22_seq_0,design_02_s1,design_02,steered,1.0,1,0.5456,1.71,0.6347,0.5456,0.5456,0.36487322186071475,0.40913958355171104,0.36487322186071475,68,24,82,77,3.2363196445526423,3.107785596003703,77,82,1,1,12164,0.9632562559391827,4.194646835327148,77,82
negsteer+constraints,design_22_seq_0,design_02_s2,design_02,steered,2.0,1,0.5397,1.885,0.6408,0.5397,0.5397,0.3335393031714363,0.3689948712452883,0.3335393031714363,68,45,82,77,3.2363196445526423,3.107785596003703,77,82,1,1,12299,0.9739467849223947,4.704524993896484,77,81
negsteer+constraints,design_22_seq_0,design_00_s1,design_00,steered,1.0,1,0.5735,1.935,0.6307,0.5735,0.5735,0.3725261774047145,0.42272143315228566,0.3725261774047145,69,24,82,77,3.2363196445526423,3.107785596003703,77,82,1,1,12280,0.9724421919543871,4.158486366271973,77,82
negsteer+constraints,design_22_seq_0,design_00_s2,design_00,steered,2.0,1,0.357,2.144,0.3781,0.357,0.357,0.21345937405652426,0.2485300440045937,0.21345937405652426,68,24,82,77,3.2363196445526423,3.107785596003703,77,82,1,1,11434,0.9054482103262591,5.8143439292907715,75,81
negsteer+constraints,design_22_seq_0,design_00_s0,design_00,steered,0.0,1,0.4573,2.178,0.5019,0.4573,0.4573,0.28346246358176524,0.3308835257208202,0.28346246358176524,68,24,82,77,3.2363196445526423,3.107785596003703,77,82,1,1,11975,0.9482895153626861,4.987818717956543,77,81
negsteer+constraints,design_22_seq_0,design_01_s0,design_01,steered,0.0,1,0.1053,6.002,0.1278,0.1053,0.1053,0.06412023809653791,0.043254843481430195,0.043254843481430195,43,22,67,62,2.828313834453388,2.674944339371981,77,82,0,0,6153,0.48725055432372505,8.310905456542969,71,74
negsteer+constraints,design_22_seq_0,design_01_s2,design_01,steered,2.0,1,0.1214,6.132,0.1409,0.1214,0.1214,0.07097604117271575,0.054282418193818044,0.054282418193818044,44,22,73,68,2.9998870343784683,2.8577943352341295,77,82,0,0,6777,0.5366645549572379,8.29830551147461,71,74
negsteer+constraints,design_22_seq_0,design_01_s1,design_01,steered,1.0,1,0.2002,6.603,0.2079,0.2002,0.2002,0.1265329217157242,0.12546528002144997,0.12546528002144997,44,22,77,77,3.107785596003703,3.107785596003703,77,82,0,1,9749,0.7720145707950586,7.369348049163818,73,80
negsteer+constraints,design_22_seq_1,initial,initial,cold_start,0.0,1,0.8235,1.257,0.8235,0.8426,0.8235,0.5752981959890526,0.5602531697510219,0.5602531697510219,68,45,82,77,3.2363196445526423,3.107785596003703,77,82,1,1,12355,0.9783813747228381,2.969924211502075,77,81
negsteer+constraints,design_22_seq_1,initial_s2,initial,cold_start,2.0,1,0.786,1.275,0.786,0.8043,0.786,0.5141391221784636,0.5252591074875942,0.5141391221784636,68,45,82,77,3.2363196445526423,3.107785596003703,77,82,1,1,12250,0.9700665188470067,3.3410325050354004,77,81
negsteer+constraints,design_22_seq_1,initial_s1,initial,cold_start,1.0,1,0.8267,1.507,0.8267,0.8337,0.8267,0.5718315342326298,0.5666730892730922,0.5666730892730922,68,45,82,77,3.2363196445526423,3.107785596003703,77,82,1,1,12399,0.9818656952803294,2.956354856491089,77,81
negsteer+constraints,design_23_seq_0,initial,initial,cold_start,,1,0.683,28.469,0.683,0.7122,0.683,0.42093775594212973,0.4349347089939728,0.42093775594212973,46,45,82,78,3.2363196445526423,3.1340309377915263,78,82,1,1,12250,0.9576297686053784,4.037351608276367,78,81
negsteer+constraints,design_23_seq_0,design_02_s2,design_02,steered,2.0,1,0.3153,4.73,0.3251,0.3153,0.3153,0.19898789743773448,0.22891399643111338,0.19898789743773448,75,58,81,78,3.2111376255715163,3.1340309377915263,78,82,0,1,11753,0.9187773608505316,6.133699417114258,78,81
negsteer+constraints,design_23_seq_0,design_01_s2,design_01,steered,2.0,1,0.5973,27.4,0.5973,0.6368,0.5973,0.3389856334304055,0.3550049241109774,0.3389856334304055,33,45,82,78,3.2363196445526423,3.1340309377915263,78,82,1,1,11692,0.9140087554721701,4.595033645629883,77,81
negsteer+constraints,design_23_seq_0,design_01_s1,design_01,steered,1.0,1,0.3503,27.795,0.3503,0.3807,0.3503,0.1657424347463231,0.18471824479709584,0.1657424347463231,33,52,73,78,2.9998870343784683,3.1340309377915263,78,82,0,1,9271,0.7247498436522827,5.9782867431640625,72,71
negsteer+constraints,design_23_seq_0,design_01_s0,design_01,steered,0.0,1,0.5869,27.826,0.5869,0.6206,0.5869,0.3238732728134029,0.3430574771624467,0.3238732728134029,32,45,81,78,3.2111376255715163,3.1340309377915263,78,82,0,1,11545,0.9025171982489055,4.680439472198486,76,81
negsteer+constraints,design_23_seq_0,design_00_s2,design_00,steered,2.0,1,0.7929,28.502,0.7929,0.8249,0.7929,0.4996012259209051,0.5057928812485643,0.4996012259209051,46,45,82,78,3.2363196445526423,3.1340309377915263,78,82,1,1,12361,0.966307066916823,3.5243754386901855,78,81
negsteer+constraints,design_23_seq_0,design_00_s1,design_00,steered,1.0,1,0.7745,28.768,0.7745,0.808,0.7745,0.4787154913915751,0.4798980613307255,0.4787154913915751,46,45,82,78,3.2363196445526423,3.1340309377915263,78,82,1,1,12259,0.9583333333333334,3.6686062812805176,78,81
negsteer+constraints,design_23_seq_0,design_00_s0,design_00,steered,0.0,1,0.7945,29.042,0.7945,0.8272,0.7945,0.5040188517379693,0.5024634472253483,0.5024634472253483,32,45,82,78,3.2363196445526423,3.1340309377915263,78,82,1,1,12380,0.9677923702313946,3.518559217453003,78,81
negsteer+constraints,design_23_seq_0,design_02_s0,design_02,steered,0.0,1,0.2827,25.545,0.2827,0.3742,0.2827,0.18136006279084355,0.2297460831412137,0.18136006279084355,44,53,78,78,3.1340309377915263,3.1340309377915263,78,82,0,1,10950,0.8560037523452158,6.0017266273498535,76,81
negsteer+constraints,design_23_seq_0,design_02_s1,design_02,steered,1.0,1,0.3093,27.571,0.3093,0.3643,0.3093,0.1954197596089962,0.2493020282382509,0.1954197596089962,44,54,81,78,3.2111376255715163,3.1340309377915263,78,82,0,1,11281,0.8818792995622264,5.847201824188232,75,81
negsteer+constraints,design_23_seq_1,initial,initial,cold_start,,1,0.44,29.006,0.4472,0.44,0.44,0.19832648042864046,0.24911894560394035,0.19832648042864046,32,45,73,78,2.9998870343784683,3.1340309377915263,78,82,0,1,10356,0.8095684803001876,5.555580139160156,78,75
negsteer+constraints,design_23_seq_1,design_01_s0,design_01,steered,0.0,1,0.3038,3.119,0.3038,0.325,0.3038,0.16281712376094687,0.22512688481805437,0.16281712376094687,70,52,81,78,3.2111376255715163,3.1340309377915263,78,82,0,1,11311,0.8842245153220762,6.381052017211914,77,81
negsteer+constraints,design_23_seq_1,design_00_s1,design_00,steered,1.0,1,0.3954,7.113,0.5615,0.3954,0.3954,0.12976699387535262,0.24527248762059595,0.12976699387535262,70,45,78,78,3.1340309377915263,3.1340309377915263,78,82,0,1,9634,0.7531269543464666,6.18638801574707,75,81
negsteer+constraints,design_23_seq_1,design_02_s1,design_02,steered,1.0,1,0.0864,7.438,0.0864,0.0957,0.0864,0.018201875828731902,0.041200548515473376,0.018201875828731902,44,22,55,59,2.440740347758208,2.577631935804318,78,82,0,0,4738,0.3703877423389619,8.638128280639648,73,78
negsteer+constraints,design_23_seq_1,design_00_s2,design_00,steered,2.0,1,0.3822,7.556,0.545,0.3822,0.3822,0.11733948699055383,0.23318399477000462,0.11733948699055383,70,55,75,77,3.054435875049391,3.107785596003703,78,82,0,0,8980,0.7020012507817386,6.1174468994140625,73,79
negsteer+constraints,design_23_seq_1,design_01_s1,design_01,steered,1.0,1,0.3077,29.12,0.3077,0.33,0.3077,0.10712700774176763,0.1820778052674652,0.10712700774176763,33,45,71,78,2.9440693332755243,3.1340309377915263,78,82,0,1,9082,0.7099749843652282,6.6155314445495605,75,71
negsteer+constraints,design_23_seq_1,design_00_s0,design_00,steered,0.0,1,0.3419,8.515,0.4836,0.3419,0.3419,0.10131571195327127,0.20658598599455705,0.10131571195327127,70,55,75,77,3.054435875049391,3.107785596003703,78,82,0,0,8707,0.6806597873671044,6.432111740112305,72,75
negsteer+constraints,design_23_seq_1,design_02_s0,design_02,steered,0.0,1,0.0028,8.59,0.0028,0.0033,0.0028,0.0005685731422347137,0.002230443060398102,0.0005685731422347137,8,40,2,14,0.5,0.5,78,82,0,0,683,0.0533927454659162,9.223045349121094,17,62
negsteer+constraints,design_23_seq_1,design_02_s2,design_02,steered,2.0,1,0.166,8.85,0.166,0.1884,0.166,0.0787310511745417,0.12291169770788855,0.0787310511745417,70,58,75,76,3.054435875049391,3.081256507046695,78,82,0,0,9045,0.7070825515947468,7.820581912994385,72,80
negsteer+constraints,design_23_seq_1,design_01_s2,design_01,steered,2.0,1,0.3881,29.976,0.3881,0.4489,0.3881,0.1730632629747001,0.24052866497190623,0.1730632629747001,33,45,73,78,2.9998870343784683,3.1340309377915263,78,82,0,1,10050,0.7856472795497186,5.709005832672119,76,78
negsteer+constraints,design_24_seq_0,initial,initial,cold_start,,1,0.0385,13.46,0.0664,0.0385,0.0385,0.006388172586722409,0.015538824202560978,0.006388172586722409,48,58,53,38,2.368849504430714,1.726395055015941,85,82,0,0,2924,0.2097560975609756,9.103166580200195,71,66
negsteer+constraints,design_24_seq_0,design_01_s1,design_01,steered,1.0,1,0.4572,1.673,0.4972,0.4572,0.4572,0.2893171106410377,0.33013592220888266,0.2893171106410377,79,55,82,85,3.2363196445526423,3.3103937717626097,85,82,1,1,13307,0.9545911047345768,5.137991905212402,85,81
negsteer+constraints,design_24_seq_0,design_01_s2,design_01,steered,2.0,1,0.2027,5.346,0.2027,0.2041,0.2027,0.12664255060200744,0.13557730462379392,0.12664255060200744,79,58,75,83,3.054435875049391,3.2612523263775115,85,82,0,0,11046,0.7923959827833572,7.505975723266602,83,79
negsteer+constraints,design_24_seq_0,design_02_s0,design_02,steered,0.0,1,0.1503,11.153,0.1532,0.1503,0.1503,0.0933067979701959,0.10167999437828434,0.0933067979701959,50,34,81,81,3.2111376255715163,3.2111376255715163,85,82,0,0,10369,0.7438307030129124,8.353567123413086,84,80
negsteer+constraints,design_24_seq_0,design_01_s0,design_01,steered,0.0,1,0.1185,11.326,0.1199,0.1185,0.1185,0.03866445929469431,0.05349628680397007,0.03866445929469431,48,48,73,73,2.9998870343784683,2.9998870343784683,85,82,0,0,6185,0.44368723098995694,8.620316505432129,79,78
negsteer+constraints,design_24_seq_0,design_00_s0,design_00,steered,0.0,1,0.3046,11.507,0.3131,0.3046,0.3046,0.22721655852270914,0.2301139521509091,0.22721655852270914,50,24,82,85,3.2363196445526423,3.3103937717626097,85,82,1,1,13162,0.9441893830703013,6.022716999053955,84,81
negsteer+constraints,design_24_seq_0,design_00_s1,design_00,steered,1.0,1,0.0079,12.136,0.0512,0.0079,0.0079,0.00591351473430062,0.002473865113243824,0.002473865113243824,50,34,45,24,2.052968307382785,0.7793039405843609,85,82,0,0,2237,0.16047345767575322,9.220149993896484,73,61
negsteer+constraints,design_24_seq_0,design_02_s2,design_02,steered,2.0,1,0.1652,13.756,0.1742,0.1652,0.1652,0.10935367036008221,0.11745068791220192,0.10935367036008221,77,52,81,81,3.2111376255715163,3.2111376255715163,85,82,0,0,10958,0.7860832137733142,8.03986644744873,83,81
negsteer+constraints,design_24_seq_0,design_00_s2,design_00,steered,2.0,1,0.016,14.323,0.0668,0.016,0.016,0.012135838248821742,0.0033598239278057364,0.0033598239278057364,48,58,52,28,2.331955096040982,1.115655012773739,85,82,0,0,2873,0.20609756097560974,9.151429176330566,74,63
negsteer+constraints,design_24_seq_0,design_02_s1,design_02,steered,1.0,1,0.2182,15.503,0.2182,0.2248,0.2182,0.14583011810558247,0.17376270408957925,0.14583011810558247,77,22,82,85,3.2363196445526423,3.3103937717626097,85,82,1,1,12665,0.9085365853658537,7.311304092407227,84,81
negsteer+constraints,design_24_seq_1,initial,initial,cold_start,,1,0.178,28.758,0.178,0.2254,0.178,0.0968217845321359,0.11817201011723316,0.0968217845321359,53,53,70,85,2.9156610513441255,3.3103937717626097,85,82,0,1,9484,0.6803443328550932,7.633432865142822,79,66
negsteer+constraints,design_24_seq_1,design_00_s2,design_00,steered,2.0,1,0.3389,4.364,0.4333,0.3389,0.3389,0.19398858551593387,0.2074511625332667,0.19398858551593387,82,53,77,85,3.107785596003703,3.3103937717626097,85,82,0,1,11652,0.8358680057388809,6.159705638885498,83,79
negsteer+constraints,design_24_seq_1,design_02_s0,design_02,steered,0.0,1,0.7669,1.663,0.7924,0.7669,0.7669,0.48236126330516793,0.5455948036254906,0.48236126330516793,77,45,82,85,3.2363196445526423,3.3103937717626097,85,82,1,1,13635,0.9781205164992827,3.398691415786743,84,81
negsteer+constraints,design_24_seq_1,design_02_s1,design_02,steered,1.0,1,0.696,1.937,0.7524,0.696,0.696,0.40199992939939394,0.4967596390080161,0.40199992939939394,77,45,82,85,3.2363196445526423,3.3103937717626097,85,82,1,1,13512,0.9692969870875179,3.8686165809631348,85,81
negsteer+constraints,design_24_seq_1,design_00_s0,design_00,steered,0.0,1,0.4566,3.437,0.5212,0.4566,0.4566,0.272664223241565,0.28292809481584896,0.272664223241565,82,53,82,85,3.2363196445526423,3.3103937717626097,85,82,1,1,12632,0.9061692969870875,5.323744297027588,83,81
negsteer+constraints,design_24_seq_1,design_02_s2,design_02,steered,2.0,1,0.6196,3.918,0.6804,0.6196,0.6196,0.33770752058583586,0.4365145415067673,0.33770752058583586,78,45,82,85,3.2363196445526423,3.3103937717626097,85,82,1,1,13498,0.9682926829268292,4.384369373321533,84,81
negsteer+constraints,design_24_seq_1,design_00_s1,design_00,steered,1.0,1,0.6646,4.297,0.6848,0.6646,0.6646,0.4233468031976372,0.46009356246852295,0.4233468031976372,82,45,82,85,3.2363196445526423,3.3103937717626097,85,82,1,1,13571,0.9735294117647059,3.916639804840088,83,81
negsteer+constraints,design_24_seq_1,design_01_s1,design_01,steered,1.0,1,0.2324,8.582,0.2376,0.2324,0.2324,0.1128005431198022,0.15284335071777516,0.1128005431198022,80,52,74,83,3.0273155556828426,3.2612523263775115,85,82,0,0,10702,0.7677187948350072,7.4198150634765625,82,77
negsteer+constraints,design_24_seq_1,design_01_s0,design_01,steered,0.0,1,0.4745,29.275,0.4745,0.4887,0.4745,0.2517240261631634,0.28058470824801524,0.2517240261631634,32,45,82,85,3.2363196445526423,3.3103937717626097,85,82,1,1,12382,0.888235294117647,5.40540075302124,84,81
negsteer+constraints,design_24_seq_1,design_01_s2,design_01,steered,2.0,1,0.3868,29.352,0.3868,0.4202,0.3868,0.17742496203521596,0.22810846936559623,0.17742496203521596,32,45,75,85,3.054435875049391,3.3103937717626097,85,82,0,1,11031,0.7913199426111908,5.942140102386475,82,74
negsteer+constraints,design_25_seq_0,initial,initial,cold_start,,1,0.6983,7.072,0.7444,0.6983,0.6983,0.4898236890255315,0.5316016489594448,0.4898236890255315,74,53,82,82,3.2363196445526423,3.2363196445526423,82,82,1,1,13236,0.9842355740630577,3.3347795009613037,81,82
negsteer+constraints,design_25_seq_0,design_02_s2,design_02,steered,2.0,1,0.5024,4.57,0.6194,0.5024,0.5024,0.30901897384035515,0.36129976895342514,0.30901897384035515,75,52,82,82,3.2363196445526423,3.2363196445526423,82,82,1,1,13135,0.9767251635930994,4.897743225097656,82,81
negsteer+constraints,design_25_seq_0,design_00_s0,design_00,steered,0.0,1,0.614,4.766,0.6696,0.614,0.614,0.38370176030765857,0.44850210671415325,0.38370176030765857,75,53,82,82,3.2363196445526423,3.2363196445526423,82,82,1,1,13197,0.981335514574658,4.1218791007995605,82,82
negsteer+constraints,design_25_seq_0,design_02_s1,design_02,steered,1.0,1,0.1857,5.353,0.2881,0.1857,0.1857,0.046113924881466095,0.11401337369276983,0.046113924881466095,78,58,74,78,3.0273155556828426,3.1340309377915263,82,82,0,0,7214,0.5364366448542535,7.8313117027282715,76,81
negsteer+constraints,design_25_seq_0,design_01_s0,design_01,steered,0.0,1,0.3785,5.96,0.3857,0.3785,0.3785,0.23901195253995133,0.29402288569353247,0.23901195253995133,76,37,82,82,3.2363196445526423,3.2363196445526423,82,82,1,1,13122,0.9757584770969661,5.640990734100342,82,82
negsteer+constraints,design_25_seq_0,design_01_s2,design_01,steered,2.0,1,0.362,6.091,0.3644,0.362,0.362,0.20642348181842485,0.26621016673743725,0.20642348181842485,76,53,80,82,3.185699940650432,3.2363196445526423,82,82,0,1,12649,0.9405859607376561,5.994699478149414,82,81
negsteer+constraints,design_25_seq_0,design_00_s1,design_00,steered,1.0,1,0.6301,8.414,0.6732,0.6301,0.6301,0.4166466971921803,0.4878965014160225,0.4166466971921803,75,39,82,82,3.2363196445526423,3.2363196445526423,82,82,1,1,13203,0.9817816775728733,3.7601325511932373,81,82
negsteer+constraints,design_25_seq_0,design_01_s1,design_01,steered,1.0,1,0.268,16.553,0.268,0.2973,0.268,0.18598314797187723,0.213487123127845,0.18598314797187723,34,53,82,82,3.2363196445526423,3.2363196445526423,82,82,1,1,12454,0.9260856632956573,6.503083229064941,81,81
negsteer+constraints,design_25_seq_0,design_00_s2,design_00,steered,2.0,1,0.5642,12.319,0.5642,0.623,0.5642,0.40896441864712935,0.4658590353451805,0.40896441864712935,7,53,82,82,3.2363196445526423,3.2363196445526423,82,82,1,1,13236,0.9842355740630577,3.8631927967071533,81,82
negsteer+constraints,design_25_seq_0,design_02_s0,design_02,steered,0.0,1,0.0643,14.645,0.0643,0.1217,0.0643,0.010914146624755388,0.06617649740017043,0.010914146624755388,7,58,49,70,2.2171186335840796,2.9156610513441255,82,82,0,0,5171,0.3845181439619274,8.431640625,78,74
negsteer+constraints,design_25_seq_1,initial,initial,cold_start,,1,0.0031,10.132,0.0031,0.0329,0.0031,0.0021769595076897887,0.011843345616376254,0.0021769595076897887,76,22,15,34,0.5,1.5088180444152115,82,82,0,0,2201,0.16366745984533015,8.796525001525879,63,70
negsteer+constraints,design_25_seq_1,design_01_s0,design_01,steered,0.0,1,0.0109,9.108,0.0109,0.0255,0.0109,0.0007668070171437249,0.009189780233655034,0.0007668070171437249,78,22,26,31,0.9577353123059507,1.3246042037392856,82,82,0,0,1735,0.12901546698393812,8.731165885925293,19,71
negsteer+constraints,design_25_seq_1,design_02_s2,design_02,steered,2.0,1,0.003,14.374,0.0032,0.003,0.003,0.0022863115882501006,0.0019871840656666855,0.0019871840656666855,7,53,3,7,0.5,0.5,82,82,0,0,529,0.039336704342653184,9.438087463378906,66,59
negsteer+constraints,design_25_seq_1,design_01_s2,design_01,steered,2.0,1,0.1944,19.132,0.1944,0.253,0.1944,0.12158621470273541,0.1808470427115425,0.12158621470273541,50,24,82,82,3.2363196445526423,3.2363196445526423,82,82,1,1,11577,0.860871505056514,7.267691135406494,80,82
negsteer+constraints,design_25_seq_1,design_02_s0,design_02,steered,0.0,1,0.0,20.279,0.0,0.0029,0.0,0.0,0.001674747710661372,0.0,0,54,0,6,0.5,0.5,82,82,0,0,182,0.013533610945865556,9.569802284240723,0,51
negsteer+constraints,design_25_seq_1,design_00_s1,design_00,steered,1.0,1,0.0027,21.262,0.0029,0.0027,0.0027,0.0009182115204677713,0.0006585419149615052,0.0006585419149615052,62,38,1,2,0.5,0.5,82,82,0,0,76,0.005651397977394408,9.724897384643555,28,21
negsteer+constraints,design_25_seq_1,design_00_s0,design_00,steered,0.0,1,0.0028,22.682,0.0028,0.0028,0.0028,3.413989197281076e-05,0.0011727302761112407,3.413989197281076e-05,4,38,1,3,0.5,0.5,82,82,0,0,103,0.007659131469363474,9.76615047454834,1,37
negsteer+constraints,design_25_seq_1,design_00_s2,design_00,steered,2.0,1,0.0,22.78,0.0,0.0027,0.0,0.0,0.0002197365038006044,0.0,0,40,0,5,0.5,0.5,82,82,0,0,17,0.001264128494943486,9.816646575927734,0,7
negsteer+constraints,design_25_seq_1,design_01_s1,design_01,steered,1.0,1,0.6306,23.173,0.6708,0.6306,0.6306,0.4000647958089802,0.4685342654517693,0.4000647958089802,77,35,82,82,3.2363196445526423,3.2363196445526423,82,82,1,1,13160,0.9785841760856633,3.900507688522339,81,82
negsteer+constraints,design_25_seq_1,design_02_s1,design_02,steered,1.0,1,0.5034,23.198,0.5068,0.5034,0.5034,0.3655807011329183,0.3979622263506782,0.3655807011329183,47,35,82,82,3.2363196445526423,3.2363196445526423,82,82,1,1,13294,0.9885484830458061,4.329320430755615,82,82
negsteer+constraints,design_26_seq_0,initial,initial,cold_start,0.0,1,0.7593,2.848,0.8092,0.7593,0.7593,0.5046941044219282,0.5404846164874915,0.5046941044219282,77,45,82,84,3.2363196445526423,3.2859417528309107,84,82,1,1,13453,0.9765534262485482,3.2836599349975586,83,81
negsteer+constraints,design_26_seq_0,initial_s2,initial,cold_start,2.0,1,0.7506,1.781,0.7578,0.7506,0.7506,0.4286625581915446,0.4788505194464517,0.4286625581915446,75,45,82,84,3.2363196445526423,3.2859417528309107,84,82,1,1,13194,0.9577526132404182,3.9274847507476807,84,81
negsteer+constraints,design_26_seq_0,initial_s1,initial,cold_start,1.0,1,0.8056,2.718,0.8517,0.8056,0.8056,0.5674701441672542,0.5935136359298556,0.5674701441672542,75,45,82,84,3.2363196445526423,3.2859417528309107,84,82,1,1,13509,0.9806184668989547,2.899967670440674,83,82
negsteer+constraints,design_26_seq_1,initial,initial,cold_start,0.0,1,0.8516,1.168,0.8516,0.854,0.8516,0.5765354402302321,0.5903597365065318,0.5765354402302321,75,45,82,84,3.2363196445526423,3.2859417528309107,84,82,1,1,13547,0.9833768873403019,2.9815266132354736,84,81
negsteer+constraints,design_26_seq_1,initial_s1,initial,cold_start,1.0,1,0.843,1.514,0.845,0.843,0.843,0.560987064052218,0.5825268132839261,0.560987064052218,75,45,82,84,3.2363196445526423,3.2859417528309107,84,82,1,1,13522,0.9815621370499419,3.0497257709503174,84,81
negsteer+constraints,design_26_seq_1,initial_s2,initial,cold_start,2.0,1,0.8242,1.402,0.8242,0.8414,0.8242,0.5505638336735068,0.5588953183827604,0.5505638336735068,75,45,82,84,3.2363196445526423,3.2859417528309107,84,82,1,1,13498,0.9798199767711963,3.205014944076538,84,81
negsteer+constraints,design_27_seq_0,initial,initial,cold_start,,1,0.3359,1.295,0.3359,0.3504,0.3359,0.24846284992682438,0.26300559047518707,0.24846284992682438,70,22,82,75,3.2363196445526423,3.054435875049391,75,82,1,1,11903,0.9677235772357724,5.5787458419799805,75,81
negsteer+constraints,design_27_seq_0,design_01_s2,design_01,steered,2.0,1,0.5276,1.531,0.6176,0.5276,0.5276,0.3909423284605145,0.38867448850977804,0.38867448850977804,66,52,82,75,3.2363196445526423,3.054435875049391,75,82,1,1,11988,0.9746341463414634,4.152290344238281,74,82
negsteer+constraints,design_27_seq_0,design_00_s0,design_00,steered,0.0,1,0.5787,6.248,0.6289,0.5787,0.5787,0.3269888541909556,0.38073787676942783,0.3269888541909556,67,45,82,75,3.2363196445526423,3.054435875049391,75,82,1,1,11766,0.9565853658536585,4.5441484451293945,73,81
negsteer+constraints,design_27_seq_0,design_02_s2,design_02,steered,2.0,1,0.772,7.251,0.7932,0.772,0.772,0.49654804199934005,0.5258808534864973,0.49654804199934005,67,45,82,75,3.2363196445526423,3.054435875049391,75,82,1,1,11971,0.9732520325203252,3.2561237812042236,73,81
negsteer+constraints,design_27_seq_0,design_00_s2,design_00,steered,2.0,1,0.4983,7.38,0.5375,0.4983,0.4983,0.2822466145393749,0.3403511041854849,0.2822466145393749,67,45,82,75,3.2363196445526423,3.054435875049391,75,82,1,1,11681,0.9496747967479675,4.947143077850342,73,81
negsteer+constraints,design_27_seq_0,design_02_s1,design_02,steered,1.0,1,0.7706,7.748,0.7796,0.7706,0.7706,0.4853241600841284,0.5241038605752515,0.4853241600841284,67,45,82,75,3.2363196445526423,3.054435875049391,75,82,1,1,11933,0.9701626016260163,3.311678409576416,73,81
negsteer+constraints,design_27_seq_0,design_02_s0,design_02,steered,0.0,1,0.8014,7.785,0.8014,0.8032,0.8014,0.5203479810152203,0.544529159803216,0.5203479810152203,67,45,82,75,3.2363196445526423,3.054435875049391,75,82,1,1,11995,0.9752032520325203,3.114316463470459,74,81
negsteer+constraints,design_27_seq_0,design_00_s1,design_00,steered,1.0,1,0.5997,8.002,0.6272,0.5997,0.5997,0.3464175005567571,0.40122381888511705,0.3464175005567571,67,45,82,75,3.2363196445526423,3.054435875049391,75,82,1,1,11856,0.9639024390243902,4.357326984405518,73,81
negsteer+constraints,design_27_seq_0,design_01_s0,design_01,steered,0.0,1,0.5078,30.136,0.5544,0.5078,0.5078,0.3369245173347493,0.33160117177985515,0.33160117177985515,32,45,82,75,3.2363196445526423,3.054435875049391,75,82,1,1,11988,0.9746341463414634,4.7411909103393555,74,82
negsteer+constraints,design_27_seq_0,design_01_s1,design_01,steered,1.0,1,0.4856,28.293,0.5434,0.4856,0.4856,0.29920112376411756,0.2959992479044581,0.2959992479044581,32,52,81,75,3.2111376255715163,3.054435875049391,75,82,0,1,11123,0.9043089430894309,4.910254955291748,73,81
negsteer+constraints,design_27_seq_1,initial,initial,cold_start,,1,0.339,2.405,0.3693,0.339,0.339,0.25279431738890706,0.24237461131997406,0.24237461131997406,68,52,82,75,3.2363196445526423,3.054435875049391,75,82,1,1,11571,0.9407317073170731,5.583709239959717,75,81
negsteer+constraints,design_27_seq_1,design_01_s1,design_01,steered,1.0,1,0.7722,1.833,0.8059,0.7722,0.7722,0.533007343908151,0.5230229655053558,0.5230229655053558,67,45,82,75,3.2363196445526423,3.054435875049391,75,82,1,1,12023,0.977479674796748,3.16326642036438,74,81
negsteer+constraints,design_27_seq_1,design_01_s2,design_01,steered,2.0,1,0.7366,2.073,0.7755,0.7366,0.7366,0.4991203140343229,0.47272950694782706,0.47272950694782706,67,45,82,75,3.2363196445526423,3.054435875049391,75,82,1,1,12009,0.9763414634146341,3.4780404567718506,75,81
negsteer+constraints,design_27_seq_1,design_01_s0,design_01,steered,0.0,1,0.7917,3.673,0.8087,0.7917,0.7917,0.5579596648861964,0.537318929850987,0.537318929850987,67,45,82,75,3.2363196445526423,3.054435875049391,75,82,1,1,12103,0.9839837398373984,3.0436227321624756,75,82
negsteer+constraints,design_27_seq_1,design_00_s2,design_00,steered,2.0,1,0.6319,28.589,0.6655,0.6319,0.6319,0.4311537622163693,0.4083525437589099,0.4083525437589099,32,45,82,75,3.2363196445526423,3.054435875049391,75,82,1,1,12049,0.9795934959349594,3.981902599334717,74,81
negsteer+constraints,design_27_seq_1,design_02_s0,design_02,steered,0.0,1,0.2974,28.997,0.3064,0.2974,0.2974,0.17677705809473993,0.1535166485814332,0.1535166485814332,32,52,75,75,3.054435875049391,3.054435875049391,75,82,0,1,9854,0.8011382113821138,6.410088062286377,73,80
negsteer+constraints,design_27_seq_1,design_02_s2,design_02,steered,2.0,1,0.283,29.102,0.2908,0.283,0.283,0.16824798873936136,0.14795007277564032,0.14795007277564032,32,45,74,75,3.0273155556828426,3.054435875049391,75,82,0,1,9506,0.7728455284552845,6.437641143798828,73,71
negsteer+constraints,design_27_seq_1,design_00_s0,design_00,steered,0.0,1,0.5563,29.212,0.5891,0.5563,0.5563,0.370160924444596,0.3388275767154083,0.3388275767154083,32,45,82,75,3.2363196445526423,3.054435875049391,75,82,1,1,11958,0.9721951219512195,4.5753560066223145,75,81
negsteer+constraints,design_27_seq_1,design_02_s1,design_02,steered,1.0,1,0.4015,29.571,0.4159,0.4015,0.4015,0.2523686650240173,0.2209721669844329,0.2209721669844329,32,52,82,75,3.2363196445526423,3.054435875049391,75,82,1,1,11178,0.9087804878048781,5.670558452606201,75,81
negsteer+constraints,design_27_seq_1,design_00_s1,design_00,steered,1.0,1,0.5153,29.711,0.5603,0.5153,0.5153,0.3458353151505192,0.31596529438364795,0.31596529438364795,43,52,82,75,3.2363196445526423,3.054435875049391,75,82,1,1,11841,0.9626829268292683,4.773632049560547,74,81
negsteer+constraints,design_28_seq_0,initial,initial,cold_start,,1,0.6455,27.265,0.6455,0.6708,0.6455,0.3392598715145141,0.34980827814433724,0.3392598715145141,33,45,82,77,3.2363196445526423,3.107785596003703,77,82,1,1,11236,0.8897687678175483,4.554684162139893,77,81
negsteer+constraints,design_28_seq_0,design_01_s2,design_01,steered,2.0,1,0.8296,1.957,0.8373,0.8296,0.8296,0.5753284047581497,0.5748233730654891,0.5748233730654891,68,45,82,77,3.2363196445526423,3.107785596003703,77,82,1,1,12401,0.9820240734874881,2.9510574340820312,77,81
negsteer+constraints,design_28_seq_0,design_01_s0,design_01,steered,0.0,1,0.6398,2.503,0.6982,0.6398,0.6398,0.33626446160548307,0.3805239909163835,0.33626446160548307,68,45,82,77,3.2363196445526423,3.107785596003703,77,82,1,1,11199,0.8868387709851124,4.4825520515441895,72,81
negsteer+constraints,design_28_seq_0,design_01_s1,design_01,steered,1.0,1,0.5944,2.96,0.6605,0.5944,0.5944,0.29866745701216935,0.3361147018490223,0.29866745701216935,68,52,80,77,3.185699940650432,3.107785596003703,77,82,0,1,10484,0.830218561925879,4.644189357757568,72,80
negsteer+constraints,design_28_seq_0,design_02_s2,design_02,steered,2.0,1,0.4267,27.861,0.4341,0.4267,0.4267,0.2427989508255155,0.24901665144929344,0.2427989508255155,33,45,82,77,3.2363196445526423,3.107785596003703,77,82,1,1,11347,0.8985587583148559,5.566338062286377,77,81
negsteer+constraints,design_28_seq_0,design_00_s2,design_00,steered,2.0,1,0.6935,28.648,0.6935,0.7428,0.6935,0.3600322244592108,0.3764286560614071,0.3600322244592108,33,45,81,77,3.2111376255715163,3.107785596003703,77,82,0,1,11145,0.8825625593918277,4.363368988037109,77,81
negsteer+constraints,design_28_seq_0,design_02_s1,design_02,steered,1.0,1,0.3132,28.744,0.3229,0.3132,0.3132,0.1385824919327513,0.16348961784174984,0.1385824919327513,33,52,74,77,3.0273155556828426,3.107785596003703,77,82,0,1,9103,0.7208584098828001,6.490362644195557,74,73
negsteer+constraints,design_28_seq_0,design_02_s0,design_02,steered,0.0,1,0.3243,29.162,0.3462,0.3243,0.3243,0.16280673744531904,0.17602892248414276,0.16280673744531904,33,52,75,77,3.054435875049391,3.107785596003703,77,82,0,1,9845,0.7796167247386759,6.30247163772583,77,75
negsteer+constraints,design_28_seq_0,design_00_s1,design_00,steered,1.0,1,0.8,31.121,0.8,0.807,0.8,0.45787989522947314,0.47745209432593205,0.45787989522947314,33,45,82,77,3.2363196445526423,3.107785596003703,77,82,1,1,12226,0.9681659803611024,3.7695562839508057,77,81
negsteer+constraints,design_28_seq_0,design_00_s0,design_00,steered,0.0,1,0.7635,31.175,0.7635,0.7843,0.7635,0.4111295194280418,0.44065943921393735,0.4111295194280418,33,45,82,77,3.2363196445526423,3.107785596003703,77,82,1,1,12028,0.9524865378523915,4.110344409942627,76,81
negsteer+constraints,design_28_seq_1,initial,initial,cold_start,,1,0.6006,28.022,0.6006,0.629,0.6006,0.3363878299185837,0.3605031220855691,0.3363878299185837,32,45,82,77,3.2363196445526423,3.107785596003703,77,82,1,1,11668,0.9239784605638264,4.572473049163818,77,81
negsteer+constraints,design_28_seq_1,design_00_s2,design_00,steered,2.0,1,0.6274,1.401,0.665,0.6274,0.6274,0.46538192040420007,0.44326561550814203,0.44326561550814203,43,53,82,77,3.2363196445526423,3.107785596003703,77,82,1,1,12379,0.9802819132087425,3.6972360610961914,77,82
negsteer+constraints,design_28_seq_1,design_02_s1,design_02,steered,1.0,1,0.7156,26.737,0.7156,0.7445,0.7156,0.36802854284027275,0.3902664244197672,0.36802854284027275,34,45,78,77,3.1340309377915263,3.107785596003703,77,82,0,1,10860,0.8599936648717137,4.120476722717285,77,81
negsteer+constraints,design_28_seq_1,design_02_s0,design_02,steered,0.0,1,0.7311,26.851,0.7311,0.7689,0.7311,0.3864632085231798,0.4236173262229053,0.3864632085231798,34,45,82,77,3.2363196445526423,3.107785596003703,77,82,1,1,11505,0.9110706366803928,4.119863510131836,77,81
negsteer+constraints,design_28_seq_1,design_02_s2,design_02,steered,2.0,1,0.7022,26.856,0.7189,0.7022,0.7022,0.3118554948823067,0.3552026212067775,0.3118554948823067,34,45,74,77,3.0273155556828426,3.107785596003703,77,82,0,1,10097,0.7995723788406716,4.325107097625732,76,74
negsteer+constraints,design_28_seq_1,design_01_s2,design_01,steered,2.0,1,0.516,28.119,0.5742,0.516,0.516,0.22691300360473815,0.2896850578225695,0.22691300360473815,34,45,75,77,3.054435875049391,3.107785596003703,77,82,0,1,10312,0.8165980361102312,5.164821624755859,75,77
negsteer+constraints,design_28_seq_1,design_00_s0,design_00,steered,0.0,1,0.6893,28.222,0.6893,0.708,0.6893,0.46321403960298213,0.42691428950283583,0.42691428950283583,45,45,82,77,3.2363196445526423,3.107785596003703,77,82,1,1,12384,0.9806778587266393,3.8506240844726562,77,81
negsteer+constraints,design_28_seq_1,design_01_s0,design_01,steered,0.0,1,0.4265,28.393,0.4994,0.4265,0.4265,0.18029529102715094,0.24599328463635883,0.18029529102715094,34,45,75,77,3.054435875049391,3.107785596003703,77,82,0,1,10018,0.7933164396579031,5.697055339813232,74,74
negsteer+constraints,design_28_seq_1,design_01_s1,design_01,steered,1.0,1,0.5507,28.44,0.6264,0.5507,0.5507,0.25244218025465387,0.31736444160285426,0.25244218025465387,34,45,76,77,3.081256507046695,3.107785596003703,77,82,0,1,10586,0.8382958504909724,4.937747955322266,75,81
negsteer+constraints,design_28_seq_1,design_00_s1,design_00,steered,1.0,1,0.5334,28.69,0.5334,0.5462,0.5334,0.35353349033114195,0.33084321391723326,0.33084321391723326,43,45,82,77,3.2363196445526423,3.107785596003703,77,82,1,1,12102,0.9583465315172632,4.656128406524658,76,81
negsteer+constraints,design_29_seq_0,initial,initial,cold_start,0.0,1,0.4754,4.257,0.5429,0.4754,0.4754,0.20175752849433065,0.27814458133709596,0.20175752849433065,73,45,75,81,3.054435875049391,3.2111376255715163,81,82,0,1,10527,0.792457091237579,5.385550022125244,79,78
negsteer+constraints,design_29_seq_0,initial_s2,initial,cold_start,2.0,1,0.4731,4.03,0.5073,0.4731,0.4731,0.211614922715213,0.28887187814476284,0.211614922715213,73,53,81,81,3.2111376255715163,3.2111376255715163,81,82,0,1,11206,0.8435712134899127,5.486542224884033,80,80
negsteer+constraints,design_29_seq_0,initial_s1,initial,cold_start,1.0,1,0.5884,2.039,0.6434,0.5884,0.5884,0.2884183521727445,0.3431274830704419,0.2884183521727445,73,45,79,81,3.1599999999999993,3.2111376255715163,81,82,0,1,11592,0.8726287262872628,4.811254978179932,81,79
negsteer+constraints,design_29_seq_1,initial,initial,cold_start,,1,0.6044,27.968,0.6241,0.6044,0.6044,0.40446607101375215,0.4301976437975721,0.40446607101375215,34,53,82,81,3.2363196445526423,3.2111376255715163,81,82,1,1,12980,0.9771153267088226,4.0828752517700195,81,81
negsteer+constraints,design_29_seq_1,design_02_s2,design_02,steered,2.0,1,0.5734,2.467,0.603,0.5734,0.5734,0.39642367716073806,0.42605188298152713,0.39642367716073806,72,24,82,81,3.2363196445526423,3.2111376255715163,81,82,1,1,12866,0.9685335742246312,4.069619655609131,81,81
negsteer+constraints,design_29_seq_1,design_01_s0,design_01,steered,0.0,1,0.7873,2.522,0.8167,0.7873,0.7873,0.5264860853340109,0.5640725804174819,0.5264860853340109,72,45,82,81,3.2363196445526423,3.2111376255715163,81,82,1,1,13090,0.9853959650707618,3.1561503410339355,81,82
negsteer+constraints,design_29_seq_1,design_02_s1,design_02,steered,1.0,1,0.4702,3.173,0.4755,0.4702,0.4702,0.30694241378237896,0.34636938135798384,0.30694241378237896,72,55,82,81,3.2363196445526423,3.2111376255715163,81,82,1,1,12749,0.9597259861487504,4.8391852378845215,80,81
negsteer+constraints,design_29_seq_1,design_01_s1,design_01,steered,1.0,1,0.7655,2.659,0.785,0.7655,0.7655,0.4832335557575901,0.5274547276700415,0.4832335557575901,72,45,82,81,3.2363196445526423,3.2111376255715163,81,82,1,1,12989,0.9777928334838903,3.467254161834717,81,81
negsteer+constraints,design_29_seq_1,design_01_s2,design_01,steered,2.0,1,0.8003,2.766,0.8307,0.8003,0.8003,0.5572132838280572,0.5895669889216106,0.5572132838280572,72,45,82,81,3.2363196445526423,3.2111376255715163,81,82,1,1,13100,0.9861487503763926,2.9660379886627197,81,82
negsteer+constraints,design_29_seq_1,design_02_s0,design_02,steered,0.0,1,0.7063,25.216,0.7063,0.7341,0.7063,0.4523885430118506,0.49861278698393485,0.4523885430118506,46,45,82,81,3.2363196445526423,3.2111376255715163,81,82,1,1,12888,0.9701897018970189,3.6795670986175537,80,81
negsteer+constraints,design_29_seq_1,design_00_s1,design_00,steered,1.0,1,0.6798,27.529,0.6798,0.7298,0.6798,0.3835806174629172,0.40051184666751904,0.3835806174629172,49,45,81,81,3.2111376255715163,3.2111376255715163,81,82,0,1,11920,0.8973200843119542,4.184741497039795,81,81
negsteer+constraints,design_29_seq_1,design_00_s2,design_00,steered,2.0,1,0.7374,28.049,0.7374,0.7448,0.7374,0.4023197667506512,0.4443529115353779,0.4023197667506512,32,45,82,81,3.2363196445526423,3.2111376255715163,81,82,1,1,12650,0.9522734116230052,4.083284854888916,81,82
negsteer+constraints,design_29_seq_1,design_00_s0,design_00,steered,0.0,1,0.6623,28.154,0.6623,0.7168,0.6623,0.3609851445876246,0.38454916480099555,0.3609851445876246,33,45,81,81,3.2111376255715163,3.2111376255715163,81,82,0,1,11289,0.8498193315266486,4.177045822143555,78,81
negsteer+constraints,design_2_seq_0,initial,initial,cold_start,0.0,1,0.8086,1.846,0.8125,0.8086,0.8086,0.566199612201502,0.5527473153864465,0.5527473153864465,66,45,82,75,3.2363196445526423,3.054435875049391,75,82,1,1,12058,0.9803252032520325,2.9651904106140137,75,81
negsteer+constraints,design_2_seq_0,initial_s2,initial,cold_start,2.0,1,0.8261,3.352,0.8418,0.8261,0.8261,0.5993366721924395,0.590089536183968,0.590089536183968,66,45,82,75,3.2363196445526423,3.054435875049391,75,82,1,1,12086,0.9826016260162601,2.738250970840454,75,82
negsteer+constraints,design_2_seq_0,initial_s1,initial,cold_start,1.0,1,0.7783,1.56,0.7784,0.7783,0.7783,0.5124141798478862,0.5181999023912883,0.5124141798478862,66,45,82,75,3.2363196445526423,3.054435875049391,75,82,1,1,12001,0.9756910569105691,3.2804694175720215,75,81
negsteer+constraints,design_2_seq_1,initial,initial,cold_start,,1,0.5627,28.544,0.5679,0.5627,0.5627,0.2708705229746799,0.3010033899179955,0.2708705229746799,33,45,74,75,3.0273155556828426,3.054435875049391,75,82,0,1,9753,0.7929268292682927,4.643629550933838,73,74
negsteer+constraints,design_2_seq_1,design_00_s2,design_00,steered,2.0,1,0.6339,2.326,0.6633,0.6339,0.6339,0.4665177747638275,0.4473475595799888,0.4473475595799888,66,45,82,75,3.2363196445526423,3.054435875049391,75,82,1,1,12019,0.9771544715447155,3.678208827972412,75,81
negsteer+constraints,design_2_seq_1,design_00_s1,design_00,steered,1.0,1,0.6866,2.627,0.7023,0.6866,0.6866,0.5235999887188275,0.48474450191346613,0.48474450191346613,66,45,82,75,3.2363196445526423,3.054435875049391,75,82,1,1,12107,0.9843089430894308,3.342655897140503,75,81
negsteer+constraints,design_2_seq_1,design_00_s0,design_00,steered,0.0,1,0.8036,3.36,0.8237,0.8036,0.8036,0.6236482029718657,0.6026807709926422,0.6026807709926422,66,45,82,75,3.2363196445526423,3.054435875049391,75,82,1,1,12128,0.9860162601626016,2.615055561065674,75,82
negsteer+constraints,design_2_seq_1,design_01_s1,design_01,steered,1.0,1,0.5438,4.998,0.6732,0.5438,0.5438,0.24428578662375608,0.3528841076895776,0.24428578662375608,67,45,82,75,3.2363196445526423,3.054435875049391,75,82,1,1,11184,0.9092682926829269,5.147482395172119,73,81
negsteer+constraints,design_2_seq_1,design_01_s2,design_01,steered,2.0,1,0.7217,5.907,0.7801,0.7217,0.7217,0.40973073634008567,0.4876847954739521,0.40973073634008567,67,45,82,75,3.2363196445526423,3.054435875049391,75,82,1,1,11821,0.9610569105691057,3.8332271575927734,74,81
negsteer+constraints,design_2_seq_1,design_01_s0,design_01,steered,0.0,1,0.3774,8.077,0.5845,0.3774,0.3774,0.13208421398264666,0.22885152129967493,0.13208421398264666,71,53,75,75,3.054435875049391,3.054435875049391,75,82,0,1,8900,0.7235772357723578,6.21595573425293,71,76
negsteer+constraints,design_2_seq_1,design_02_s0,design_02,steered,0.0,1,0.5639,29.305,0.598,0.5639,0.5639,0.25756290811114013,0.2973831963509594,0.25756290811114013,33,45,75,75,3.054435875049391,3.054435875049391,75,82,0,1,10146,0.8248780487804878,4.960434913635254,73,81
negsteer+constraints,design_2_seq_1,design_02_s2,design_02,steered,2.0,1,0.6227,29.978,0.6227,0.6462,0.6227,0.3290562410497417,0.35815756587118547,0.3290562410497417,33,45,81,75,3.2111376255715163,3.054435875049391,75,82,0,1,10987,0.8932520325203253,4.5222039222717285,73,81
negsteer+constraints,design_2_seq_1,design_02_s1,design_02,steered,1.0,1,0.5471,30.044,0.5652,0.5471,0.5471,0.2469364109573265,0.2843818998719543,0.2469364109573265,33,45,75,75,3.054435875049391,3.054435875049391,75,82,0,1,9936,0.8078048780487805,5.013424873352051,72,76
negsteer+constraints,design_30_seq_0,initial,initial,cold_start,,1,0.5443,29.564,0.5443,0.5623,0.5443,0.27962973837658195,0.29308393148694006,0.27962973837658195,32,45,74,79,3.0273155556828426,3.1599999999999993,79,82,0,1,10560,0.8150663785118863,4.755738735198975,78,76
negsteer+constraints,design_30_seq_0,design_01_s1,design_01,steered,1.0,1,0.7784,1.432,0.8108,0.7784,0.7784,0.5026708628711161,0.5287398719569532,0.5026708628711161,70,45,82,79,3.2363196445526423,3.1599999999999993,79,82,1,1,12758,0.9847175054029021,3.3651232719421387,79,81
negsteer+constraints,design_30_seq_0,design_01_s2,design_01,steered,2.0,1,0.8251,1.787,0.8561,0.8251,0.8251,0.5703377159005856,0.5917518156603342,0.5703377159005856,71,45,82,79,3.2363196445526423,3.1599999999999993,79,82,1,1,12798,0.9878048780487805,2.8846323490142822,79,82
negsteer+constraints,design_30_seq_0,design_02_s0,design_02,steered,0.0,1,0.2356,1.168,0.2356,0.2564,0.2356,0.16935578118597122,0.17314068047136705,0.16935578118597122,70,22,77,79,3.107785596003703,3.1599999999999993,79,82,0,1,10972,0.8468663167644335,6.593930721282959,77,80
negsteer+constraints,design_30_seq_0,design_00_s2,design_00,steered,2.0,1,0.8046,1.875,0.8518,0.8046,0.8046,0.508083402712629,0.5545240673350125,0.508083402712629,70,45,82,79,3.2363196445526423,3.1599999999999993,79,82,1,1,12598,0.9723680148193887,3.238894462585449,79,81
negsteer+constraints,design_30_seq_0,design_00_s1,design_00,steered,1.0,1,0.8286,1.546,0.8636,0.8286,0.8286,0.5307820563475731,0.5790992977052201,0.5307820563475731,70,45,82,79,3.2363196445526423,3.1599999999999993,79,82,1,1,12642,0.9757641247298549,3.0595784187316895,79,81
negsteer+constraints,design_30_seq_0,design_01_s0,design_01,steered,0.0,1,0.8409,2.038,0.8596,0.8409,0.8409,0.5836486624158872,0.6052157742584624,0.5836486624158872,70,45,82,79,3.2363196445526423,3.1599999999999993,79,82,1,1,12748,0.9839456622414325,2.825653314590454,79,81
negsteer+constraints,design_30_seq_0,design_00_s0,design_00,steered,0.0,1,0.8575,1.691,0.8847,0.8575,0.8575,0.6126391132998787,0.6230192842279992,0.6126391132998787,70,45,82,79,3.2363196445526423,3.1599999999999993,79,82,1,1,12644,0.9759184933621489,2.6263418197631836,79,81
negsteer+constraints,design_30_seq_0,design_02_s2,design_02,steered,2.0,1,0.2875,2.735,0.3049,0.2875,0.2875,0.2122597125111313,0.21160366999485145,0.21160366999485145,70,24,82,79,3.2363196445526423,3.1599999999999993,79,82,1,1,12136,0.9367088607594937,6.226362228393555,77,81
negsteer+constraints,design_30_seq_0,design_02_s1,design_02,steered,1.0,1,0.2419,2.161,0.2518,0.2419,0.2419,0.17202631831228074,0.17076963638296214,0.17076963638296214,70,22,81,79,3.2111376255715163,3.1599999999999993,79,82,0,1,11511,0.8884686631676443,6.811798095703125,77,81
negsteer+constraints,design_30_seq_1,initial,initial,cold_start,,1,0.3501,27.676,0.3501,0.3629,0.3501,0.23789160413066326,0.23891498995717705,0.23789160413066326,46,53,81,79,3.2111376255715163,3.1599999999999993,79,82,0,1,11416,0.8811361531336832,5.565998077392578,79,81
negsteer+constraints,design_30_seq_1,design_02_s0,design_02,steered,0.0,1,0.3192,2.712,0.3284,0.3192,0.3192,0.22946651933915158,0.2297431511986183,0.22946651933915158,70,24,82,79,3.2363196445526423,3.1599999999999993,79,82,1,1,11933,0.921040444581661,5.841422080993652,79,81
negsteer+constraints,design_30_seq_1,design_00_s0,design_00,steered,0.0,1,0.8485,2.353,0.8592,0.8485,0.8485,0.5234634727210137,0.5833463939588245,0.5234634727210137,70,45,82,79,3.2363196445526423,3.1599999999999993,79,82,1,1,12719,0.9817073170731707,3.133443593978882,79,81
negsteer+constraints,design_30_seq_1,design_02_s1,design_02,steered,1.0,1,0.3471,1.576,0.3612,0.3471,0.3471,0.2576524696248006,0.25751822346128617,0.25751822346128617,70,24,82,79,3.2363196445526423,3.1599999999999993,79,82,1,1,12238,0.9445816610064834,5.52484130859375,79,81
negsteer+constraints,design_30_seq_1,design_01_s0,design_01,steered,0.0,1,0.8766,1.844,0.8874,0.8766,0.8766,0.6135547672150822,0.6235880764519296,0.6135547672150822,70,45,82,79,3.2363196445526423,3.1599999999999993,79,82,1,1,12710,0.9810126582278481,2.685600757598877,79,81
negsteer+constraints,design_30_seq_1,design_00_s1,design_00,steered,1.0,1,0.8765,1.88,0.8882,0.8765,0.8765,0.5901551194241436,0.6310973570841115,0.5901551194241436,70,45,82,79,3.2363196445526423,3.1599999999999993,79,82,1,1,12789,0.9871102192034579,2.7214059829711914,79,81
negsteer+constraints,design_30_seq_1,design_01_s1,design_01,steered,1.0,1,0.887,2.157,0.905,0.887,0.887,0.6417286191666145,0.6487215983698417,0.6417286191666145,70,45,82,79,3.2363196445526423,3.1599999999999993,79,82,1,1,12770,0.9856437171966657,2.5177156925201416,79,82
negsteer+constraints,design_30_seq_1,design_01_s2,design_01,steered,2.0,1,0.8514,2.221,0.862,0.8514,0.8514,0.5599647254176154,0.5695969224339579,0.5599647254176154,70,45,82,79,3.2363196445526423,3.1599999999999993,79,82,1,1,12466,0.9621796850879901,2.9809794425964355,77,81
negsteer+constraints,design_30_seq_1,design_02_s2,design_02,steered,2.0,1,0.3321,2.97,0.3373,0.3321,0.3321,0.2413377979640625,0.23914676442140395,0.23914676442140395,70,24,82,79,3.2363196445526423,3.1599999999999993,79,82,1,1,12073,0.9318462488422352,5.725070953369141,79,81
negsteer+constraints,design_30_seq_1,design_00_s2,design_00,steered,2.0,1,0.8504,3.098,0.87,0.8504,0.8504,0.5522706481610437,0.6082030458421241,0.5522706481610437,70,45,82,79,3.2363196445526423,3.1599999999999993,79,82,1,1,12761,0.984949058351343,2.9445736408233643,79,81
negsteer+constraints,design_31_seq_0,initial,initial,cold_start,0.0,1,0.5528,1.86,0.6113,0.5528,0.5528,0.30723601797262184,0.34008395565083116,0.30723601797262184,74,45,81,81,3.2111376255715163,3.2111376255715163,81,82,0,1,12106,0.9113218909966877,4.879427909851074,81,81
negsteer+constraints,design_31_seq_0,initial_s2,initial,cold_start,2.0,1,0.4427,1.676,0.4893,0.4427,0.4427,0.255418927066695,0.28667811807472166,0.255418927066695,72,55,82,81,3.2363196445526423,3.2111376255715163,81,82,1,1,12227,0.9204305931948208,5.434595108032227,81,81
negsteer+constraints,design_31_seq_0,initial_s1,initial,cold_start,1.0,1,0.4673,2.338,0.5036,0.4673,0.4673,0.27196246284681064,0.2942071628285481,0.27196246284681064,74,55,81,81,3.2111376255715163,3.2111376255715163,81,82,0,1,12034,0.9059018367961458,5.235411643981934,81,81
negsteer+constraints,design_31_seq_1,initial,initial,cold_start,,1,0.1254,1.279,0.1254,0.1813,0.1254,0.06502744358573338,0.12050160754290296,0.06502744358573338,4,57,64,79,2.7375390804284843,3.1599999999999993,81,82,0,0,8573,0.645362842517314,7.813320159912109,77,78
negsteer+constraints,design_31_seq_1,design_02_s2,design_02,steered,2.0,1,0.0708,3.243,0.1109,0.0708,0.0708,0.03867933845124495,0.02955900492407836,0.02955900492407836,72,60,62,49,2.674944339371981,2.2171186335840796,81,82,0,0,4968,0.37398373983739835,8.476873397827148,75,72
negsteer+constraints,design_31_seq_1,design_00_s2,design_00,steered,2.0,1,0.4511,2.722,0.4644,0.4511,0.4511,0.2684783360541419,0.3422325715967795,0.2684783360541419,77,55,82,81,3.2363196445526423,3.2111376255715163,81,82,1,1,12980,0.9771153267088226,5.16572904586792,81,81
negsteer+constraints,design_31_seq_1,design_00_s1,design_00,steered,1.0,1,0.1611,3.823,0.1611,0.2095,0.1611,0.06846584790719697,0.14768237939740464,0.06846584790719697,76,40,75,81,3.054435875049391,3.2111376255715163,81,82,0,1,9346,0.7035531466425775,7.64688777923584,79,80
negsteer+constraints,design_31_seq_1,design_02_s0,design_02,steered,0.0,1,0.0525,3.389,0.1019,0.0525,0.0525,0.03979885494221508,0.015029623215768213,0.015029623215768213,48,58,55,42,2.440740347758208,1.9199999999999997,81,82,0,0,4471,0.3365703101475459,8.41445255279541,72,79
negsteer+constraints,design_31_seq_1,design_02_s1,design_02,steered,1.0,1,0.142,2.653,0.1492,0.142,0.142,0.07117258869169027,0.07896688550983261,0.07117258869169027,72,58,71,77,2.9440693332755243,3.107785596003703,81,82,0,0,7830,0.5894308943089431,8.17333698272705,76,80
negsteer+constraints,design_31_seq_1,design_00_s0,design_00,steered,0.0,1,0.292,7.943,0.292,0.3359,0.292,0.185639017638118,0.26252007995527693,0.185639017638118,34,37,82,81,3.2363196445526423,3.2111376255715163,81,82,1,1,12595,0.9481330924420356,6.136035919189453,81,81
negsteer+constraints,design_31_seq_1,design_01_s0,design_01,steered,0.0,1,0.5098,9.883,0.5235,0.5098,0.5098,0.36490820285599723,0.40507434213976945,0.36490820285599723,74,37,82,81,3.2363196445526423,3.2111376255715163,81,82,1,1,13032,0.981029810298103,4.294720649719238,81,82
negsteer+constraints,design_31_seq_1,design_01_s1,design_01,steered,1.0,1,0.3819,27.697,0.3819,0.4092,0.3819,0.18073103850258998,0.26339852061156727,0.18073103850258998,32,53,81,81,3.2111376255715163,3.2111376255715163,81,82,0,1,11603,0.8734567901234568,5.926115036010742,81,81
negsteer+constraints,design_31_seq_1,design_01_s2,design_01,steered,2.0,1,0.6579,30.452,0.7031,0.6579,0.6579,0.34705523478246675,0.42676642329557,0.34705523478246675,34,45,82,81,3.2363196445526423,3.2111376255715163,81,82,1,1,12252,0.9223125564588979,4.253229141235352,81,81
negsteer+constraints,design_32_seq_0,initial,initial,cold_start,,1,0.6037,3.2,0.637,0.6037,0.6037,0.4198494649359158,0.4436772246731491,0.4198494649359158,70,45,82,77,3.2363196445526423,3.107785596003703,77,82,1,1,12411,0.9828159645232816,3.903104543685913,77,81
negsteer+constraints,design_32_seq_0,design_02_s1,design_02,steered,1.0,1,0.4915,5.488,0.5318,0.4915,0.4915,0.3064963073566459,0.36876261306972036,0.3064963073566459,70,45,82,77,3.2363196445526423,3.107785596003703,77,82,1,1,12204,0.9664238200823567,4.714287281036377,76,81
negsteer+constraints,design_32_seq_0,design_00_s0,design_00,steered,0.0,1,0.7336,7.659,0.77,0.7336,0.7336,0.5078736367792666,0.5254187562116762,0.5078736367792666,70,45,82,77,3.2363196445526423,3.107785596003703,77,82,1,1,12379,0.9802819132087425,3.236847162246704,76,81
negsteer+constraints,design_32_seq_0,design_01_s1,design_01,steered,1.0,1,0.1977,8.056,0.1977,0.2396,0.1977,0.11439782478423281,0.15597731611555124,0.11439782478423281,70,54,73,76,2.9998870343784683,3.081256507046695,77,82,0,0,9782,0.774627811213177,7.099366188049316,75,76
negsteer+constraints,design_32_seq_0,design_01_s0,design_01,steered,0.0,1,0.5296,8.544,0.5296,0.5903,0.5296,0.3144658137741801,0.3705815641811436,0.3144658137741801,70,45,82,77,3.2363196445526423,3.107785596003703,77,82,1,1,11900,0.9423503325942351,4.655655384063721,75,81
negsteer+constraints,design_32_seq_0,design_01_s2,design_01,steered,2.0,1,0.585,8.937,0.5951,0.585,0.585,0.32711397413793325,0.37943535271986595,0.32711397413793325,70,45,82,77,3.2363196445526423,3.107785596003703,77,82,1,1,12055,0.9546246436490339,4.6025004386901855,75,81
negsteer+constraints,design_32_seq_0,design_00_s1,design_00,steered,1.0,1,0.4112,28.518,0.4112,0.4508,0.4112,0.21899970095943322,0.23445163197565552,0.21899970095943322,33,45,73,77,2.9998870343784683,3.107785596003703,77,82,0,1,10441,0.8268134304719671,5.530548095703125,76,74
negsteer+constraints,design_32_seq_0,design_02_s0,design_02,steered,0.0,1,0.599,5.117,0.6401,0.599,0.599,0.3965644183018329,0.44237323377917454,0.3965644183018329,69,45,82,77,3.2363196445526423,3.107785596003703,77,82,1,1,12335,0.9767975926512512,3.9559292793273926,76,81
negsteer+constraints,design_32_seq_0,design_02_s2,design_02,steered,2.0,1,0.5754,7.01,0.6202,0.5754,0.5754,0.37001485398111794,0.43108969032139766,0.37001485398111794,70,45,82,77,3.2363196445526423,3.107785596003703,77,82,1,1,12269,0.9715711118150142,4.077488899230957,76,82
negsteer+constraints,design_32_seq_0,design_00_s2,design_00,steered,2.0,1,0.6263,29.461,0.6418,0.6263,0.6263,0.3153457187884185,0.36533003483569565,0.3153457187884185,33,45,82,77,3.2363196445526423,3.107785596003703,77,82,1,1,12115,0.9593759898637947,4.727806091308594,76,82
negsteer+constraints,design_32_seq_1,initial,initial,cold_start,,1,0.6213,7.757,0.7117,0.6213,0.6213,0.3016349167877494,0.42494165061450584,0.3016349167877494,69,45,82,77,3.2363196445526423,3.107785596003703,77,82,1,1,11973,0.9481311371555274,4.592717170715332,75,81
negsteer+constraints,design_32_seq_1,design_02_s2,design_02,steered,2.0,1,0.2038,4.088,0.2038,0.2191,0.2038,0.12818579292892443,0.15102231166348223,0.12818579292892443,69,58,75,77,3.054435875049391,3.107785596003703,77,82,0,1,10317,0.816993981628128,7.199049472808838,76,81
negsteer+constraints,design_32_seq_1,design_00_s2,design_00,steered,2.0,1,0.1581,5.742,0.2032,0.1581,0.1581,0.01744118513986952,0.08339729462466317,0.01744118513986952,74,53,71,71,2.9440693332755243,2.9440693332755243,77,82,0,0,4583,0.3629236617041495,7.944700717926025,43,69
negsteer+constraints,design_32_seq_1,design_02_s1,design_02,steered,1.0,1,0.3591,4.05,0.3754,0.3591,0.3591,0.22791807999677183,0.25787046687995513,0.22791807999677183,69,52,82,77,3.2363196445526423,3.107785596003703,77,82,1,1,11958,0.9469433006018372,5.782417297363281,76,81
negsteer+constraints,design_32_seq_1,design_00_s1,design_00,steered,1.0,1,0.2207,7.516,0.324,0.2207,0.2207,0.046274565774100745,0.13623499705899145,0.046274565774100745,74,53,71,76,2.9440693332755243,3.081256507046695,77,82,0,0,7088,0.561292366170415,7.466480731964111,70,72
negsteer+constraints,design_32_seq_1,design_00_s0,design_00,steered,0.0,1,0.1391,7.637,0.1942,0.1391,0.1391,0.012595852171736104,0.06920958313205075,0.012595852171736104,74,53,68,68,2.8577943352341295,2.8577943352341295,77,82,0,0,3856,0.3053531834019639,8.012077331542969,29,65
negsteer+constraints,design_32_seq_1,design_02_s0,design_02,steered,0.0,1,0.666,7.98,0.666,0.6715,0.666,0.43563267626110225,0.49453902850779363,0.43563267626110225,69,45,82,77,3.2363196445526423,3.107785596003703,77,82,1,1,12331,0.9764808362369338,3.6333167552948,76,82
negsteer+constraints,design_32_seq_1,design_01_s2,design_01,steered,2.0,1,0.8178,8.163,0.8178,0.8184,0.8178,0.5493113297920722,0.5805980932058358,0.5493113297920722,69,45,82,77,3.2363196445526423,3.107785596003703,77,82,1,1,12371,0.9796484003801077,2.9652299880981445,76,81
negsteer+constraints,design_32_seq_1,design_01_s1,design_01,steered,1.0,1,0.8378,8.427,0.8378,0.839,0.8378,0.5830568331596139,0.6089073212408438,0.5830568331596139,69,45,82,77,3.2363196445526423,3.107785596003703,77,82,1,1,12405,0.9823408299018055,2.763390302658081,76,81
negsteer+constraints,design_32_seq_1,design_01_s0,design_01,steered,0.0,1,0.8136,8.795,0.8136,0.8168,0.8136,0.5123519153128584,0.570878112734091,0.5123519153128584,69,45,82,77,3.2363196445526423,3.107785596003703,77,82,1,1,12370,0.9795692112765283,3.1799912452697754,76,81
negsteer+constraints,design_33_seq_0,initial,initial,cold_start,,1,0.5878,1.727,0.6909,0.5878,0.5878,0.3531036305485475,0.4497537036574014,0.3531036305485475,76,55,82,82,3.2363196445526423,3.2363196445526423,82,82,1,1,13089,0.9733045806067817,4.2403950691223145,82,82
negsteer+constraints,design_33_seq_0,design_00_s1,design_00,steered,1.0,1,0.6467,5.774,0.7316,0.6467,0.6467,0.44284374708673213,0.487840896594429,0.44284374708673213,74,37,82,82,3.2363196445526423,3.2363196445526423,82,82,1,1,13238,0.9843842950624628,3.7282187938690186,82,82
negsteer+constraints,design_33_seq_0,design_00_s2,design_00,steered,2.0,1,0.5607,7.125,0.6216,0.5607,0.5607,0.36679760044122617,0.4160296391644629,0.36679760044122617,74,52,82,82,3.2363196445526423,3.2363196445526423,82,82,1,1,13232,0.9839381320642475,4.273099899291992,81,82
negsteer+constraints,design_33_seq_0,design_02_s0,design_02,steered,0.0,1,0.3436,7.808,0.3538,0.3436,0.3436,0.16465475205786345,0.21568387384503718,0.16465475205786345,74,53,75,82,3.054435875049391,3.2363196445526423,82,82,0,1,10947,0.8140243902439024,6.208427429199219,81,79
negsteer+constraints,design_33_seq_0,design_02_s1,design_02,steered,1.0,1,0.4302,15.508,0.4302,0.4518,0.4302,0.2777300495540769,0.32254617186490353,0.2777300495540769,48,24,82,82,3.2363196445526423,3.2363196445526423,82,82,1,1,13076,0.9723378941106484,5.202810287475586,82,81
negsteer+constraints,design_33_seq_0,design_01_s1,design_01,steered,1.0,1,0.4665,8.049,0.4882,0.4665,0.4665,0.22511991928899433,0.30738851317011456,0.22511991928899433,76,45,81,82,3.2111376255715163,3.2363196445526423,82,82,0,1,12222,0.9088340273646639,5.523786544799805,81,81
negsteer+constraints,design_33_seq_0,design_01_s2,design_01,steered,2.0,1,0.1013,10.029,0.1013,0.1229,0.1013,0.008720284597607465,0.06893939651242208,0.008720284597607465,76,58,62,65,2.674944339371981,2.768199058314079,82,82,0,0,4176,0.3105294467578822,8.208709716796875,47,73
negsteer+constraints,design_33_seq_0,design_02_s2,design_02,steered,2.0,1,0.4233,10.961,0.4907,0.4233,0.4233,0.23252935957720094,0.29045350556886507,0.23252935957720094,75,53,82,82,3.2363196445526423,3.2363196445526423,82,82,1,1,12705,0.9447501487209994,5.661914825439453,81,82
negsteer+constraints,design_33_seq_0,design_00_s0,design_00,steered,0.0,1,0.5928,14.099,0.5928,0.5961,0.5928,0.38786959958478534,0.42923761367025537,0.38786959958478534,48,53,82,82,3.2363196445526423,3.2363196445526423,82,82,1,1,12805,0.9521861986912552,4.061921119689941,80,81
negsteer+constraints,design_33_seq_0,design_01_s0,design_01,steered,0.0,1,0.4214,24.513,0.4214,0.4636,0.4214,0.23496443008515622,0.33505911288340007,0.23496443008515622,48,46,82,82,3.2363196445526423,3.2363196445526423,82,82,1,1,12636,0.9396192742415229,5.3542304039001465,80,82
negsteer+constraints,design_33_seq_1,initial,initial,cold_start,0.0,1,0.5241,5.381,0.5652,0.5241,0.5241,0.35704507642402883,0.4030565832082818,0.35704507642402883,75,24,82,82,3.2363196445526423,3.2363196445526423,82,82,1,1,13171,0.9794021415823915,4.389989852905273,82,81
negsteer+constraints,design_33_seq_1,initial_s2,initial,cold_start,2.0,1,0.7035,4.861,0.7309,0.7035,0.7035,0.4987888097359867,0.5409560309348219,0.4987888097359867,75,24,82,82,3.2363196445526423,3.2363196445526423,82,82,1,1,13259,0.9859458655562165,3.312774658203125,82,82
negsteer+constraints,design_33_seq_1,initial_s1,initial,cold_start,1.0,1,0.6533,5.257,0.701,0.6533,0.6533,0.4574120786302246,0.5027799234106546,0.4574120786302246,74,37,82,82,3.2363196445526423,3.2363196445526423,82,82,1,1,13276,0.9872099940511601,3.5744893550872803,82,82
negsteer+constraints,design_34_seq_0,initial,initial,cold_start,,1,0.57,28.951,0.5864,0.57,0.57,0.3463986941962503,0.35249309859056843,0.3463986941962503,32,45,82,80,3.2363196445526423,3.185699940650432,80,82,1,1,12314,0.9385670731707317,4.568284034729004,80,81
negsteer+constraints,design_34_seq_0,design_01_s1,design_01,steered,1.0,1,0.7863,1.268,0.8184,0.7863,0.7863,0.45698342730465813,0.5313851679334554,0.45698342730465813,72,45,82,80,3.2363196445526423,3.185699940650432,80,82,1,1,12766,0.9730182926829268,3.5551581382751465,80,81
negsteer+constraints,design_34_seq_0,design_00_s2,design_00,steered,2.0,1,0.7989,2.285,0.7989,0.8277,0.7989,0.5334177399141481,0.5494765721534084,0.5334177399141481,71,45,82,80,3.2363196445526423,3.185699940650432,80,82,1,1,12881,0.9817835365853659,3.234130859375,80,81
negsteer+constraints,design_34_seq_0,design_00_s0,design_00,steered,0.0,1,0.8651,4.116,0.8679,0.8651,0.8651,0.603338855743641,0.6333092107641988,0.603338855743641,71,45,82,80,3.2363196445526423,3.185699940650432,80,82,1,1,12955,0.9874237804878049,2.6736273765563965,80,81
negsteer+constraints,design_34_seq_0,design_00_s1,design_00,steered,1.0,1,0.835,4.489,0.835,0.8386,0.835,0.5547941533994163,0.5824706012882838,0.5547941533994163,71,45,82,80,3.2363196445526423,3.185699940650432,80,82,1,1,12935,0.9858993902439024,3.007760524749756,80,81
negsteer+constraints,design_34_seq_0,design_01_s2,design_01,steered,2.0,1,0.7108,1.462,0.7777,0.7108,0.7108,0.3699289001408033,0.4498404148943359,0.3699289001408033,72,45,82,80,3.2363196445526423,3.185699940650432,80,82,1,1,12496,0.9524390243902439,4.1831793785095215,80,81
negsteer+constraints,design_34_seq_0,design_01_s0,design_01,steered,0.0,1,0.8183,2.031,0.837,0.8183,0.8183,0.5062218266131822,0.5567141128931103,0.5062218266131822,71,45,82,80,3.2363196445526423,3.185699940650432,80,82,1,1,12786,0.9745426829268292,3.27392315864563,80,81
negsteer+constraints,design_34_seq_0,design_02_s1,design_02,steered,1.0,1,0.463,26.039,0.4718,0.463,0.463,0.2027576020307606,0.2838624479226405,0.2027576020307606,33,53,81,80,3.2111376255715163,3.185699940650432,80,82,0,1,11497,0.8762957317073171,5.702245712280273,79,81
negsteer+constraints,design_34_seq_0,design_02_s0,design_02,steered,0.0,1,0.4587,26.674,0.4589,0.4587,0.4587,0.19676407524675596,0.2774623315667779,0.19676407524675596,33,45,81,80,3.2111376255715163,3.185699940650432,80,82,0,1,11571,0.8819359756097561,5.796709060668945,79,81
negsteer+constraints,design_34_seq_0,design_02_s2,design_02,steered,2.0,1,0.422,27.43,0.422,0.4468,0.422,0.20229350035078825,0.27961375002703837,0.20229350035078825,32,53,81,80,3.2111376255715163,3.185699940650432,80,82,0,1,11600,0.8841463414634146,5.700773239135742,79,79
negsteer+constraints,design_34_seq_1,initial,initial,cold_start,0.0,1,0.6919,3.33,0.73,0.6919,0.6919,0.43156271285843106,0.46577783764862435,0.43156271285843106,71,45,82,80,3.2363196445526423,3.185699940650432,80,82,1,1,12842,0.978810975609756,3.8767971992492676,80,81
negsteer+constraints,design_34_seq_1,initial_s1,initial,cold_start,1.0,1,0.668,2.872,0.6947,0.668,0.668,0.40882932401436844,0.4384751925017776,0.40882932401436844,71,45,82,80,3.2363196445526423,3.185699940650432,80,82,1,1,12756,0.9722560975609756,4.05438232421875,80,81
negsteer+constraints,design_34_seq_1,initial_s2,initial,cold_start,2.0,1,0.7137,2.477,0.7482,0.7137,0.7137,0.45637750992609655,0.4891631981221641,0.45637750992609655,71,45,82,80,3.2363196445526423,3.185699940650432,80,82,1,1,12894,0.9827743902439025,3.6823103427886963,80,81
negsteer+constraints,design_35_seq_0,initial,initial,cold_start,0.0,1,0.7275,2.373,0.7646,0.7275,0.7275,0.4679627713759418,0.4911746869726879,0.4679627713759418,68,45,82,77,3.2363196445526423,3.107785596003703,77,82,1,1,12339,0.9771143490655686,3.57844877243042,77,81
negsteer+constraints,design_35_seq_0,initial_s2,initial,cold_start,2.0,1,0.7588,1.778,0.7952,0.7588,0.7588,0.5147737947129342,0.5247084182210084,0.5147737947129342,68,45,82,77,3.2363196445526423,3.107785596003703,77,82,1,1,12423,0.9837662337662337,3.2890892028808594,77,81
negsteer+constraints,design_35_seq_0,initial_s1,initial,cold_start,1.0,1,0.7183,2.401,0.7464,0.7183,0.7183,0.4695759273539358,0.481342108602204,0.4695759273539358,68,45,82,77,3.2363196445526423,3.107785596003703,77,82,1,1,12307,0.9745802977510295,3.6042604446411133,77,81
negsteer+constraints,design_35_seq_1,initial,initial,cold_start,,1,0.7226,30.423,0.7483,0.7226,0.7226,0.48709888770789295,0.48178335842562886,0.48178335842562886,45,45,82,77,3.2363196445526423,3.107785596003703,77,82,1,1,12300,0.974025974025974,3.497875690460205,76,81
negsteer+constraints,design_35_seq_1,design_01_s2,design_01,steered,2.0,1,0.5027,1.379,0.6044,0.5027,0.5027,0.29173780632713303,0.33167462512316953,0.29173780632713303,69,53,82,77,3.2363196445526423,3.107785596003703,77,82,1,1,11886,0.9412416851441242,5.002402305603027,77,81
negsteer+constraints,design_35_seq_1,design_01_s1,design_01,steered,1.0,1,0.5912,1.663,0.6803,0.5912,0.5912,0.3596710978263336,0.38928655429357073,0.3596710978263336,69,45,82,77,3.2363196445526423,3.107785596003703,77,82,1,1,12117,0.9595343680709535,4.440929889678955,77,81
negsteer+constraints,design_35_seq_1,design_01_s0,design_01,steered,0.0,1,0.6814,7.988,0.6979,0.6814,0.6814,0.3883701553931097,0.45744622126221657,0.3883701553931097,69,45,82,77,3.2363196445526423,3.107785596003703,77,82,1,1,12225,0.968086791257523,4.045416831970215,75,81
negsteer+constraints,design_35_seq_1,design_00_s0,design_00,steered,0.0,1,0.8405,30.527,0.8405,0.8493,0.8405,0.5484913998984962,0.5528113759327226,0.5484913998984962,33,45,82,77,3.2363196445526423,3.107785596003703,77,82,1,1,12385,0.9807570478302186,3.1284372806549072,77,81
negsteer+constraints,design_35_seq_1,design_00_s1,design_00,steered,1.0,1,0.7046,30.558,0.7046,0.7368,0.7046,0.40704788851805707,0.4103116132943641,0.40704788851805707,32,45,82,77,3.2363196445526423,3.107785596003703,77,82,1,1,11652,0.9227114349065568,4.090764999389648,77,81
negsteer+constraints,design_35_seq_1,design_02_s1,design_02,steered,1.0,1,0.6086,30.615,0.6086,0.6205,0.6086,0.292449884044079,0.3023455462123199,0.292449884044079,33,45,76,77,3.081256507046695,3.107785596003703,77,82,0,1,10608,0.8400380107697181,4.762298583984375,77,80
negsteer+constraints,design_35_seq_1,design_00_s2,design_00,steered,2.0,1,0.8142,30.895,0.8142,0.8459,0.8142,0.5256987012342199,0.5265219391482633,0.5256987012342199,33,45,82,77,3.2363196445526423,3.107785596003703,77,82,1,1,12344,0.9775102945834653,3.3171474933624268,76,81
negsteer+constraints,design_35_seq_1,design_02_s0,design_02,steered,0.0,1,0.6632,30.917,0.6774,0.6632,0.6632,0.3453972386045067,0.38237162009619813,0.3453972386045067,33,45,81,77,3.2111376255715163,3.107785596003703,77,82,0,1,11506,0.9111498257839721,4.389460563659668,77,81
negsteer+constraints,design_35_seq_1,design_02_s2,design_02,steered,2.0,1,0.5726,31.826,0.5726,0.5881,0.5726,0.2797807396129499,0.2983330217297984,0.2797807396129499,33,45,75,77,3.054435875049391,3.107785596003703,77,82,0,1,10488,0.8305353183401963,4.785618305206299,77,81
negsteer+constraints,design_36_seq_0,initial,initial,cold_start,,1,0.7417,8.093,0.7585,0.7417,0.7417,0.4442512722898643,0.4928453847220758,0.4442512722898643,73,45,82,81,3.2363196445526423,3.2111376255715163,81,82,1,1,12876,0.969286359530262,3.741791248321533,80,81
negsteer+constraints,design_36_seq_0,design_00_s2,design_00,steered,2.0,1,0.1541,5.777,0.2125,0.1541,0.1541,0.03234651641069371,0.0825671476720855,0.03234651641069371,74,55,70,77,2.9156610513441255,3.107785596003703,81,82,0,0,5829,0.4387985546522132,8.088166236877441,62,66
negsteer+constraints,design_36_seq_0,design_01_s1,design_01,steered,1.0,1,0.6464,7.286,0.6464,0.6801,0.6464,0.337887968758788,0.399930905434303,0.337887968758788,72,45,81,81,3.2111376255715163,3.2111376255715163,81,82,0,1,11808,0.8888888888888888,4.392303466796875,80,81
negsteer+constraints,design_36_seq_0,design_00_s0,design_00,steered,0.0,1,0.1366,7.3,0.2157,0.1366,0.1366,0.02302729793720775,0.06422441355066329,0.02302729793720775,74,48,67,70,2.828313834453388,2.9156610513441255,81,82,0,0,4544,0.342065642878651,8.088122367858887,50,66
negsteer+constraints,design_36_seq_0,design_01_s0,design_01,steered,0.0,1,0.6847,7.842,0.6847,0.7245,0.6847,0.38681804838325873,0.44739379679284447,0.38681804838325873,72,45,82,81,3.2363196445526423,3.2111376255715163,81,82,1,1,12666,0.9534778681120144,4.219595432281494,81,81
negsteer+constraints,design_36_seq_0,design_00_s1,design_00,steered,1.0,1,0.3061,8.217,0.3433,0.3061,0.3061,0.14046580835969913,0.18492965945667336,0.14046580835969913,73,48,74,80,3.0273155556828426,3.185699940650432,81,82,0,0,9967,0.7503011141222523,6.458032608032227,78,74
negsteer+constraints,design_36_seq_0,design_01_s2,design_01,steered,2.0,1,0.8203,8.321,0.8203,0.8562,0.8203,0.5799083282343216,0.5937006901892856,0.5799083282343216,73,45,82,81,3.2363196445526423,3.2111376255715163,81,82,1,1,13006,0.9790725685034628,2.9027035236358643,80,82
negsteer+constraints,design_36_seq_0,design_02_s0,design_02,steered,0.0,1,0.2699,12.285,0.2946,0.2699,0.2699,0.14076641665334688,0.18288706279666414,0.14076641665334688,76,56,75,81,3.054435875049391,3.2111376255715163,81,82,0,1,10751,0.8093194820837097,6.755186080932617,80,81
negsteer+constraints,design_36_seq_0,design_02_s1,design_02,steered,1.0,1,0.5323,16.62,0.5437,0.5323,0.5323,0.2952100405940947,0.3894072909180711,0.2952100405940947,76,55,82,81,3.2363196445526423,3.2111376255715163,81,82,1,1,12706,0.9564890093345378,4.770849704742432,80,81
negsteer+constraints,design_36_seq_0,design_02_s2,design_02,steered,2.0,1,0.5856,23.087,0.6333,0.5856,0.5856,0.32964663814327877,0.4255349078192944,0.32964663814327877,74,24,82,81,3.2363196445526423,3.2111376255715163,81,82,1,1,12646,0.9519722975007527,4.464608192443848,79,81
negsteer+constraints,design_36_seq_1,initial,initial,cold_start,,1,0.5474,26.358,0.5474,0.5693,0.5474,0.3741558158459763,0.3957946685756125,0.3741558158459763,49,45,82,81,3.2363196445526423,3.2111376255715163,81,82,1,1,12978,0.9769647696476965,4.405414581298828,81,81
negsteer+constraints,design_36_seq_1,design_02_s2,design_02,steered,2.0,1,0.8243,1.608,0.8408,0.8243,0.8243,0.5504042471983228,0.5630463849207977,0.5504042471983228,72,45,82,81,3.2363196445526423,3.2111376255715163,81,82,1,1,12974,0.9766636555254441,3.1170341968536377,81,81
negsteer+constraints,design_36_seq_1,design_02_s0,design_02,steered,0.0,1,0.8372,1.84,0.8603,0.8372,0.8372,0.5727907154956303,0.588885606678271,0.5727907154956303,72,45,82,81,3.2363196445526423,3.2111376255715163,81,82,1,1,13028,0.9807286961758507,2.9462451934814453,81,82
negsteer+constraints,design_36_seq_1,design_00_s2,design_00,steered,2.0,1,0.8465,2.041,0.8537,0.8465,0.8465,0.571388268067191,0.5771705099358792,0.571388268067191,72,45,82,81,3.2363196445526423,3.2111376255715163,81,82,1,1,12997,0.9783950617283951,2.9992191791534424,81,81
negsteer+constraints,design_36_seq_1,design_02_s1,design_02,steered,1.0,1,0.8216,2.362,0.8511,0.8216,0.8216,0.5476854044231184,0.5778534679514605,0.5476854044231184,72,45,82,81,3.2363196445526423,3.2111376255715163,81,82,1,1,12987,0.9776422764227642,3.0569584369659424,81,81
negsteer+constraints,design_36_seq_1,design_00_s0,design_00,steered,0.0,1,0.8402,3.146,0.8547,0.8402,0.8402,0.5587464227818275,0.5765490494668484,0.5587464227818275,72,45,82,81,3.2363196445526423,3.2111376255715163,81,82,1,1,12879,0.9695121951219512,2.982642412185669,81,81
negsteer+constraints,design_36_seq_1,design_00_s1,design_00,steered,1.0,1,0.813,3.036,0.8267,0.813,0.813,0.5279126858603164,0.5473321616740489,0.5279126858603164,72,45,82,81,3.2363196445526423,3.2111376255715163,81,82,1,1,12823,0.9652965974104185,3.192143201828003,80,81
negsteer+constraints,design_36_seq_1,design_01_s0,design_01,steered,0.0,1,0.7481,28.582,0.7481,0.801,0.7481,0.4831407240270005,0.487541964141334,0.4831407240270005,32,45,82,81,3.2363196445526423,3.2111376255715163,81,82,1,1,12716,0.9572417946401687,3.6181938648223877,81,81
negsteer+constraints,design_36_seq_1,design_01_s1,design_01,steered,1.0,1,0.8423,28.785,0.8423,0.8608,0.8423,0.5704659955650798,0.5950576784770664,0.5704659955650798,32,45,82,81,3.2363196445526423,3.2111376255715163,81,82,1,1,12922,0.9727491719361638,2.930163860321045,81,81
negsteer+constraints,design_36_seq_1,design_01_s2,design_01,steered,2.0,1,0.8647,29.925,0.8647,0.8902,0.8647,0.6307223692168424,0.6243871756908824,0.6243871756908824,33,45,82,81,3.2363196445526423,3.2111376255715163,81,82,1,1,13100,0.9861487503763926,2.662938356399536,81,82
negsteer+constraints,design_37_seq_0,initial,initial,cold_start,0.0,1,0.6646,4.94,0.7458,0.6646,0.6646,0.3427564211201687,0.45613172405013225,0.3427564211201687,70,45,82,78,3.2363196445526423,3.1340309377915263,78,82,1,1,12198,0.9535647279549718,4.235276699066162,77,81
negsteer+constraints,design_37_seq_0,initial_s1,initial,cold_start,1.0,1,0.5981,3.064,0.6557,0.5981,0.5981,0.2935678823254047,0.3812684640742657,0.2935678823254047,70,45,82,78,3.2363196445526423,3.1340309377915263,78,82,1,1,12143,0.9492651657285803,4.856323719024658,78,81
negsteer+constraints,design_37_seq_0,initial_s2,initial,cold_start,2.0,1,0.5462,3.319,0.6195,0.5462,0.5462,0.27623961676652425,0.35458213179485826,0.27623961676652425,70,53,82,78,3.2363196445526423,3.1340309377915263,78,82,1,1,12007,0.9386335209505942,5.023749351501465,78,81
negsteer+constraints,design_37_seq_1,initial,initial,cold_start,0.0,1,0.5986,1.754,0.6446,0.5986,0.5986,0.35072738647114676,0.37542628753566887,0.35072738647114676,69,52,82,78,3.2363196445526423,3.1340309377915263,78,82,1,1,12307,0.9620856785490932,4.572362899780273,78,81
negsteer+constraints,design_37_seq_1,initial_s1,initial,cold_start,1.0,1,0.4981,1.713,0.5545,0.4981,0.4981,0.2719807634876372,0.2734736122457856,0.2719807634876372,69,52,76,78,3.081256507046695,3.1340309377915263,78,82,0,1,10852,0.8483427141963727,5.043560028076172,78,81
negsteer+constraints,design_37_seq_1,initial_s2,initial,cold_start,2.0,1,0.6686,2.129,0.7197,0.6686,0.6686,0.42213909277537215,0.4447369003077833,0.42213909277537215,69,52,82,78,3.2363196445526423,3.1340309377915263,78,82,1,1,12581,0.983505315822389,3.9819588661193848,78,81
negsteer+constraints,design_38_seq_0,initial,initial,cold_start,,1,0.7786,27.219,0.7786,0.7947,0.7786,0.4627602685971233,0.5225696302950382,0.4627602685971233,33,45,82,78,3.2363196445526423,3.1340309377915263,78,82,1,1,12527,0.9792839274546592,3.552553415298462,77,81
negsteer+constraints,design_38_seq_0,design_01_s0,design_01,steered,0.0,1,0.6746,1.347,0.7312,0.6746,0.6746,0.5026390852812582,0.4977380063004292,0.4977380063004292,69,24,82,78,3.2363196445526423,3.1340309377915263,78,82,1,1,12350,0.9654471544715447,3.3329782485961914,78,82
negsteer+constraints,design_38_seq_0,design_01_s1,design_01,steered,1.0,1,0.6253,1.655,0.6925,0.6253,0.6253,0.45567442951664233,0.45960322099669676,0.45567442951664233,69,45,82,78,3.2363196445526423,3.1340309377915263,78,82,1,1,12401,0.9694340212632896,3.6520750522613525,78,82
negsteer+constraints,design_38_seq_0,design_02_s1,design_02,steered,1.0,1,0.2989,2.14,0.335,0.2989,0.2989,0.1323555778556814,0.19620239487622024,0.1323555778556814,70,52,74,78,3.0273155556828426,3.1340309377915263,78,82,0,1,9919,0.7754065040650406,6.5398125648498535,74,80
negsteer+constraints,design_38_seq_0,design_00_s1,design_00,steered,1.0,1,0.7297,2.883,0.7781,0.7297,0.7297,0.4517584981587835,0.508588047505061,0.4517584981587835,70,45,82,78,3.2363196445526423,3.1340309377915263,78,82,1,1,12401,0.9694340212632896,3.6190645694732666,77,82
negsteer+constraints,design_38_seq_0,design_02_s0,design_02,steered,0.0,1,0.3941,4.169,0.4782,0.3941,0.3941,0.19233513718697792,0.2683252071359808,0.19233513718697792,70,55,81,78,3.2111376255715163,3.1340309377915263,78,82,0,1,11277,0.8815666041275797,5.856383800506592,77,81
negsteer+constraints,design_38_seq_0,design_00_s0,design_00,steered,0.0,1,0.5686,1.365,0.6811,0.5686,0.5686,0.291782274752712,0.36990170433220065,0.291782274752712,70,45,82,78,3.2363196445526423,3.1340309377915263,78,82,1,1,11251,0.8795340838023765,4.653955459594727,75,81
negsteer+constraints,design_38_seq_0,design_00_s2,design_00,steered,2.0,1,0.7871,2.127,0.83,0.7871,0.7871,0.5294624882368132,0.5707504662014998,0.5294624882368132,70,45,82,78,3.2363196445526423,3.1340309377915263,78,82,1,1,12540,0.9803001876172608,3.1087429523468018,77,82
negsteer+constraints,design_38_seq_0,design_02_s2,design_02,steered,2.0,1,0.6212,8.466,0.6524,0.6212,0.6212,0.3525284978871544,0.4285425904502229,0.3525284978871544,70,55,82,78,3.2363196445526423,3.1340309377915263,78,82,1,1,12257,0.9581769856160101,4.319961071014404,77,81
negsteer+constraints,design_38_seq_0,design_01_s2,design_01,steered,2.0,1,0.6277,28.348,0.6277,0.6896,0.6277,0.3465508359173934,0.3342600770283309,0.3342600770283309,33,45,75,78,3.054435875049391,3.1340309377915263,78,82,0,1,10372,0.8108192620387742,4.210733890533447,75,75
negsteer+constraints,design_38_seq_1,initial,initial,cold_start,,1,0.7016,9.083,0.7016,0.7084,0.7016,0.37397999989871794,0.45010300054464764,0.37397999989871794,70,45,82,78,3.2363196445526423,3.1340309377915263,78,82,1,1,12230,0.956066291432145,4.178816318511963,77,81
negsteer+constraints,design_38_seq_1,design_00_s1,design_00,steered,1.0,1,0.6437,7.843,0.6437,0.6928,0.6437,0.34689965760574126,0.4009056062261551,0.34689965760574126,70,45,81,78,3.2111376255715163,3.1340309377915263,78,82,0,1,11411,0.8920419011882427,4.294504165649414,78,81
negsteer+constraints,design_38_seq_1,design_02_s0,design_02,steered,0.0,1,0.7414,8.081,0.7841,0.7414,0.7414,0.4257385661162866,0.4970453102141619,0.4257385661162866,70,45,82,78,3.2363196445526423,3.1340309377915263,78,82,1,1,12356,0.9659161976235147,3.743259906768799,77,81
negsteer+constraints,design_38_seq_1,design_01_s1,design_01,steered,1.0,1,0.2528,8.145,0.3434,0.2528,0.2528,0.07587023413119216,0.14214426393779675,0.07587023413119216,70,53,71,78,2.9440693332755243,3.1340309377915263,78,82,0,1,8021,0.6270325203252033,7.328052997589111,69,70
negsteer+constraints,design_38_seq_1,design_02_s1,design_02,steered,1.0,1,0.7652,8.166,0.808,0.7652,0.7652,0.4620801089092707,0.5281074028916475,0.4620801089092707,70,45,82,78,3.2363196445526423,3.1340309377915263,78,82,1,1,12486,0.976078799249531,3.4771108627319336,78,81
negsteer+constraints,design_38_seq_1,design_00_s2,design_00,steered,2.0,1,0.7133,8.437,0.719,0.7133,0.7133,0.4178135686327154,0.4578894898522554,0.4178135686327154,70,45,82,78,3.2363196445526423,3.1340309377915263,78,82,1,1,12419,0.9708411507191995,3.9482176303863525,77,81
negsteer+constraints,design_38_seq_1,design_01_s2,design_01,steered,2.0,1,0.6006,8.717,0.6437,0.6006,0.6006,0.3299425101498715,0.38077641562445136,0.3299425101498715,70,45,82,78,3.2363196445526423,3.1340309377915263,78,82,1,1,12114,0.9469981238273921,4.6158647537231445,77,81
negsteer+constraints,design_38_seq_1,design_02_s2,design_02,steered,2.0,1,0.8224,9.125,0.8444,0.8224,0.8224,0.5375737690199645,0.5901865392196469,0.5375737690199645,70,45,82,78,3.2363196445526423,3.1340309377915263,78,82,1,1,12530,0.9795184490306441,2.985935688018799,77,81
negsteer+constraints,design_38_seq_1,design_00_s0,design_00,steered,0.0,1,0.8082,5.912,0.8235,0.8082,0.8082,0.5120641234217402,0.5681351892104963,0.5120641234217402,70,45,82,78,3.2363196445526423,3.1340309377915263,78,82,1,1,12497,0.9769387116948093,3.138493537902832,77,81
negsteer+constraints,design_38_seq_1,design_01_s0,design_01,steered,0.0,1,0.6452,7.518,0.7181,0.6452,0.6452,0.37422323065439766,0.43558674769067185,0.37422323065439766,70,45,82,78,3.2363196445526423,3.1340309377915263,78,82,1,1,12355,0.9658380237648531,4.184284687042236,77,81
negsteer+constraints,design_39_seq_0,initial,initial,cold_start,0.0,1,0.8814,1.324,0.8814,0.8845,0.8814,0.6342547506289442,0.6344665098117619,0.6342547506289442,72,45,82,81,3.2363196445526423,3.2111376255715163,81,82,1,1,13112,0.9870520927431496,2.585843324661255,81,81
negsteer+constraints,design_39_seq_0,initial_s1,initial,cold_start,1.0,1,0.8693,0.768,0.8693,0.8706,0.8693,0.6163469879646544,0.6178515257268418,0.6163469879646544,72,45,82,81,3.2363196445526423,3.2111376255715163,81,82,1,1,13116,0.987353206865402,2.690115451812744,81,81
negsteer+constraints,design_39_seq_0,initial_s2,initial,cold_start,2.0,1,0.8746,1.238,0.8746,0.8798,0.8746,0.6365910925396523,0.6216333853762325,0.6216333853762325,72,45,82,81,3.2363196445526423,3.2111376255715163,81,82,1,1,13129,0.9883318277627221,2.6295742988586426,81,81
negsteer+constraints,design_39_seq_1,initial,initial,cold_start,0.0,1,0.8976,1.609,0.9073,0.8976,0.8976,0.6383192412624205,0.6637424792094928,0.6383192412624205,72,45,82,81,3.2363196445526423,3.2111376255715163,81,82,1,1,13131,0.9884823848238482,2.5119543075561523,81,81
negsteer+constraints,design_39_seq_1,initial_s2,initial,cold_start,2.0,1,0.9063,1.49,0.9161,0.9063,0.9063,0.6690299236503097,0.6867416537389522,0.6690299236503097,72,45,82,81,3.2363196445526423,3.2111376255715163,81,82,1,1,13138,0.9890093345377898,2.334012985229492,81,81
negsteer+constraints,design_39_seq_1,initial_s1,initial,cold_start,1.0,1,0.8858,2.102,0.8918,0.8858,0.8858,0.6069201358226071,0.6337953315275472,0.6069201358226071,72,45,82,81,3.2363196445526423,3.2111376255715163,81,82,1,1,13073,0.9841162300511894,2.721859931945801,81,81
negsteer+constraints,design_3_seq_0,initial,initial,cold_start,,1,0.7832,28.434,0.7832,0.7948,0.7832,0.4814413916727062,0.5091034933561231,0.4814413916727062,33,45,82,80,3.2363196445526423,3.185699940650432,80,82,1,1,12888,0.9823170731707317,3.5404694080352783,80,81
negsteer+constraints,design_3_seq_0,design_01_s0,design_01,steered,0.0,1,0.584,26.425,0.584,0.6316,0.584,0.2924533726240043,0.28276893702653666,0.28276893702653666,33,45,73,80,2.9998870343784683,3.185699940650432,80,82,0,1,10556,0.8045731707317073,4.861077785491943,79,73
negsteer+constraints,design_3_seq_0,design_01_s1,design_01,steered,1.0,1,0.544,26.582,0.544,0.5913,0.544,0.2625098631629953,0.2561048764746818,0.2561048764746818,32,45,72,80,2.9721414027832376,3.185699940650432,80,82,0,1,10380,0.7911585365853658,5.144377708435059,79,71
negsteer+constraints,design_3_seq_0,design_01_s2,design_01,steered,2.0,1,0.648,27.676,0.648,0.6605,0.648,0.3347366530331783,0.34708476573989794,0.3347366530331783,32,45,79,80,3.1599999999999993,3.185699940650432,80,82,0,1,11626,0.8861280487804878,4.611966609954834,79,81
negsteer+constraints,design_3_seq_0,design_00_s0,design_00,steered,0.0,1,0.8304,27.783,0.8304,0.8579,0.8304,0.5679354985244572,0.5704672590988439,0.5679354985244572,47,45,82,80,3.2363196445526423,3.185699940650432,80,82,1,1,12881,0.9817835365853659,3.0774502754211426,80,81
negsteer+constraints,design_3_seq_0,design_02_s2,design_02,steered,2.0,1,0.8519,27.968,0.8519,0.8646,0.8519,0.604894815228181,0.5930995899366169,0.5930995899366169,47,45,82,80,3.2363196445526423,3.185699940650432,80,82,1,1,12929,0.9854420731707317,2.825460910797119,80,81
negsteer+constraints,design_3_seq_0,design_02_s0,design_02,steered,0.0,1,0.7628,28.101,0.7628,0.804,0.7628,0.49706507148221135,0.49515535841446096,0.49515535841446096,32,45,82,80,3.2363196445526423,3.185699940650432,80,82,1,1,12562,0.957469512195122,3.512084722518921,80,81
negsteer+constraints,design_3_seq_0,design_02_s1,design_02,steered,1.0,1,0.8414,28.109,0.8414,0.8482,0.8414,0.5944856828427874,0.5808768856208544,0.5808768856208544,47,45,82,80,3.2363196445526423,3.185699940650432,80,82,1,1,12821,0.9772103658536585,2.8580801486968994,80,82
negsteer+constraints,design_3_seq_0,design_00_s2,design_00,steered,2.0,1,0.8053,28.142,0.8053,0.8553,0.8053,0.5418737622676417,0.544152464535905,0.5418737622676417,47,45,82,80,3.2363196445526423,3.185699940650432,80,82,1,1,12722,0.9696646341463414,3.257603645324707,80,81
negsteer+constraints,design_3_seq_0,design_00_s1,design_00,steered,1.0,1,0.8278,28.15,0.8278,0.8502,0.8278,0.5672895767289446,0.574753439417336,0.5672895767289446,47,45,82,80,3.2363196445526423,3.185699940650432,80,82,1,1,12828,0.9777439024390244,3.0556552410125732,80,81
negsteer+constraints,design_3_seq_1,initial,initial,cold_start,,1,0.6807,27.675,0.6956,0.6807,0.6807,0.3161521922942484,0.34523422903631157,0.3161521922942484,34,45,82,80,3.2363196445526423,3.185699940650432,80,82,1,1,12200,0.9298780487804879,4.902735710144043,79,82
negsteer+constraints,design_3_seq_1,design_02_s1,design_02,steered,1.0,1,0.7136,3.613,0.7136,0.7233,0.7136,0.5019946111016906,0.548955121918059,0.5019946111016906,76,37,82,80,3.2363196445526423,3.185699940650432,80,82,1,1,12958,0.9876524390243903,3.2301175594329834,80,82
negsteer+constraints,design_3_seq_1,design_02_s2,design_02,steered,2.0,1,0.1766,3.726,0.1766,0.194,0.1766,0.07987570351397152,0.12920892702006712,0.07987570351397152,77,58,75,80,3.054435875049391,3.185699940650432,80,82,0,1,9793,0.7464176829268293,8.018706321716309,79,81
negsteer+constraints,design_3_seq_1,design_02_s0,design_02,steered,0.0,1,0.4695,4.857,0.495,0.4695,0.4695,0.2795686860365095,0.3497371215418708,0.2795686860365095,76,52,82,80,3.2363196445526423,3.185699940650432,80,82,1,1,12731,0.9703506097560975,5.0337371826171875,80,81
negsteer+constraints,design_3_seq_1,design_00_s2,design_00,steered,2.0,1,0.637,26.554,0.637,0.7558,0.637,0.3632754036836559,0.321653401578504,0.321653401578504,34,45,79,80,3.1599999999999993,3.185699940650432,80,82,0,1,10840,0.8262195121951219,4.435477256774902,78,82
negsteer+constraints,design_3_seq_1,design_00_s1,design_00,steered,1.0,1,0.6412,26.681,0.6412,0.745,0.6412,0.37451638793863823,0.3388051445930969,0.3388051445930969,33,45,81,80,3.2111376255715163,3.185699940650432,80,82,0,1,11543,0.8798018292682926,4.47417688369751,79,82
negsteer+constraints,design_3_seq_1,design_00_s0,design_00,steered,0.0,1,0.6823,27.585,0.6823,0.7834,0.6823,0.39452486761729233,0.3765612281518193,0.3765612281518193,34,45,81,80,3.2111376255715163,3.185699940650432,80,82,0,1,11102,0.8461890243902439,4.149282455444336,79,81
negsteer+constraints,design_3_seq_1,design_01_s0,design_01,steered,0.0,1,0.6549,28.245,0.6549,0.6563,0.6549,0.344096698841895,0.3650221998701099,0.344096698841895,33,45,82,80,3.2363196445526423,3.185699940650432,80,82,1,1,12693,0.9674542682926829,4.629030704498291,78,82
negsteer+constraints,design_3_seq_1,design_01_s2,design_01,steered,2.0,1,0.4707,28.471,0.4707,0.5071,0.4707,0.23709317363100127,0.23320381897615222,0.23320381897615222,33,45,82,80,3.2363196445526423,3.185699940650432,80,82,1,1,11682,0.8903963414634146,5.794096946716309,78,82
negsteer+constraints,design_3_seq_1,design_01_s1,design_01,steered,1.0,1,0.4066,29.014,0.4536,0.4066,0.4066,0.1608471433952218,0.19154732709000932,0.1608471433952218,33,45,80,80,3.185699940650432,3.185699940650432,80,82,0,1,10108,0.7704268292682926,6.372483253479004,76,81
negsteer+constraints,design_40_seq_0,initial,initial,cold_start,0.0,1,0.8862,1.879,0.892,0.8862,0.8862,0.6338444812165107,0.6437810289065876,0.6338444812165107,71,45,82,80,3.2363196445526423,3.185699940650432,80,82,1,1,12976,0.9890243902439024,2.56498122215271,80,82
negsteer+constraints,design_40_seq_0,initial_s1,initial,cold_start,1.0,1,0.8746,1.381,0.8759,0.8746,0.8746,0.602112906158436,0.616928919877221,0.602112906158436,71,45,82,80,3.2363196445526423,3.185699940650432,80,82,1,1,12944,0.9865853658536585,2.7716736793518066,80,81
negsteer+constraints,design_40_seq_0,initial_s2,initial,cold_start,2.0,1,0.878,1.425,0.8876,0.878,0.878,0.6197381590580335,0.6356510029333394,0.6197381590580335,71,45,82,80,3.2363196445526423,3.185699940650432,80,82,1,1,12972,0.988719512195122,2.6351101398468018,80,81
negsteer+constraints,design_40_seq_1,initial,initial,cold_start,0.0,1,0.8705,1.535,0.8706,0.8705,0.8705,0.5926624160492793,0.6167561128372099,0.5926624160492793,71,45,82,80,3.2363196445526423,3.185699940650432,80,82,1,1,12968,0.9884146341463415,2.790181875228882,80,81
negsteer+constraints,design_40_seq_1,initial_s2,initial,cold_start,2.0,1,0.8682,1.594,0.8782,0.8682,0.8682,0.6139350271609146,0.6283581896440875,0.6139350271609146,71,45,82,80,3.2363196445526423,3.185699940650432,80,82,1,1,12979,0.9892530487804878,2.66898512840271,80,82
negsteer+constraints,design_40_seq_1,initial_s1,initial,cold_start,1.0,1,0.8759,2.016,0.8834,0.8759,0.8759,0.6021020368731115,0.6241254821056272,0.6021020368731115,71,45,82,80,3.2363196445526423,3.185699940650432,80,82,1,1,12968,0.9884146341463415,2.739856004714966,80,81
negsteer+constraints,design_41_seq_0,initial,initial,cold_start,,1,0.4201,1.928,0.4497,0.4201,0.4201,0.25607484595838753,0.3077431242549565,0.25607484595838753,75,52,82,82,3.2363196445526423,3.2363196445526423,82,82,1,1,12994,0.9662403331350387,5.449316024780273,82,81
negsteer+constraints,design_41_seq_0,design_02_s2,design_02,steered,2.0,1,0.622,2.8,0.6929,0.622,0.622,0.4015691008833351,0.4492116187295945,0.4015691008833351,75,52,82,82,3.2363196445526423,3.2363196445526423,82,82,1,1,13195,0.9811867935752528,4.075016021728516,82,82
negsteer+constraints,design_41_seq_0,design_02_s1,design_02,steered,1.0,1,0.2523,3.02,0.2937,0.2523,0.2523,0.10912089550118076,0.16217447913581187,0.10912089550118076,74,52,74,82,3.0273155556828426,3.2363196445526423,82,82,0,1,9915,0.7372843545508626,7.086179256439209,80,77
negsteer+constraints,design_41_seq_0,design_00_s2,design_00,steered,2.0,1,0.2229,3.98,0.2229,0.2474,0.2229,0.12294908201821693,0.17635120873668844,0.12294908201821693,76,22,78,82,3.1340309377915263,3.2363196445526423,82,82,0,1,11326,0.842207019631172,7.199985027313232,82,81
negsteer+constraints,design_41_seq_0,design_00_s0,design_00,steered,0.0,1,0.4012,7.432,0.4012,0.4315,0.4012,0.24883359587160733,0.31699091341437363,0.24883359587160733,74,24,82,82,3.2363196445526423,3.2363196445526423,82,82,1,1,12967,0.9642325996430696,5.383279323577881,82,81
negsteer+constraints,design_41_seq_0,design_01_s2,design_01,steered,2.0,1,0.7117,7.657,0.726,0.7117,0.7117,0.45286641141013584,0.5292391092913997,0.45286641141013584,75,24,82,82,3.2363196445526423,3.2363196445526423,82,82,1,1,13162,0.9787328970850684,3.54167103767395,81,82
negsteer+constraints,design_41_seq_0,design_01_s1,design_01,steered,1.0,1,0.6857,7.927,0.7339,0.6857,0.6857,0.4261976831433613,0.4970578214199078,0.4261976831433613,76,45,82,82,3.2363196445526423,3.2363196445526423,82,82,1,1,13187,0.9805919095776323,3.753350257873535,81,81
negsteer+constraints,design_41_seq_0,design_02_s0,design_02,steered,0.0,1,0.3365,10.551,0.3612,0.3365,0.3365,0.16722172193467708,0.23372202375676573,0.16722172193467708,76,54,81,82,3.2111376255715163,3.2363196445526423,82,82,0,1,11596,0.8622843545508626,6.263237476348877,80,81
negsteer+constraints,design_41_seq_0,design_00_s1,design_00,steered,1.0,1,0.3521,15.145,0.3521,0.4006,0.3521,0.2469001811099943,0.3092517253102326,0.2469001811099943,37,22,82,82,3.2363196445526423,3.2363196445526423,82,82,1,1,13061,0.97122248661511,5.453145980834961,81,81
negsteer+constraints,design_41_seq_0,design_01_s0,design_01,steered,0.0,1,0.2377,13.442,0.2377,0.3066,0.2377,0.15621959076478806,0.2108873890303984,0.15621959076478806,46,24,81,82,3.2111376255715163,3.2363196445526423,82,82,0,1,11890,0.8841463414634146,6.612764835357666,80,81
negsteer+constraints,design_41_seq_1,initial,initial,cold_start,,1,0.6503,3.691,0.6969,0.6503,0.6503,0.4328490290506857,0.5043520106445635,0.4328490290506857,75,37,82,82,3.2363196445526423,3.2363196445526423,82,82,1,1,13257,0.9857971445568114,3.677072763442993,82,82
negsteer+constraints,design_41_seq_1,design_01_s0,design_01,steered,0.0,1,0.2664,3.262,0.272,0.2664,0.2664,0.10031216483983416,0.16607525698533962,0.10031216483983416,74,55,73,82,2.9998870343784683,3.2363196445526423,82,82,0,1,9609,0.7145300416418798,7.032871246337891,79,72
negsteer+constraints,design_41_seq_1,design_01_s1,design_01,steered,1.0,1,0.3704,3.833,0.384,0.3704,0.3704,0.18214266105248342,0.23468874200394876,0.18214266105248342,75,55,75,82,3.054435875049391,3.2363196445526423,82,82,0,1,11190,0.832093991671624,5.969803333282471,81,78
negsteer+constraints,design_41_seq_1,design_01_s2,design_01,steered,2.0,1,0.5554,6.046,0.609,0.5554,0.5554,0.3526285804450376,0.368728551139101,0.3526285804450376,75,45,82,82,3.2363196445526423,3.2363196445526423,82,82,1,1,12743,0.9475758477096966,4.579684257507324,82,81
negsteer+constraints,design_41_seq_1,design_02_s2,design_02,steered,2.0,1,0.4527,8.27,0.5018,0.4527,0.4527,0.271672470781884,0.33519682251825567,0.271672470781884,75,52,82,82,3.2363196445526423,3.2363196445526423,82,82,1,1,13032,0.9690660321237359,5.183394908905029,82,81
negsteer+constraints,design_41_seq_1,design_02_s0,design_02,steered,0.0,1,0.1858,8.274,0.1858,0.2118,0.1858,0.08872638964207798,0.1540983905731814,0.08872638964207798,76,22,80,81,3.185699940650432,3.2111376255715163,82,82,0,0,10185,0.7573616894705533,7.5542311668396,79,81
negsteer+constraints,design_41_seq_1,design_02_s1,design_02,steered,1.0,1,0.4602,8.88,0.506,0.4602,0.4602,0.2771727066464359,0.3397471761563793,0.2771727066464359,75,52,82,82,3.2363196445526423,3.2363196445526423,82,82,1,1,12961,0.9637864366448543,5.096230506896973,81,82
negsteer+constraints,design_41_seq_1,design_00_s2,design_00,steered,2.0,1,0.0025,17.775,0.003,0.0025,0.0025,0.001283981144519114,3.090440352424616e-05,3.090440352424616e-05,58,11,2,1,0.5,0.5,82,82,0,0,86,0.006395002974419988,9.595898628234863,39,1
negsteer+constraints,design_41_seq_1,design_00_s1,design_00,steered,1.0,1,0.0029,21.849,0.0029,0.0029,0.0029,0.0013036674013497626,0.0020227940929144986,0.0013036674013497626,47,11,2,1,0.5,0.5,82,82,0,0,415,0.03085960737656157,9.565871238708496,40,61
negsteer+constraints,design_41_seq_1,design_00_s0,design_00,steered,0.0,1,0.0034,22.681,0.0043,0.0034,0.0034,0.0032487375457294103,0.0022849899790499634,0.0022849899790499634,7,12,10,13,0.5,0.5,82,82,0,0,986,0.07331945270672219,8.836848258972168,74,67
negsteer+constraints,design_42_seq_0,initial,initial,cold_start,0.0,1,0.8405,1.741,0.8405,0.8466,0.8405,0.5366024280460003,0.5666594341306425,0.5366024280460003,76,45,82,85,3.2363196445526423,3.3103937717626097,85,82,1,1,13662,0.9800573888091823,3.243521213531494,85,81
negsteer+constraints,design_42_seq_0,initial_s2,initial,cold_start,2.0,1,0.8756,1.758,0.8774,0.8756,0.8756,0.5934528538245051,0.6338216051822756,0.5934528538245051,76,45,82,85,3.2363196445526423,3.3103937717626097,85,82,1,1,13758,0.9869440459110473,2.775775909423828,85,81
negsteer+constraints,design_42_seq_0,initial_s1,initial,cold_start,1.0,1,0.8717,1.847,0.8742,0.8717,0.8717,0.5819469372358392,0.6247402051600014,0.5819469372358392,76,45,82,85,3.2363196445526423,3.3103937717626097,85,82,1,1,13774,0.9880918220946915,2.8756794929504395,85,81
negsteer+constraints,design_42_seq_1,initial,initial,cold_start,0.0,1,0.2118,1.107,0.2118,0.2162,0.2118,0.12124649965313866,0.13828942783335904,0.12124649965313866,76,55,75,85,3.054435875049391,3.3103937717626097,85,82,0,1,10651,0.7640602582496413,7.354255676269531,83,75
negsteer+constraints,design_42_seq_1,initial_s1,initial,cold_start,1.0,1,0.2873,1.465,0.3059,0.2873,0.2873,0.17767557456048536,0.1902812102826585,0.17767557456048536,80,55,81,85,3.2111376255715163,3.3103937717626097,85,82,0,1,11711,0.8401004304160689,6.432356834411621,84,81
negsteer+constraints,design_42_seq_1,initial_s2,initial,cold_start,2.0,1,0.2345,1.499,0.2373,0.2345,0.2345,0.12369265796287972,0.14614698193149595,0.12369265796287972,80,55,74,85,3.0273155556828426,3.3103937717626097,85,82,0,1,10445,0.7492826398852224,7.148128032684326,82,73
negsteer+constraints,design_43_seq_0,initial,initial,cold_start,0.0,1,0.1344,1.531,0.1344,0.1575,0.1344,0.08517918949221055,0.10108498034135598,0.08517918949221055,68,22,74,72,3.0273155556828426,2.9721414027832376,77,82,0,0,8804,0.6971808679125753,8.048043251037598,74,79
negsteer+constraints,design_43_seq_0,initial_s1,initial,cold_start,1.0,1,0.322,1.057,0.3435,0.322,0.322,0.23715934218754145,0.24847733965370714,0.23715934218754145,68,55,82,77,3.2363196445526423,3.107785596003703,77,82,1,1,12243,0.9695121951219512,5.821639060974121,77,81
negsteer+constraints,design_43_seq_0,initial_s2,initial,cold_start,2.0,1,0.1358,1.064,0.1996,0.1358,0.1358,0.042145657256342374,0.07707976981452326,0.042145657256342374,75,22,71,66,2.9440693332755243,2.798452913890075,77,82,0,0,6406,0.5072853975293,8.275772094726562,71,75
negsteer+constraints,design_43_seq_1,initial,initial,cold_start,0.0,1,0.684,2.189,0.7051,0.684,0.684,0.5135996475900438,0.4909050666340968,0.4909050666340968,68,45,82,77,3.2363196445526423,3.107785596003703,77,82,1,1,12402,0.9821032625910675,3.3682339191436768,77,81
negsteer+constraints,design_43_seq_1,initial_s1,initial,cold_start,1.0,1,0.291,1.221,0.291,0.3025,0.291,0.2015105787809793,0.21188757233832758,0.2015105787809793,68,52,81,77,3.2111376255715163,3.107785596003703,77,82,0,1,11357,0.8993506493506493,6.111479759216309,76,81
negsteer+constraints,design_43_seq_1,initial_s2,initial,cold_start,2.0,1,0.1126,1.658,0.1126,0.139,0.1126,0.0584592421254893,0.08198120718447083,0.0584592421254893,68,56,66,71,2.798452913890075,2.9440693332755243,77,82,0,0,7350,0.582039911308204,8.237963676452637,71,73
negsteer+constraints,design_44_seq_0,initial,initial,cold_start,,1,0.1902,33.436,0.1902,0.2179,0.1902,0.0823219424734513,0.12444731366264111,0.0823219424734513,32,53,79,81,3.1599999999999993,3.2111376255715163,81,82,0,1,9123,0.6867660343270099,7.68752384185791,76,82
negsteer+constraints,design_44_seq_0,design_02_s0,design_02,steered,0.0,1,0.5073,9.051,0.5664,0.5073,0.5073,0.3254775446322229,0.35843947411673827,0.3254775446322229,73,46,82,81,3.2363196445526423,3.2111376255715163,81,82,1,1,12982,0.9772658837699488,4.760504245758057,81,81
negsteer+constraints,design_44_seq_0,design_02_s1,design_02,steered,1.0,1,0.5948,9.734,0.6506,0.5948,0.5948,0.37145982821540974,0.40886323735481356,0.37145982821540974,73,46,82,81,3.2363196445526423,3.2111376255715163,81,82,1,1,12926,0.9730502860584161,4.304195404052734,81,81
negsteer+constraints,design_44_seq_0,design_02_s2,design_02,steered,2.0,1,0.489,10.933,0.5285,0.489,0.489,0.32109584053690876,0.34863512663216123,0.32109584053690876,73,45,82,81,3.2363196445526423,3.2111376255715163,81,82,1,1,13027,0.9806534176452876,4.823790550231934,81,81
negsteer+constraints,design_44_seq_0,design_00_s1,design_00,steered,1.0,1,0.1793,3.805,0.1793,0.2268,0.1793,0.0741618662112519,0.15072710962295988,0.0741618662112519,34,22,75,81,3.054435875049391,3.2111376255715163,81,82,0,1,9200,0.6925624811803673,7.4977312088012695,77,80
negsteer+constraints,design_44_seq_0,design_01_s1,design_01,steered,1.0,1,0.2492,4.465,0.3163,0.2492,0.2492,0.10016167736439793,0.16735367704375942,0.10016167736439793,77,24,82,81,3.2363196445526423,3.2111376255715163,81,82,1,1,10220,0.7693465823547124,7.352287292480469,76,81
negsteer+constraints,design_44_seq_0,design_00_s0,design_00,steered,0.0,1,0.2957,6.051,0.2957,0.3511,0.2957,0.1598363641569,0.23904297599943763,0.1598363641569,73,24,81,81,3.2111376255715163,3.2111376255715163,81,82,0,1,11586,0.8721770551038843,6.312249183654785,81,81
negsteer+constraints,design_44_seq_0,design_00_s2,design_00,steered,2.0,1,0.1018,6.452,0.1018,0.1566,0.1018,0.020921234699702005,0.0945081831120727,0.020921234699702005,73,22,64,78,2.7375390804284843,3.1340309377915263,81,82,0,0,6201,0.46680216802168023,8.303654670715332,67,73
negsteer+constraints,design_44_seq_0,design_01_s0,design_01,steered,0.0,1,0.2274,23.507,0.2757,0.2274,0.2274,0.07967315221573283,0.1310569928851115,0.07967315221573283,16,38,75,81,3.054435875049391,3.2111376255715163,81,82,0,1,8612,0.6482987052092744,7.547180652618408,73,81
negsteer+constraints,design_44_seq_0,design_01_s2,design_01,steered,2.0,1,0.7446,29.968,0.7553,0.7446,0.7446,0.48121713578735514,0.5474109496330706,0.48121713578735514,17,37,82,81,3.2363196445526423,3.2111376255715163,81,82,1,1,13007,0.9791478470340259,3.3193862438201904,80,82
negsteer+constraints,design_44_seq_1,initial,initial,cold_start,,1,0.7795,26.78,0.7795,0.7996,0.7795,0.568863496882841,0.5756847104284821,0.568863496882841,47,45,82,81,3.2363196445526423,3.2111376255715163,81,82,1,1,13095,0.9857723577235772,2.9718306064605713,81,81
negsteer+constraints,design_44_seq_1,design_01_s1,design_01,steered,1.0,1,0.7398,3.106,0.7623,0.7398,0.7398,0.4877446420766689,0.5259528958022867,0.4877446420766689,73,46,82,81,3.2363196445526423,3.2111376255715163,81,82,1,1,13057,0.9829117735621801,3.4098753929138184,81,82
negsteer+constraints,design_44_seq_1,design_01_s2,design_01,steered,2.0,1,0.7619,3.093,0.7892,0.7619,0.7619,0.47960141320413924,0.551194037452749,0.47960141320413924,73,45,82,81,3.2363196445526423,3.2111376255715163,81,82,1,1,12968,0.9762119843420657,3.36297345161438,81,82
negsteer+constraints,design_44_seq_1,design_01_s0,design_01,steered,0.0,1,0.6893,1.136,0.7299,0.6893,0.6893,0.45881868708292367,0.4968522265837414,0.45881868708292367,73,45,82,81,3.2363196445526423,3.2111376255715163,81,82,1,1,13127,0.9881812707015959,3.6529040336608887,81,82
negsteer+constraints,design_44_seq_1,design_02_s1,design_02,steered,1.0,1,0.5629,1.253,0.592,0.5629,0.5629,0.39082634120742665,0.4142747948048409,0.39082634120742665,72,55,82,81,3.2363196445526423,3.2111376255715163,81,82,1,1,13088,0.9852454080096357,4.171250820159912,81,82
negsteer+constraints,design_44_seq_1,design_02_s0,design_02,steered,0.0,1,0.6052,1.951,0.6421,0.6052,0.6052,0.4427670308986656,0.4631949419683845,0.4427670308986656,72,55,82,81,3.2363196445526423,3.2111376255715163,81,82,1,1,13084,0.9849442938873834,3.756777763366699,81,82
negsteer+constraints,design_44_seq_1,design_02_s2,design_02,steered,2.0,1,0.4083,27.358,0.4263,0.4083,0.4083,0.23653735313277094,0.26064528234405215,0.23653735313277094,49,53,82,81,3.2363196445526423,3.2111376255715163,81,82,1,1,11844,0.8915989159891599,5.546861171722412,78,81
negsteer+constraints,design_44_seq_1,design_00_s1,design_00,steered,1.0,1,0.696,27.482,0.696,0.7648,0.696,0.39110218411323006,0.39602457262893637,0.39110218411323006,33,45,74,81,3.0273155556828426,3.2111376255715163,81,82,0,1,10754,0.809545317675399,3.820859432220459,81,73
negsteer+constraints,design_44_seq_1,design_00_s0,design_00,steered,0.0,1,0.7741,28.046,0.7741,0.8402,0.7741,0.4765939201504268,0.49500924576266964,0.4765939201504268,34,45,80,81,3.185699940650432,3.2111376255715163,81,82,0,1,12053,0.9073321288768443,3.55348539352417,81,81
negsteer+constraints,design_44_seq_1,design_00_s2,design_00,steered,2.0,1,0.7311,28.053,0.7311,0.8076,0.7311,0.4422899088994772,0.4305166461300559,0.4305166461300559,34,45,75,81,3.054435875049391,3.2111376255715163,81,82,0,1,11326,0.8526046371574827,3.642695665359497,81,77
negsteer+constraints,design_45_seq_0,initial,initial,cold_start,0.0,1,0.3302,2.645,0.3845,0.3302,0.3302,0.24801613752914156,0.24378360418046302,0.24378360418046302,72,52,82,81,3.2363196445526423,3.2111376255715163,81,82,1,1,12406,0.9339054501656128,5.692199230194092,80,81
negsteer+constraints,design_45_seq_0,initial_s2,initial,cold_start,2.0,1,0.2843,1.819,0.3198,0.2843,0.2843,0.2052237180199612,0.20424719427133026,0.20424719427133026,47,24,82,81,3.2363196445526423,3.2111376255715163,81,82,1,1,11945,0.8992020475760313,6.196522235870361,77,81
negsteer+constraints,design_45_seq_0,initial_s1,initial,cold_start,1.0,1,0.284,3.965,0.32,0.284,0.284,0.20651025248024565,0.20475185146305439,0.20475185146305439,47,22,82,81,3.2363196445526423,3.2111376255715163,81,82,1,1,11917,0.897094248720265,6.178940773010254,78,81
negsteer+constraints,design_45_seq_1,initial,initial,cold_start,0.0,1,0.8165,1.925,0.8492,0.8165,0.8165,0.5378852268381987,0.5740076315293952,0.5378852268381987,72,45,82,81,3.2363196445526423,3.2111376255715163,81,82,1,1,12992,0.9780186690755797,3.104673147201538,81,81
negsteer+constraints,design_45_seq_1,initial_s2,initial,cold_start,2.0,1,0.7229,2.644,0.7759,0.7229,0.7229,0.42005634107799444,0.47463409926333444,0.42005634107799444,73,45,82,81,3.2363196445526423,3.2111376255715163,81,82,1,1,12610,0.9492622704004818,3.854506492614746,80,81
negsteer+constraints,design_45_seq_1,initial_s1,initial,cold_start,1.0,1,0.7781,2.878,0.8203,0.7781,0.7781,0.48161628874547685,0.5223381364400067,0.48161628874547685,72,45,82,81,3.2363196445526423,3.2111376255715163,81,82,1,1,12847,0.9671032821439326,3.474567174911499,81,81
negsteer+constraints,design_46_seq_0,initial,initial,cold_start,,1,0.6332,29.556,0.6926,0.6332,0.6332,0.3044231018517166,0.3621433179672217,0.3044231018517166,33,45,82,80,3.2363196445526423,3.185699940650432,80,82,1,1,12386,0.9440548780487805,4.896573543548584,79,82
negsteer+constraints,design_46_seq_0,design_02_s2,design_02,steered,2.0,1,0.7305,8.532,0.7305,0.7653,0.7305,0.4914090496022254,0.500735138520235,0.4914090496022254,73,45,82,80,3.2363196445526423,3.185699940650432,80,82,1,1,12763,0.9727896341463415,3.4827449321746826,78,81
negsteer+constraints,design_46_seq_0,design_02_s1,design_02,steered,1.0,1,0.6738,8.754,0.6738,0.7138,0.6738,0.42468003728426995,0.4458928315832121,0.42468003728426995,73,45,82,80,3.2363196445526423,3.185699940650432,80,82,1,1,12668,0.9655487804878049,3.987395763397217,78,81
negsteer+constraints,design_46_seq_0,design_02_s0,design_02,steered,0.0,1,0.6609,9.125,0.6609,0.6863,0.6609,0.38896384606487117,0.42950859126952906,0.38896384606487117,73,45,82,80,3.2363196445526423,3.185699940650432,80,82,1,1,12562,0.957469512195122,4.1781907081604,78,81
negsteer+constraints,design_46_seq_0,design_01_s1,design_01,steered,1.0,1,0.3743,27.221,0.3973,0.3743,0.3743,0.15445044662919827,0.21946491194298354,0.15445044662919827,33,45,79,80,3.1599999999999993,3.185699940650432,80,82,0,1,10398,0.792530487804878,6.172078609466553,79,78
negsteer+constraints,design_46_seq_0,design_00_s2,design_00,steered,2.0,1,0.6094,27.802,0.6094,0.6899,0.6094,0.3382614449452376,0.3205294150081122,0.3205294150081122,33,45,76,80,3.081256507046695,3.185699940650432,80,82,0,1,10930,0.833079268292683,4.4232378005981445,79,77
negsteer+constraints,design_46_seq_0,design_00_s1,design_00,steered,1.0,1,0.8285,28.016,0.8285,0.86,0.8285,0.5898987519438379,0.5688934551506508,0.5688934551506508,48,45,82,80,3.2363196445526423,3.185699940650432,80,82,1,1,12873,0.9811737804878049,2.9544334411621094,80,81
negsteer+constraints,design_46_seq_0,design_01_s2,design_01,steered,2.0,1,0.4424,28.322,0.5262,0.4424,0.4424,0.19070787422533614,0.26647821574176594,0.19070787422533614,33,45,82,80,3.2363196445526423,3.185699940650432,80,82,1,1,10959,0.8352896341463415,5.74259090423584,77,81
negsteer+constraints,design_46_seq_0,design_00_s0,design_00,steered,0.0,1,0.7926,28.377,0.7926,0.8444,0.7926,0.5548269026592607,0.5345748901912352,0.5345748901912352,47,45,82,80,3.2363196445526423,3.185699940650432,80,82,1,1,12857,0.979954268292683,3.207073211669922,80,81
negsteer+constraints,design_46_seq_0,design_01_s0,design_01,steered,0.0,1,0.4302,28.487,0.4648,0.4302,0.4302,0.17270761812105775,0.2406649463384117,0.17270761812105775,33,45,80,80,3.185699940650432,3.185699940650432,80,82,0,1,10579,0.8063262195121951,5.9294047355651855,77,79
negsteer+constraints,design_46_seq_1,initial,initial,cold_start,,1,0.7864,29.338,0.8011,0.7864,0.7864,0.445551866828464,0.45668143467841354,0.445551866828464,34,45,82,80,3.2363196445526423,3.185699940650432,80,82,1,1,12794,0.9751524390243902,3.8339004516601562,79,82
negsteer+constraints,design_46_seq_1,design_02_s0,design_02,steered,0.0,1,0.4878,5.559,0.5132,0.4878,0.4878,0.17702005060273224,0.27915803396154376,0.17702005060273224,71,53,81,80,3.2111376255715163,3.185699940650432,80,82,0,1,10457,0.7970274390243902,5.637711048126221,79,79
negsteer+constraints,design_46_seq_1,design_01_s2,design_01,steered,2.0,1,0.044,3.548,0.0725,0.044,0.044,0.018254829771467484,0.017907033631827954,0.017907033631827954,76,52,51,38,2.2943897886293367,1.726395055015941,80,82,0,0,3685,0.2808689024390244,8.643439292907715,66,67
negsteer+constraints,design_46_seq_1,design_01_s0,design_01,steered,0.0,1,0.1076,4.129,0.1076,0.1163,0.1076,0.028209246849291957,0.0453971597087774,0.028209246849291957,73,48,59,70,2.577631935804318,2.9156610513441255,80,82,0,0,4756,0.3625,8.290746688842773,67,66
negsteer+constraints,design_46_seq_1,design_01_s1,design_01,steered,1.0,1,0.074,4.964,0.0863,0.074,0.074,0.018991300428751856,0.02161675000779058,0.018991300428751856,73,53,55,51,2.440740347758208,2.2943897886293367,80,82,0,0,3647,0.27797256097560974,8.543000221252441,58,64
negsteer+constraints,design_46_seq_1,design_00_s2,design_00,steered,2.0,1,0.612,5.651,0.6232,0.612,0.612,0.31888135575281923,0.33638197935197683,0.31888135575281923,71,45,82,80,3.2363196445526423,3.185699940650432,80,82,1,1,11556,0.8807926829268292,4.692619323730469,78,80
negsteer+constraints,design_46_seq_1,design_00_s0,design_00,steered,0.0,1,0.5021,5.747,0.5356,0.5021,0.5021,0.2556143452151446,0.2660466890481142,0.2556143452151446,71,45,79,80,3.1599999999999993,3.185699940650432,80,82,0,1,10912,0.8317073170731707,5.212553024291992,78,76
negsteer+constraints,design_46_seq_1,design_02_s2,design_02,steered,2.0,1,0.4975,5.771,0.5445,0.4975,0.4975,0.189647645803052,0.2985316982078252,0.189647645803052,73,53,81,80,3.2111376255715163,3.185699940650432,80,82,0,1,11057,0.8427591463414634,5.6436004638671875,79,81
negsteer+constraints,design_46_seq_1,design_02_s1,design_02,steered,1.0,1,0.3228,6.112,0.4005,0.3228,0.3228,0.07734388857206795,0.17777727360882592,0.07734388857206795,72,53,73,80,2.9998870343784683,3.185699940650432,80,82,0,1,8001,0.6098323170731708,6.69630765914917,69,71
negsteer+constraints,design_46_seq_1,design_00_s1,design_00,steered,1.0,1,0.5782,7.588,0.5782,0.5827,0.5782,0.35465648826793766,0.3658517686843236,0.35465648826793766,71,46,82,80,3.2363196445526423,3.185699940650432,80,82,1,1,12487,0.9517530487804878,4.592571258544922,79,81
negsteer+constraints,design_47_seq_0,initial,initial,cold_start,0.0,1,0.8848,2.137,0.8949,0.8848,0.8848,0.6290918989768137,0.6476411975738479,0.6290918989768137,72,45,82,81,3.2363196445526423,3.2111376255715163,81,82,1,1,13138,0.9890093345377898,2.571441173553467,81,81
negsteer+constraints,design_47_seq_0,initial_s2,initial,cold_start,2.0,1,0.8673,1.753,0.8739,0.8673,0.8673,0.6037797992847814,0.6077509059247038,0.6037797992847814,72,45,82,81,3.2363196445526423,3.2111376255715163,81,82,1,1,13122,0.9878048780487805,2.7854127883911133,81,82
negsteer+constraints,design_47_seq_0,initial_s1,initial,cold_start,1.0,1,0.87,1.662,0.8811,0.87,0.87,0.5994338882730607,0.6326442726138162,0.5994338882730607,72,45,82,81,3.2363196445526423,3.2111376255715163,81,82,1,1,13126,0.9881059921710328,2.7211873531341553,81,81
negsteer+constraints,design_47_seq_1,initial,initial,cold_start,0.0,1,0.7645,2.17,0.7767,0.7645,0.7645,0.4844672066780428,0.4942541971984433,0.4844672066780428,72,52,82,81,3.2363196445526423,3.2111376255715163,81,82,1,1,12825,0.9654471544715447,3.5899198055267334,81,81
negsteer+constraints,design_47_seq_1,initial_s1,initial,cold_start,1.0,1,0.757,2.874,0.7649,0.757,0.757,0.46941790143947726,0.4795444305622723,0.46941790143947726,72,45,82,81,3.2363196445526423,3.2111376255715163,81,82,1,1,12746,0.9595001505570612,3.6882143020629883,80,81
negsteer+constraints,design_47_seq_1,initial_s2,initial,cold_start,2.0,1,0.7438,2.899,0.7463,0.7438,0.7438,0.45037657155275895,0.4614068971628823,0.45037657155275895,72,52,82,81,3.2363196445526423,3.2111376255715163,81,82,1,1,12719,0.9574676302318579,3.855764150619507,80,81
negsteer+constraints,design_48_seq_0,initial,initial,cold_start,,1,0.7957,28.277,0.7995,0.7957,0.7957,0.5169790362911847,0.5453701666215571,0.5169790362911847,51,45,82,85,3.2363196445526423,3.3103937717626097,85,82,1,1,13644,0.9787661406025825,3.3504836559295654,85,81
negsteer+constraints,design_48_seq_0,design_00_s0,design_00,steered,0.0,1,0.7626,3.124,0.8048,0.7626,0.7626,0.5571792892563869,0.5875549220093866,0.5571792892563869,51,24,82,85,3.2363196445526423,3.3103937717626097,85,82,1,1,13699,0.9827116212338594,2.994910478591919,85,81
negsteer+constraints,design_48_seq_0,design_00_s2,design_00,steered,2.0,1,0.7785,3.753,0.8103,0.7785,0.7785,0.5742938694379786,0.5927932787595726,0.5742938694379786,51,24,82,85,3.2363196445526423,3.3103937717626097,85,82,1,1,13705,0.983142037302726,2.9382379055023193,85,81
negsteer+constraints,design_48_seq_0,design_00_s1,design_00,steered,1.0,1,0.7181,2.973,0.7603,0.7181,0.7181,0.5017264224917574,0.543980021302293,0.5017264224917574,51,24,82,85,3.2363196445526423,3.3103937717626097,85,82,1,1,13653,0.9794117647058823,3.3094143867492676,84,81
negsteer+constraints,design_48_seq_0,design_01_s1,design_01,steered,1.0,1,0.4523,27.302,0.4894,0.4523,0.4523,0.21973291798768674,0.2733527022675134,0.21973291798768674,33,45,81,85,3.2111376255715163,3.3103937717626097,85,82,0,1,12183,0.8739598278335724,5.700632572174072,83,81
negsteer+constraints,design_48_seq_0,design_02_s2,design_02,steered,2.0,1,0.6256,27.593,0.6256,0.6382,0.6256,0.36179081838413635,0.3890463212084752,0.36179081838413635,53,45,82,85,3.2363196445526423,3.3103937717626097,85,82,1,1,13032,0.9348637015781922,4.492788314819336,83,81
negsteer+constraints,design_48_seq_0,design_01_s0,design_01,steered,0.0,1,0.6544,28.088,0.6544,0.6572,0.6544,0.3044187320259345,0.39789359289698484,0.3044187320259345,33,45,82,85,3.2363196445526423,3.3103937717626097,85,82,1,1,12723,0.9126972740315639,4.747410774230957,84,81
negsteer+constraints,design_48_seq_0,design_01_s2,design_01,steered,2.0,1,0.7473,28.536,0.7473,0.7584,0.7473,0.43863742675851375,0.49408856815681224,0.43863742675851375,33,45,82,85,3.2363196445526423,3.3103937717626097,85,82,1,1,13620,0.9770444763271162,3.8007161617279053,84,81
negsteer+constraints,design_48_seq_0,design_02_s0,design_02,steered,0.0,1,0.6607,28.626,0.6607,0.6714,0.6607,0.40099946572719253,0.42947209710482415,0.40099946572719253,53,45,82,85,3.2363196445526423,3.3103937717626097,85,82,1,1,13281,0.952725968436155,4.169493198394775,83,81
negsteer+constraints,design_48_seq_0,design_02_s1,design_02,steered,1.0,1,0.7906,36.531,0.8094,0.7906,0.7906,0.5335601189091582,0.5578629717957683,0.5335601189091582,53,45,82,85,3.2363196445526423,3.3103937717626097,85,82,1,1,13706,0.9832137733142037,3.222454071044922,85,81
negsteer+constraints,design_48_seq_1,initial,initial,cold_start,,1,0.361,25.806,0.361,0.3629,0.361,0.23142490534330992,0.2571841023192264,0.23142490534330992,51,24,82,85,3.2363196445526423,3.3103937717626097,85,82,1,1,12670,0.9088952654232425,5.683689117431641,84,81
negsteer+constraints,design_48_seq_1,design_00_s2,design_00,steered,2.0,1,0.6234,3.251,0.6967,0.6234,0.6234,0.3864526751177276,0.4347577343990163,0.3864526751177276,78,52,82,85,3.2363196445526423,3.3103937717626097,85,82,1,1,13482,0.9671449067431851,4.207398414611816,84,81
negsteer+constraints,design_48_seq_1,design_01_s0,design_01,steered,0.0,1,0.5135,3.667,0.5368,0.5135,0.5135,0.28795730859479485,0.3882122723067679,0.28795730859479485,81,23,82,85,3.2363196445526423,3.3103937717626097,85,82,1,1,13472,0.9664275466284075,4.907118797302246,84,81
negsteer+constraints,design_48_seq_1,design_02_s1,design_02,steered,1.0,1,0.7879,4.286,0.8001,0.7879,0.7879,0.5048087873660466,0.5557615607976913,0.5048087873660466,78,45,82,85,3.2363196445526423,3.3103937717626097,85,82,1,1,13532,0.9707317073170731,3.299633026123047,83,81
negsteer+constraints,design_48_seq_1,design_02_s2,design_02,steered,2.0,1,0.7994,4.347,0.8053,0.7994,0.7994,0.5086774598861881,0.5624244979968885,0.5086774598861881,78,45,82,85,3.2363196445526423,3.3103937717626097,85,82,1,1,13535,0.9709469153515065,3.2649765014648438,83,81
negsteer+constraints,design_48_seq_1,design_01_s2,design_01,steered,2.0,1,0.4988,5.23,0.5169,0.4988,0.4988,0.2682833789902575,0.36673387321757106,0.2682833789902575,81,23,82,85,3.2363196445526423,3.3103937717626097,85,82,1,1,13505,0.9687948350071736,5.179351329803467,84,81
negsteer+constraints,design_48_seq_1,design_00_s0,design_00,steered,0.0,1,0.7788,3.329,0.7894,0.7788,0.7788,0.5243355050463887,0.5462329132346119,0.5243355050463887,77,45,82,85,3.2363196445526423,3.3103937717626097,85,82,1,1,13674,0.9809182209469154,3.2901244163513184,84,81
negsteer+constraints,design_48_seq_1,design_00_s1,design_00,steered,1.0,1,0.7837,3.042,0.7977,0.7837,0.7837,0.5023677411324837,0.5563199938070483,0.5023677411324837,78,45,82,85,3.2363196445526423,3.3103937717626097,85,82,1,1,13664,0.9802008608321378,3.350534439086914,84,81
negsteer+constraints,design_48_seq_1,design_02_s0,design_02,steered,0.0,1,0.8507,4.308,0.8535,0.8507,0.8507,0.5968766613534706,0.6338781566875873,0.5968766613534706,78,45,82,85,3.2363196445526423,3.3103937717626097,85,82,1,1,13588,0.9747489239598278,2.6818742752075195,83,82
negsteer+constraints,design_48_seq_1,design_01_s1,design_01,steered,1.0,1,0.2539,5.143,0.3414,0.2539,0.2539,0.08875780667945304,0.1693631629629924,0.08875780667945304,81,58,75,70,3.054435875049391,2.9156610513441255,85,82,0,0,8335,0.5979196556671449,6.727888584136963,57,80
negsteer+constraints,design_49_seq_0,initial,initial,cold_start,0.0,1,0.8815,1.7,0.9003,0.8815,0.8815,0.6309129811552223,0.6548640126271582,0.6309129811552223,70,45,82,79,3.2363196445526423,3.1599999999999993,79,82,1,1,12816,0.9891941957394258,2.5033249855041504,79,82
negsteer+constraints,design_49_seq_0,initial_s2,initial,cold_start,2.0,1,0.8879,1.6,0.8963,0.8879,0.8879,0.6363945826504945,0.6489438030743835,0.6363945826504945,70,45,82,79,3.2363196445526423,3.1599999999999993,79,82,1,1,12816,0.9891941957394258,2.5314981937408447,79,82
negsteer+constraints,design_49_seq_0,initial_s1,initial,cold_start,1.0,1,0.8835,1.665,0.8956,0.8835,0.8835,0.6314414726493621,0.6435901704812195,0.6314414726493621,70,45,82,79,3.2363196445526423,3.1599999999999993,79,82,1,1,12805,0.9883451682618092,2.5550343990325928,79,82
negsteer+constraints,design_49_seq_1,initial,initial,cold_start,0.0,1,0.8807,2.146,0.8875,0.8807,0.8807,0.6335673532095042,0.6386971262896933,0.6335673532095042,70,45,82,79,3.2363196445526423,3.1599999999999993,79,82,1,1,12814,0.9890398271071318,2.5483016967773438,79,81
negsteer+constraints,design_49_seq_1,initial_s2,initial,cold_start,2.0,1,0.8873,1.963,0.8987,0.8873,0.8873,0.6523416212824751,0.6611255534538408,0.6523416212824751,70,45,82,79,3.2363196445526423,3.1599999999999993,79,82,1,1,12814,0.9890398271071318,2.407562017440796,79,81
negsteer+constraints,design_49_seq_1,initial_s1,initial,cold_start,1.0,1,0.8729,2.126,0.8861,0.8729,0.8729,0.6431518655765471,0.6453493150269113,0.6431518655765471,6,45,82,79,3.2363196445526423,3.1599999999999993,79,82,1,1,12811,0.988808274158691,2.4765944480895996,79,81
negsteer+constraints,design_4_seq_0,initial,initial,cold_start,,1,0.5882,8.886,0.6313,0.5882,0.5882,0.32805953847975294,0.3620294686009335,0.32805953847975294,72,45,82,79,3.2363196445526423,3.1599999999999993,79,82,1,1,11983,0.924899660389009,4.604306221008301,77,80
negsteer+constraints,design_4_seq_0,design_02_s1,design_02,steered,1.0,1,0.1682,5.125,0.1928,0.1682,0.1682,0.13356845718042193,0.10455125225026433,0.10455125225026433,60,22,77,77,3.107785596003703,3.107785596003703,79,82,0,0,10059,0.77639703612226,7.715695381164551,77,80
negsteer+constraints,design_4_seq_0,design_02_s2,design_02,steered,2.0,1,0.3495,4.919,0.3893,0.3495,0.3495,0.2808811276019374,0.2479436846234177,0.2479436846234177,70,22,82,79,3.2363196445526423,3.1599999999999993,79,82,1,1,12332,0.9518369867242976,5.489838600158691,77,81
negsteer+constraints,design_4_seq_0,design_02_s0,design_02,steered,0.0,1,0.4903,4.557,0.5308,0.4903,0.4903,0.37474561413408175,0.3507762008187611,0.3507762008187611,70,24,82,79,3.2363196445526423,3.1599999999999993,79,82,1,1,12594,0.9720592775548008,4.485314846038818,78,81
negsteer+constraints,design_4_seq_0,design_00_s1,design_00,steered,1.0,1,0.1836,5.536,0.2596,0.1836,0.1836,0.07891008942505887,0.11749785082846335,0.07891008942505887,72,48,75,78,3.054435875049391,3.1340309377915263,79,82,0,0,8536,0.6588453226304415,7.777352809906006,74,77
negsteer+constraints,design_4_seq_0,design_00_s2,design_00,steered,2.0,1,0.0484,8.757,0.1056,0.0484,0.0484,0.010870477046133786,0.014492457877367554,0.010870477046133786,72,48,63,39,2.7064590702237057,1.7767789343623723,79,82,0,0,2790,0.21534424205001543,8.324043273925781,69,71
negsteer+constraints,design_4_seq_0,design_00_s0,design_00,steered,0.0,1,0.0598,8.963,0.0792,0.0598,0.0598,0.007297448380673422,0.01763083177573252,0.007297448380673422,75,48,53,45,2.368849504430714,2.052968307382785,79,82,0,0,2801,0.216193269527632,8.546334266662598,62,70
negsteer+constraints,design_4_seq_0,design_01_s1,design_01,steered,1.0,1,0.763,9.708,0.763,0.7709,0.763,0.44519934147784984,0.49565077436769883,0.44519934147784984,72,45,82,79,3.2363196445526423,3.1599999999999993,79,82,1,1,12583,0.9712102500771843,3.730611801147461,77,81
negsteer+constraints,design_4_seq_0,design_01_s2,design_01,steered,2.0,1,0.7653,9.768,0.7653,0.7742,0.7653,0.45044524166025696,0.5070982122930084,0.45044524166025696,72,45,82,79,3.2363196445526423,3.1599999999999993,79,82,1,1,12624,0.9743748070392096,3.6612212657928467,77,81
negsteer+constraints,design_4_seq_0,design_01_s0,design_01,steered,0.0,1,0.7114,10.669,0.7222,0.7114,0.7114,0.3774527689836967,0.43809963134401364,0.3774527689836967,72,45,82,79,3.2363196445526423,3.1599999999999993,79,82,1,1,12329,0.9516054337758567,4.266546249389648,77,81
negsteer+constraints,design_4_seq_1,initial,initial,cold_start,0.0,1,0.5672,2.589,0.5906,0.5672,0.5672,0.42879894226376863,0.42429208973558935,0.42429208973558935,47,53,82,79,3.2363196445526423,3.1599999999999993,79,82,1,1,12669,0.9778481012658228,3.8998231887817383,79,81
negsteer+constraints,design_4_seq_1,initial_s2,initial,cold_start,2.0,1,0.6108,2.017,0.6108,0.6135,0.6108,0.4632611341297013,0.4562205121648021,0.4562205121648021,45,45,82,79,3.2363196445526423,3.1599999999999993,79,82,1,1,12795,0.9875733251003396,3.6655571460723877,79,81
negsteer+constraints,design_4_seq_1,initial_s1,initial,cold_start,1.0,1,0.6828,2.876,0.7234,0.6828,0.6828,0.5296727511118154,0.4993293651992955,0.4993293651992955,70,45,82,79,3.2363196445526423,3.1599999999999993,79,82,1,1,12743,0.9835597406606977,3.253281831741333,79,82
negsteer+constraints,design_50_seq_0,initial,initial,cold_start,0.0,1,0.2154,1.666,0.2291,0.2154,0.2154,0.13882212885345022,0.14961302769654317,0.13882212885345022,66,22,81,75,3.2111376255715163,3.054435875049391,75,82,0,1,10293,0.8368292682926829,7.130389213562012,72,81
negsteer+constraints,design_50_seq_0,initial_s1,initial,cold_start,1.0,1,0.4047,1.665,0.4514,0.4047,0.4047,0.2889291323752453,0.3032311201095581,0.2889291323752453,66,52,82,75,3.2363196445526423,3.054435875049391,75,82,1,1,11948,0.9713821138211383,5.100743293762207,75,81
negsteer+constraints,design_50_seq_0,initial_s2,initial,cold_start,2.0,1,0.2829,1.657,0.3067,0.2829,0.2829,0.20230545007934173,0.2119862809436532,0.20230545007934173,68,52,82,75,3.2363196445526423,3.054435875049391,75,82,1,1,11504,0.9352845528455285,6.244492530822754,75,81
negsteer+constraints,design_50_seq_1,initial,initial,cold_start,,1,0.4916,29.274,0.4996,0.4916,0.4916,0.25568671242023505,0.3053218852728605,0.25568671242023505,32,45,81,75,3.2111376255715163,3.054435875049391,75,82,0,1,11374,0.9247154471544715,5.241485595703125,74,81
negsteer+constraints,design_50_seq_1,design_01_s0,design_01,steered,0.0,1,0.7635,1.707,0.7811,0.7635,0.7635,0.514210699374477,0.5005216379536361,0.5005216379536361,67,45,82,75,3.2363196445526423,3.054435875049391,75,82,1,1,12047,0.979430894308943,3.3620176315307617,75,81
negsteer+constraints,design_50_seq_1,design_02_s2,design_02,steered,2.0,1,0.7656,2.98,0.7909,0.7656,0.7656,0.5381111174014708,0.5411523829509572,0.5381111174014708,67,45,82,75,3.2363196445526423,3.054435875049391,75,82,1,1,12117,0.9851219512195122,3.0957047939300537,75,81
negsteer+constraints,design_50_seq_1,design_01_s2,design_01,steered,2.0,1,0.6784,2.364,0.7245,0.6784,0.6784,0.44535617060648897,0.4326271485826909,0.4326271485826909,67,46,82,75,3.2363196445526423,3.054435875049391,75,82,1,1,11903,0.9677235772357724,3.839115619659424,75,81
negsteer+constraints,design_50_seq_1,design_02_s1,design_02,steered,1.0,1,0.7791,1.924,0.8139,0.7791,0.7791,0.5420164794661104,0.5418620363059568,0.5418620363059568,67,45,82,75,3.2363196445526423,3.054435875049391,75,82,1,1,12083,0.9823577235772357,3.083306312561035,75,81
negsteer+constraints,design_50_seq_1,design_02_s0,design_02,steered,0.0,1,0.7567,2.065,0.7772,0.7567,0.7567,0.5049718271847814,0.49902331461085053,0.49902331461085053,67,45,82,75,3.2363196445526423,3.054435875049391,75,82,1,1,12075,0.9817073170731707,3.387951374053955,75,81
negsteer+constraints,design_50_seq_1,design_00_s0,design_00,steered,0.0,1,0.586,2.513,0.7162,0.586,0.586,0.300387659224992,0.38745542595208415,0.300387659224992,67,45,82,75,3.2363196445526423,3.054435875049391,75,82,1,1,11494,0.9344715447154471,4.650914192199707,73,81
negsteer+constraints,design_50_seq_1,design_00_s1,design_00,steered,1.0,1,0.6107,4.123,0.7278,0.6107,0.6107,0.2895168669583897,0.4059434471788203,0.2895168669583897,67,45,82,75,3.2363196445526423,3.054435875049391,75,82,1,1,11544,0.9385365853658536,4.681675910949707,74,81
negsteer+constraints,design_50_seq_1,design_00_s2,design_00,steered,2.0,1,0.7768,5.134,0.8306,0.7768,0.7768,0.50999425567997,0.5692376463515002,0.50999425567997,67,45,82,75,3.2363196445526423,3.054435875049391,75,82,1,1,12072,0.9814634146341463,3.169908046722412,75,81
negsteer+constraints,design_50_seq_1,design_01_s1,design_01,steered,1.0,1,0.7518,7.833,0.7518,0.7953,0.7518,0.5040695911273361,0.5142685130704194,0.5040695911273361,67,45,82,75,3.2363196445526423,3.054435875049391,75,82,1,1,11933,0.9701626016260163,3.4159021377563477,75,81
negsteer+constraints,design_51_seq_0,initial,initial,cold_start,0.0,1,0.7129,2.62,0.7586,0.7129,0.7129,0.5246777473979134,0.5231235062976073,0.5231235062976073,68,45,82,77,3.2363196445526423,3.107785596003703,77,82,1,1,12391,0.9812321824516946,3.2409908771514893,77,82
negsteer+constraints,design_51_seq_0,initial_s2,initial,cold_start,2.0,1,0.5499,2.476,0.5606,0.5499,0.5499,0.3714455697177486,0.38058571703732014,0.3714455697177486,68,52,82,77,3.2363196445526423,3.107785596003703,77,82,1,1,12039,0.9533576179917643,4.320552349090576,77,81
negsteer+constraints,design_51_seq_0,initial_s1,initial,cold_start,1.0,1,0.7601,2.343,0.801,0.7601,0.7601,0.5732923361031315,0.5705939525051225,0.5705939525051225,68,45,82,77,3.2363196445526423,3.107785596003703,77,82,1,1,12392,0.981311371555274,2.90702223777771,77,82
negsteer+constraints,design_51_seq_1,initial,initial,cold_start,0.0,1,0.2391,1.27,0.2391,0.2407,0.2391,0.16069557609992077,0.16719170936621816,0.16069557609992077,68,52,81,77,3.2111376255715163,3.107785596003703,77,82,0,1,11002,0.8712385175799809,6.844834804534912,76,80
negsteer+constraints,design_51_seq_1,initial_s1,initial,cold_start,1.0,1,0.2202,1.194,0.2223,0.2202,0.2202,0.14536730503941608,0.15048771810138645,0.14536730503941608,68,22,79,77,3.1599999999999993,3.107785596003703,77,82,0,1,10587,0.8383750395945518,7.083591461181641,76,79
negsteer+constraints,design_51_seq_1,initial_s2,initial,cold_start,2.0,1,0.1685,1.463,0.1685,0.1874,0.1685,0.11269336718122487,0.12225228590356958,0.11269336718122487,68,58,75,77,3.054435875049391,3.107785596003703,77,82,0,1,9712,0.7690845739626228,7.612918376922607,73,75
negsteer+constraints,design_52_seq_0,initial,initial,cold_start,,1,0.8168,32.269,0.8337,0.8168,0.8168,0.6209558885931582,0.6060670524915089,0.6060670524915089,45,45,82,77,3.2363196445526423,3.107785596003703,77,82,1,1,12501,0.9899429838454229,2.6349754333496094,77,82
negsteer+constraints,design_52_seq_0,design_00_s0,design_00,steered,0.0,1,0.5246,5.871,0.5969,0.5246,0.5246,0.3638355682737061,0.3952889970429923,0.3638355682737061,69,37,82,77,3.2363196445526423,3.107785596003703,77,82,1,1,12260,0.9708584098828001,4.268867015838623,76,82
negsteer+constraints,design_52_seq_0,design_00_s1,design_00,steered,1.0,1,0.5285,5.998,0.5797,0.5285,0.5285,0.3439768087995759,0.39712790645113805,0.3439768087995759,69,24,82,77,3.2363196445526423,3.107785596003703,77,82,1,1,12181,0.9646024707000317,4.365256309509277,76,81
negsteer+constraints,design_52_seq_0,design_00_s2,design_00,steered,2.0,1,0.5443,6.558,0.5914,0.5443,0.5443,0.3719285946073277,0.40992261632913496,0.3719285946073277,69,24,82,77,3.2363196445526423,3.107785596003703,77,82,1,1,12277,0.972204624643649,4.1944499015808105,76,81
negsteer+constraints,design_52_seq_0,design_01_s2,design_01,steered,2.0,1,0.4731,28.573,0.4755,0.4731,0.4731,0.24771005416276876,0.23119097150203477,0.23119097150203477,34,45,75,77,3.054435875049391,3.107785596003703,77,82,0,1,10416,0.8248337028824834,5.355147361755371,76,79
negsteer+constraints,design_52_seq_0,design_01_s1,design_01,steered,1.0,1,0.1859,29.885,0.197,0.1859,0.1859,0.06207546397934777,0.08248120626695908,0.06207546397934777,33,53,67,75,2.828313834453388,3.054435875049391,77,82,0,0,6759,0.5352391510928096,7.957033634185791,62,61
negsteer+constraints,design_52_seq_0,design_02_s1,design_02,steered,1.0,1,0.4963,5.033,0.5005,0.4963,0.4963,0.3094757135425295,0.36776616278944946,0.3094757135425295,73,37,82,77,3.2363196445526423,3.107785596003703,77,82,1,1,12291,0.97331327209376,4.723985195159912,76,81
negsteer+constraints,design_52_seq_0,design_02_s2,design_02,steered,2.0,1,0.3693,7.73,0.3693,0.4043,0.3693,0.22976591809979313,0.28547109586254854,0.22976591809979313,34,37,82,77,3.2363196445526423,3.107785596003703,77,82,1,1,11952,0.9464681659803611,5.576337814331055,75,81
negsteer+constraints,design_52_seq_0,design_02_s0,design_02,steered,0.0,1,0.2264,8.599,0.2264,0.2757,0.2264,0.1179759340034193,0.18521901463703594,0.1179759340034193,36,37,78,77,3.1340309377915263,3.107785596003703,77,82,0,1,9982,0.7904656319290465,6.782876968383789,76,81
negsteer+constraints,design_52_seq_0,design_01_s0,design_01,steered,0.0,1,0.3066,28.859,0.3299,0.3066,0.3066,0.14687713317560974,0.1566001743521178,0.14687713317560974,33,45,81,76,3.2111376255715163,3.081256507046695,77,82,0,0,9837,0.7789832119100412,6.705375671386719,74,77
negsteer+constraints,design_52_seq_1,initial,initial,cold_start,,1,0.4715,7.295,0.5045,0.4715,0.4715,0.24584882820097656,0.27979029554635193,0.24584882820097656,69,52,74,77,3.0273155556828426,3.107785596003703,77,82,0,1,10498,0.8313272093759899,5.0521087646484375,75,74
negsteer+constraints,design_52_seq_1,design_00_s0,design_00,steered,0.0,1,0.389,3.628,0.417,0.389,0.389,0.26440022841954675,0.27928408303457064,0.26440022841954675,70,52,82,77,3.2363196445526423,3.107785596003703,77,82,1,1,11872,0.9401330376940134,5.297628879547119,76,81
negsteer+constraints,design_52_seq_1,design_02_s0,design_02,steered,0.0,1,0.5385,5.994,0.5615,0.5385,0.5385,0.37930217661362675,0.3868780786216986,0.37930217661362675,69,23,82,77,3.2363196445526423,3.107785596003703,77,82,1,1,12275,0.9720462464364903,4.264638900756836,76,81
negsteer+constraints,design_52_seq_1,design_00_s1,design_00,steered,1.0,1,0.6062,5.226,0.6529,0.6062,0.6062,0.4328334166716736,0.4469881969981077,0.4328334166716736,70,37,82,77,3.2363196445526423,3.107785596003703,77,82,1,1,12300,0.974025974025974,3.773526668548584,77,81
negsteer+constraints,design_52_seq_1,design_02_s1,design_02,steered,1.0,1,0.3426,6.321,0.3426,0.3609,0.3426,0.22677631922937058,0.24880213177728852,0.22677631922937058,69,23,80,77,3.185699940650432,3.107785596003703,77,82,0,1,11475,0.9086949635730124,5.6875128746032715,77,81
negsteer+constraints,design_52_seq_1,design_02_s2,design_02,steered,2.0,1,0.1851,6.523,0.1935,0.1851,0.1851,0.11530984541727834,0.12367733875175983,0.11530984541727834,69,23,75,76,3.054435875049391,3.081256507046695,77,82,0,0,9761,0.7729648400380108,7.599320411682129,73,80
negsteer+constraints,design_52_seq_1,design_01_s1,design_01,steered,1.0,1,0.7692,6.925,0.7692,0.7736,0.7692,0.5020131775171968,0.5200344456768617,0.5020131775171968,69,45,82,77,3.2363196445526423,3.107785596003703,77,82,1,1,12297,0.973788406715236,3.3385963439941406,77,81
negsteer+constraints,design_52_seq_1,design_01_s0,design_01,steered,0.0,1,0.7145,7.006,0.7157,0.7145,0.7145,0.4530514576260678,0.49564390184312335,0.4530514576260678,69,45,82,77,3.2363196445526423,3.107785596003703,77,82,1,1,12296,0.9737092176116566,3.572499990463257,76,81
negsteer+constraints,design_52_seq_1,design_01_s2,design_01,steered,2.0,1,0.6906,7.61,0.6906,0.7172,0.6906,0.4346096930517392,0.47425581892475305,0.4346096930517392,69,45,82,77,3.2363196445526423,3.107785596003703,77,82,1,1,12161,0.9630186886284448,3.8225057125091553,76,81
negsteer+constraints,design_52_seq_1,design_00_s2,design_00,steered,2.0,1,0.6831,7.822,0.6849,0.6831,0.6831,0.4957848197611218,0.5019001799590159,0.4957848197611218,69,45,82,77,3.2363196445526423,3.107785596003703,77,82,1,1,12368,0.9794108330693696,3.355665922164917,76,82
negsteer+constraints,design_53_seq_0,initial,initial,cold_start,,1,0.7555,2.756,0.7555,0.7804,0.7555,0.486792610057027,0.5481028163396731,0.486792610057027,78,45,82,85,3.2363196445526423,3.3103937717626097,85,82,1,1,13620,0.9770444763271162,3.424086332321167,85,81
negsteer+constraints,design_53_seq_0,design_01_s0,design_01,steered,0.0,1,0.8037,5.375,0.8037,0.8255,0.8037,0.5148979448165525,0.5814469859185742,0.5148979448165525,77,45,82,85,3.2363196445526423,3.3103937717626097,85,82,1,1,13726,0.9846484935437589,3.193889856338501,85,81
negsteer+constraints,design_53_seq_0,design_00_s2,design_00,steered,2.0,1,0.8161,1.9,0.8239,0.8161,0.8161,0.49400669179363726,0.5504632444098229,0.49400669179363726,76,45,82,85,3.2363196445526423,3.3103937717626097,85,82,1,1,13556,0.9724533715925394,3.39285945892334,84,81
negsteer+constraints,design_53_seq_0,design_00_s0,design_00,steered,0.0,1,0.7212,1.216,0.7256,0.7212,0.7212,0.37391408329610437,0.43970494226995493,0.37391408329610437,76,45,82,85,3.2363196445526423,3.3103937717626097,85,82,1,1,12926,0.9272596843615495,4.303034782409668,85,81
negsteer+constraints,design_53_seq_0,design_02_s1,design_02,steered,1.0,1,0.603,3.722,0.6719,0.603,0.603,0.3011775583193144,0.4095798513011598,0.3011775583193144,77,45,82,85,3.2363196445526423,3.3103937717626097,85,82,1,1,13298,0.9539454806312769,4.757649898529053,83,81
negsteer+constraints,design_53_seq_0,design_01_s1,design_01,steered,1.0,1,0.7501,4.94,0.7501,0.799,0.7501,0.49203949504367567,0.5443819485968207,0.49203949504367567,76,45,82,85,3.2363196445526423,3.3103937717626097,85,82,1,1,13703,0.9829985652797705,3.4223337173461914,85,81
negsteer+constraints,design_53_seq_0,design_01_s2,design_01,steered,2.0,1,0.7834,5.241,0.7834,0.8111,0.7834,0.5002077269203523,0.5608691654009063,0.5002077269203523,78,45,82,85,3.2363196445526423,3.3103937717626097,85,82,1,1,13723,0.9844332855093256,3.3101749420166016,85,81
negsteer+constraints,design_53_seq_0,design_00_s1,design_00,steered,1.0,1,0.8339,1.86,0.8491,0.8339,0.8339,0.5282987908158889,0.5836989109109088,0.5282987908158889,76,45,82,85,3.2363196445526423,3.3103937717626097,85,82,1,1,13617,0.9768292682926829,3.1323742866516113,85,81
negsteer+constraints,design_53_seq_0,design_02_s0,design_02,steered,0.0,1,0.7227,6.949,0.7322,0.7227,0.7227,0.3753624216434272,0.4731595928712589,0.3753624216434272,77,45,82,85,3.2363196445526423,3.3103937717626097,85,82,1,1,13268,0.951793400286944,4.122560024261475,83,81
negsteer+constraints,design_53_seq_0,design_02_s2,design_02,steered,2.0,1,0.3692,8.801,0.5114,0.3692,0.3692,0.105532039499239,0.21911515780758659,0.105532039499239,77,53,73,83,2.9998870343784683,3.2612523263775115,85,82,0,0,9448,0.6777618364418938,6.484854698181152,78,73
negsteer+constraints,design_53_seq_1,initial,initial,cold_start,,1,0.6591,8.939,0.6711,0.6591,0.6591,0.3378162256825496,0.4386849931282241,0.3378162256825496,77,45,82,85,3.2363196445526423,3.3103937717626097,85,82,1,1,13372,0.9592539454806313,4.446855068206787,84,81
negsteer+constraints,design_53_seq_1,design_02_s1,design_02,steered,1.0,1,0.716,3.984,0.7306,0.716,0.716,0.47205022426102966,0.520243318342581,0.47205022426102966,78,45,82,85,3.2363196445526423,3.3103937717626097,85,82,1,1,13689,0.9819942611190817,3.527252197265625,85,81
negsteer+constraints,design_53_seq_1,design_02_s2,design_02,steered,2.0,1,0.6665,4.186,0.6665,0.6671,0.6665,0.42194727876716676,0.466436550566336,0.42194727876716676,78,45,82,85,3.2363196445526423,3.3103937717626097,85,82,1,1,13713,0.9837159253945481,3.9640746116638184,85,81
negsteer+constraints,design_53_seq_1,design_00_s2,design_00,steered,2.0,1,0.7147,4.513,0.7369,0.7147,0.7147,0.4657848950228928,0.5182457860508116,0.4657848950228928,81,45,82,85,3.2363196445526423,3.3103937717626097,85,82,1,1,13714,0.9837876614060258,3.5605878829956055,85,82
negsteer+constraints,design_53_seq_1,design_00_s0,design_00,steered,0.0,1,0.4186,4.708,0.4192,0.4186,0.4186,0.21254404911716632,0.26460424214658307,0.21254404911716632,82,45,74,85,3.0273155556828426,3.3103937717626097,85,82,0,1,11900,0.8536585365853658,5.609938144683838,84,81
negsteer+constraints,design_53_seq_1,design_00_s1,design_00,steered,1.0,1,0.6444,5.401,0.6444,0.6624,0.6444,0.40032831798581514,0.45442773865126984,0.40032831798581514,81,45,82,85,3.2363196445526423,3.3103937717626097,85,82,1,1,13571,0.9735294117647059,4.1117753982543945,84,81
negsteer+constraints,design_53_seq_1,design_01_s0,design_01,steered,0.0,1,0.837,7.317,0.837,0.8683,0.837,0.6083891446976101,0.6423668150858182,0.6083891446976101,78,45,82,85,3.2363196445526423,3.3103937717626097,85,82,1,1,13727,0.9847202295552367,2.6754817962646484,84,81
negsteer+constraints,design_53_seq_1,design_01_s1,design_01,steered,1.0,1,0.7777,8.209,0.7777,0.8025,0.7777,0.47554794419282936,0.5553631983333971,0.47554794419282936,78,45,82,85,3.2363196445526423,3.3103937717626097,85,82,1,1,13545,0.9716642754662841,3.419473886489868,85,81
negsteer+constraints,design_53_seq_1,design_01_s2,design_01,steered,2.0,1,0.7528,9.548,0.7528,0.7951,0.7528,0.4715807105962406,0.5308831693468298,0.4715807105962406,78,45,82,85,3.2363196445526423,3.3103937717626097,85,82,1,1,13472,0.9664275466284075,3.5466856956481934,85,81
negsteer+constraints,design_53_seq_1,design_02_s0,design_02,steered,0.0,1,0.6376,11.182,0.6733,0.6376,0.6376,0.43828664085663416,0.4555024890422185,0.43828664085663416,78,45,82,85,3.2363196445526423,3.3103937717626097,85,82,1,1,13780,0.9885222381635581,3.877581834793091,85,82
negsteer+constraints,design_54_seq_0,initial,initial,cold_start,0.0,1,0.5776,3.086,0.5776,0.6117,0.5776,0.38819718476474646,0.4110668186387956,0.38819718476474646,76,53,82,83,3.2363196445526423,3.2612523263775115,83,82,1,1,13057,0.959227152512489,4.262927532196045,82,81
negsteer+constraints,design_54_seq_0,initial_s2,initial,cold_start,2.0,1,0.7031,1.421,0.7031,0.7157,0.7031,0.46784427635798076,0.4964131676114914,0.46784427635798076,76,45,82,83,3.2363196445526423,3.2612523263775115,83,82,1,1,13300,0.9770790478989128,3.6472256183624268,82,81
negsteer+constraints,design_54_seq_0,initial_s1,initial,cold_start,1.0,1,0.6774,1.412,0.6774,0.6876,0.6774,0.4514599340485342,0.46846239654653954,0.4514599340485342,76,45,82,83,3.2363196445526423,3.2612523263775115,83,82,1,1,13159,0.9667205406993828,3.8213205337524414,82,81
negsteer+constraints,design_54_seq_1,initial,initial,cold_start,0.0,1,0.5469,2.951,0.5921,0.5469,0.5469,0.3338032152632768,0.3327262154127267,0.3327262154127267,74,52,82,83,3.2363196445526423,3.2612523263775115,83,82,1,1,12607,0.9261680869820746,4.780389785766602,83,81
negsteer+constraints,design_54_seq_1,initial_s2,initial,cold_start,2.0,1,0.4004,3.281,0.437,0.4004,0.4004,0.22171424996635192,0.21952163365033522,0.21952163365033522,76,52,75,83,3.054435875049391,3.2612523263775115,83,82,0,1,11030,0.8103144284454893,5.631607532501221,82,74
negsteer+constraints,design_54_seq_1,initial_s1,initial,cold_start,1.0,1,0.4404,3.973,0.4822,0.4404,0.4404,0.2562621094942856,0.24732687670408135,0.24732687670408135,76,52,75,83,3.054435875049391,3.2612523263775115,83,82,0,1,11193,0.822289156626506,5.231733322143555,82,78
negsteer+constraints,design_55_seq_0,initial,initial,cold_start,,1,0.4266,30.193,0.4295,0.4266,0.4266,0.23629599826817865,0.24420436024779407,0.23629599826817865,33,45,77,80,3.107785596003703,3.185699940650432,80,82,0,1,10988,0.8375,5.3928656578063965,80,80
negsteer+constraints,design_55_seq_0,design_00_s2,design_00,steered,2.0,1,0.7107,2.439,0.8428,0.7107,0.7107,0.4046924255788326,0.49587239179669357,0.4046924255788326,72,45,82,80,3.2363196445526423,3.185699940650432,80,82,1,1,12624,0.9621951219512195,3.8691294193267822,78,81
negsteer+constraints,design_55_seq_0,design_00_s1,design_00,steered,1.0,1,0.7581,3.615,0.8495,0.7581,0.7581,0.4667704208084615,0.5345642483089028,0.4667704208084615,72,45,82,80,3.2363196445526423,3.185699940650432,80,82,1,1,12760,0.9725609756097561,3.475897789001465,79,81
negsteer+constraints,design_55_seq_0,design_00_s0,design_00,steered,0.0,1,0.6679,3.77,0.8016,0.6679,0.6679,0.3719934295484563,0.45945354378441483,0.3719934295484563,72,45,82,80,3.2363196445526423,3.185699940650432,80,82,1,1,12484,0.9515243902439025,4.167118072509766,78,81
negsteer+constraints,design_55_seq_0,design_01_s2,design_01,steered,2.0,1,0.8614,1.018,0.8645,0.8614,0.8614,0.615759295222233,0.6057494367222961,0.6057494367222961,71,45,82,80,3.2363196445526423,3.185699940650432,80,82,1,1,12936,0.9859756097560975,2.748723030090332,80,81
negsteer+constraints,design_55_seq_0,design_01_s0,design_01,steered,0.0,1,0.8569,1.375,0.8575,0.8569,0.8569,0.6046910860051866,0.5985771304496178,0.5985771304496178,71,45,82,80,3.2363196445526423,3.185699940650432,80,82,1,1,12865,0.9805640243902439,2.794992446899414,80,81
negsteer+constraints,design_55_seq_0,design_01_s1,design_01,steered,1.0,1,0.8729,1.404,0.887,0.8729,0.8729,0.6383871418074705,0.6397308828990634,0.6383871418074705,71,45,82,80,3.2363196445526423,3.185699940650432,80,82,1,1,12868,0.9807926829268293,2.534327507019043,80,81
negsteer+constraints,design_55_seq_0,design_02_s1,design_02,steered,1.0,1,0.3201,29.306,0.3267,0.3201,0.3201,0.10305003991525155,0.15461928505314196,0.10305003991525155,33,45,71,80,2.9440693332755243,3.185699940650432,80,82,0,1,8700,0.663109756097561,6.7487993240356445,73,66
negsteer+constraints,design_55_seq_0,design_02_s2,design_02,steered,2.0,1,0.3129,29.759,0.3129,0.3398,0.3129,0.10400914475612807,0.15433756368257467,0.10400914475612807,33,45,71,80,2.9440693332755243,3.185699940650432,80,82,0,1,8733,0.665625,6.774124622344971,73,67
negsteer+constraints,design_55_seq_0,design_02_s0,design_02,steered,0.0,1,0.3914,29.85,0.3914,0.4282,0.3914,0.16707593460159842,0.20146128033832988,0.16707593460159842,33,45,75,80,3.054435875049391,3.185699940650432,80,82,0,1,9952,0.7585365853658537,6.030040740966797,78,78
negsteer+constraints,design_55_seq_1,initial,initial,cold_start,,1,0.5894,29.715,0.5937,0.5894,0.5894,0.2609573688212549,0.2908201704494564,0.2609573688212549,33,45,73,80,2.9998870343784683,3.185699940650432,80,82,0,1,10340,0.788109756097561,4.833707809448242,79,73
negsteer+constraints,design_55_seq_1,design_00_s0,design_00,steered,0.0,1,0.8051,2.235,0.8189,0.8051,0.8051,0.5110807165212463,0.5463650274749209,0.5110807165212463,71,45,82,80,3.2363196445526423,3.185699940650432,80,82,1,1,12834,0.9782012195121951,3.298166036605835,80,81
negsteer+constraints,design_55_seq_1,design_00_s2,design_00,steered,2.0,1,0.8034,2.057,0.8468,0.8034,0.8034,0.49713724724715574,0.566213962144968,0.49713724724715574,71,45,82,80,3.2363196445526423,3.185699940650432,80,82,1,1,12616,0.9615853658536585,3.198751211166382,79,81
negsteer+constraints,design_55_seq_1,design_01_s0,design_01,steered,0.0,1,0.8583,1.655,0.8698,0.8583,0.8583,0.6116259752743645,0.6200325917906877,0.6116259752743645,71,45,82,80,3.2363196445526423,3.185699940650432,80,82,1,1,12884,0.9820121951219513,2.697265625,80,81
negsteer+constraints,design_55_seq_1,design_00_s1,design_00,steered,1.0,1,0.7228,3.681,0.7613,0.7228,0.7228,0.38896074475487696,0.4563344413550889,0.38896074475487696,71,45,82,80,3.2363196445526423,3.185699940650432,80,82,1,1,12402,0.9452743902439025,4.07356595993042,78,81
negsteer+constraints,design_55_seq_1,design_01_s2,design_01,steered,2.0,1,0.884,1.268,0.8941,0.884,0.884,0.653269292024197,0.6583572438940769,0.653269292024197,71,45,82,80,3.2363196445526423,3.185699940650432,80,82,1,1,12940,0.9862804878048781,2.4374661445617676,80,81
negsteer+constraints,design_55_seq_1,design_01_s1,design_01,steered,1.0,1,0.8683,1.887,0.8869,0.8683,0.8683,0.6199499039707007,0.6469211027753062,0.6199499039707007,71,45,82,80,3.2363196445526423,3.185699940650432,80,82,1,1,12859,0.9801067073170732,2.5648791790008545,80,81
negsteer+constraints,design_55_seq_1,design_02_s1,design_02,steered,1.0,1,0.7287,28.284,0.7287,0.7377,0.7287,0.34173199805954935,0.39416330989461573,0.34173199805954935,34,45,81,80,3.2111376255715163,3.185699940650432,80,82,0,1,11536,0.8792682926829268,4.42867374420166,80,81
negsteer+constraints,design_55_seq_1,design_02_s2,design_02,steered,2.0,1,0.6924,28.53,0.6924,0.7077,0.6924,0.3066849138267571,0.3595097957536714,0.3066849138267571,34,45,77,80,3.107785596003703,3.185699940650432,80,82,0,1,10752,0.8195121951219512,4.48287296295166,80,81
negsteer+constraints,design_55_seq_1,design_02_s0,design_02,steered,0.0,1,0.7431,29.643,0.7431,0.763,0.7431,0.363871705494239,0.4239294800719973,0.363871705494239,34,45,81,80,3.2111376255715163,3.185699940650432,80,82,0,1,11878,0.9053353658536586,4.265230655670166,80,81
negsteer+constraints,design_56_seq_0,initial,initial,cold_start,,1,0.7245,5.723,0.7297,0.7245,0.7245,0.4339625215135425,0.48733164324629596,0.4339625215135425,75,45,82,83,3.2363196445526423,3.2612523263775115,83,82,1,1,13221,0.9712753452835733,3.8881685733795166,83,81
negsteer+constraints,design_56_seq_0,design_00_s0,design_00,steered,0.0,1,0.8848,1.287,0.898,0.8848,0.8848,0.6315745830238538,0.671043217693251,0.6315745830238538,74,45,82,83,3.2363196445526423,3.2612523263775115,83,82,1,1,13470,0.9895680282104026,2.4972329139709473,83,82
negsteer+constraints,design_56_seq_0,design_02_s0,design_02,steered,0.0,1,0.8148,3.473,0.8148,0.826,0.8148,0.5888775669666658,0.6218775087433708,0.5888775669666658,49,24,82,83,3.2363196445526423,3.2612523263775115,83,82,1,1,13422,0.9860417278871584,2.7853128910064697,82,82
negsteer+constraints,design_56_seq_0,design_01_s1,design_01,steered,1.0,1,0.8883,1.783,0.9084,0.8883,0.8883,0.6466838520760816,0.6872732890769839,0.6466838520760816,74,45,82,83,3.2363196445526423,3.2612523263775115,83,82,1,1,13471,0.9896414928004702,2.3999550342559814,83,82
negsteer+constraints,design_56_seq_0,design_01_s2,design_01,steered,2.0,1,0.8979,1.207,0.9129,0.8979,0.8979,0.6632086007003055,0.6922873823744494,0.6632086007003055,74,45,82,83,3.2363196445526423,3.2612523263775115,83,82,1,1,13471,0.9896414928004702,2.318387031555176,83,82
negsteer+constraints,design_56_seq_0,design_00_s1,design_00,steered,1.0,1,0.8768,1.834,0.8962,0.8768,0.8768,0.6071654322994761,0.6579174302467259,0.6071654322994761,74,45,82,83,3.2363196445526423,3.2612523263775115,83,82,1,1,13463,0.9890537760799295,2.628882646560669,83,82
negsteer+constraints,design_56_seq_0,design_00_s2,design_00,steered,2.0,1,0.8661,1.467,0.8853,0.8661,0.8661,0.5909040991065417,0.6438416745428496,0.5909040991065417,74,45,82,83,3.2363196445526423,3.2612523263775115,83,82,1,1,13458,0.9886864531295916,2.7291693687438965,83,82
negsteer+constraints,design_56_seq_0,design_01_s0,design_01,steered,0.0,1,0.8733,2.651,0.8922,0.8733,0.8733,0.6184036232424474,0.6642506384779131,0.6184036232424474,74,45,82,83,3.2363196445526423,3.2612523263775115,83,82,1,1,13453,0.9883191301792535,2.595081090927124,83,82
negsteer+constraints,design_56_seq_0,design_02_s1,design_02,steered,1.0,1,0.7608,4.147,0.7608,0.7812,0.7608,0.5307383074997419,0.5696911193975588,0.5307383074997419,49,24,82,83,3.2363196445526423,3.2612523263775115,83,82,1,1,13343,0.980238025271819,3.1791720390319824,82,81
negsteer+constraints,design_56_seq_0,design_02_s2,design_02,steered,2.0,1,0.8123,3.837,0.8129,0.8123,0.8123,0.5750321313200226,0.611194382376242,0.5750321313200226,49,24,82,83,3.2363196445526423,3.2612523263775115,83,82,1,1,13428,0.9864825154275639,2.8711814880371094,82,82
negsteer+constraints,design_56_seq_1,initial,initial,cold_start,,1,0.5945,4.349,0.6489,0.5945,0.5945,0.35607925980318206,0.4119557557945571,0.35607925980318206,76,53,82,83,3.2363196445526423,3.2612523263775115,83,82,1,1,13144,0.9656185718483691,4.473293304443359,83,81
negsteer+constraints,design_56_seq_1,design_01_s2,design_01,steered,2.0,1,0.7791,3.0,0.8025,0.7791,0.7791,0.5189978627358979,0.566353968367344,0.5189978627358979,78,45,82,83,3.2363196445526423,3.2612523263775115,83,82,1,1,13349,0.9806788128122245,3.2003331184387207,82,81
negsteer+constraints,design_56_seq_1,design_01_s1,design_01,steered,1.0,1,0.54,4.803,0.5457,0.54,0.54,0.3116621117174895,0.3646672955066783,0.3116621117174895,77,53,82,83,3.2363196445526423,3.2612523263775115,83,82,1,1,12574,0.9237437555098442,4.7221574783325195,83,81
negsteer+constraints,design_56_seq_1,design_02_s0,design_02,steered,0.0,1,0.2389,5.018,0.2514,0.2389,0.2389,0.11103808090752776,0.15794649077068287,0.11103808090752776,77,58,75,83,3.054435875049391,3.2612523263775115,83,82,0,1,10317,0.7579341757272995,7.227085590362549,81,75
negsteer+constraints,design_56_seq_1,design_00_s2,design_00,steered,2.0,1,0.0772,5.437,0.0875,0.0772,0.0772,0.01599126538901354,0.03273207375711602,0.01599126538901354,78,58,58,51,2.5442135948795377,2.2943897886293367,83,82,0,0,4072,0.29914781075521596,8.629776954650879,71,69
negsteer+constraints,design_56_seq_1,design_00_s0,design_00,steered,0.0,1,0.3795,5.524,0.3795,0.386,0.3795,0.20472348870215826,0.25508248075138684,0.20472348870215826,78,52,81,83,3.2111376255715163,3.2612523263775115,83,82,0,1,11834,0.8693799588598295,5.794034957885742,81,81
negsteer+constraints,design_56_seq_1,design_01_s0,design_01,steered,0.0,1,0.4548,5.537,0.4548,0.4731,0.4548,0.2689127240285098,0.3088226828854758,0.2689127240285098,78,53,77,83,3.107785596003703,3.2612523263775115,83,82,0,1,12078,0.8873053188363209,5.090671539306641,83,80
negsteer+constraints,design_56_seq_1,design_02_s1,design_02,steered,1.0,1,0.1804,7.075,0.1804,0.1806,0.1804,0.05446040455016296,0.10977185738738626,0.05446040455016296,78,58,72,81,2.9721414027832376,3.2111376255715163,83,82,0,0,7936,0.5830149867763738,8.010499000549316,78,71
negsteer+constraints,design_56_seq_1,design_02_s2,design_02,steered,2.0,1,0.1942,7.919,0.1942,0.204,0.1942,0.07337051491163311,0.1272825898102871,0.07337051491163311,78,58,72,82,2.9721414027832376,3.2363196445526423,83,82,0,0,8853,0.6503820158683514,7.72169303894043,80,70
negsteer+constraints,design_56_seq_1,design_00_s1,design_00,steered,1.0,1,0.1807,9.596,0.1842,0.1807,0.1807,0.06894521940645414,0.11293323504420497,0.06894521940645414,78,55,74,80,3.0273155556828426,3.185699940650432,83,82,0,0,8717,0.6403908316191596,7.960805892944336,78,73
negsteer+constraints,design_57_seq_0,initial,initial,cold_start,,1,0.2145,28.044,0.2145,0.2403,0.2145,0.11747312352159306,0.13150712116280708,0.11747312352159306,44,52,72,76,2.9721414027832376,3.081256507046695,76,82,0,1,9035,0.7248876765083441,7.0759053230285645,71,71
negsteer+constraints,design_57_seq_0,design_01_s1,design_01,steered,1.0,1,0.5347,2.275,0.6043,0.5347,0.5347,0.33382863109000027,0.3441750450888876,0.33382863109000027,68,45,82,76,3.2363196445526423,3.081256507046695,76,82,1,1,11910,0.9555519897304237,4.704230308532715,74,81
negsteer+constraints,design_57_seq_0,design_02_s0,design_02,steered,0.0,1,0.6088,3.803,0.6299,0.6088,0.6088,0.4147444254914789,0.3977465630713396,0.3977465630713396,69,45,82,76,3.2363196445526423,3.081256507046695,76,82,1,1,12064,0.9679075738125802,4.1106157302856445,76,81
negsteer+constraints,design_57_seq_0,design_01_s2,design_01,steered,2.0,1,0.5051,3.469,0.5716,0.5051,0.5051,0.3048779364601758,0.32241379781966895,0.3048779364601758,68,45,82,76,3.2363196445526423,3.081256507046695,76,82,1,1,11884,0.9534659820282413,4.965541362762451,75,81
negsteer+constraints,design_57_seq_0,design_01_s0,design_01,steered,0.0,1,0.4653,2.954,0.5286,0.4653,0.4653,0.2710587981824861,0.2813000200407171,0.2710587981824861,68,45,82,76,3.2363196445526423,3.081256507046695,76,82,1,1,11560,0.9274711168164314,5.331119537353516,75,81
negsteer+constraints,design_57_seq_0,design_00_s1,design_00,steered,1.0,1,0.7995,1.627,0.7995,0.8147,0.7995,0.5314971079535195,0.5235080689237248,0.5235080689237248,67,45,82,76,3.2363196445526423,3.081256507046695,76,82,1,1,12224,0.9807445442875481,3.258733034133911,76,81
negsteer+constraints,design_57_seq_0,design_00_s2,design_00,steered,2.0,1,0.827,1.952,0.8311,0.827,0.827,0.5727758067629398,0.5574282163345232,0.5574282163345232,67,45,82,76,3.2363196445526423,3.081256507046695,76,82,1,1,12295,0.9864409499358151,2.9562931060791016,76,81
negsteer+constraints,design_57_seq_0,design_00_s0,design_00,steered,0.0,1,0.7832,2.031,0.7832,0.796,0.7832,0.5078103803833457,0.49586909758381364,0.49586909758381364,67,45,82,76,3.2363196445526423,3.081256507046695,76,82,1,1,12183,0.9774550706033376,3.4632608890533447,76,81
negsteer+constraints,design_57_seq_0,design_02_s1,design_02,steered,1.0,1,0.5212,2.999,0.5212,0.5437,0.5212,0.3699698546889091,0.3523389238938008,0.3523389238938008,67,52,81,76,3.2111376255715163,3.081256507046695,76,82,0,1,11508,0.9232991014120667,4.350995063781738,76,81
negsteer+constraints,design_57_seq_0,design_02_s2,design_02,steered,2.0,1,0.2584,3.515,0.286,0.2584,0.2584,0.12540450551559365,0.15043006399248884,0.12540450551559365,68,53,71,76,2.9440693332755243,3.081256507046695,76,82,0,1,9375,0.7521662387676509,6.911343097686768,73,72
negsteer+constraints,design_57_seq_1,initial,initial,cold_start,,1,0.4082,3.016,0.4085,0.4082,0.4082,0.2946879632869049,0.2689407644764997,0.2689407644764997,67,52,81,76,3.2111376255715163,3.081256507046695,76,82,0,1,11547,0.9264281129653402,5.139349460601807,75,81
negsteer+constraints,design_57_seq_1,design_01_s0,design_01,steered,0.0,1,0.6411,7.969,0.6411,0.6649,0.6411,0.37037765408106343,0.3867724775308289,0.37037765408106343,68,45,81,76,3.2111376255715163,3.081256507046695,76,82,0,1,11510,0.9234595635430038,4.247767448425293,74,80
negsteer+constraints,design_57_seq_1,design_01_s1,design_01,steered,1.0,1,0.6184,7.983,0.6184,0.6464,0.6184,0.35746629656856194,0.3610139575803925,0.35746629656856194,68,45,80,76,3.185699940650432,3.081256507046695,76,82,0,1,10993,0.8819801026957638,4.2381439208984375,74,78
negsteer+constraints,design_57_seq_1,design_01_s2,design_01,steered,2.0,1,0.7072,8.842,0.7072,0.7606,0.7072,0.48307678770996926,0.4678069037902055,0.4678069037902055,68,45,82,76,3.2363196445526423,3.081256507046695,76,82,1,1,11916,0.9560333761232349,3.5734922885894775,75,81
negsteer+constraints,design_57_seq_1,design_00_s1,design_00,steered,1.0,1,0.524,28.564,0.5498,0.524,0.524,0.3005049014801012,0.3098310972677498,0.3005049014801012,33,45,82,76,3.2363196445526423,3.081256507046695,76,82,1,1,11786,0.9456033376123235,5.028014183044434,76,81
negsteer+constraints,design_57_seq_1,design_00_s0,design_00,steered,0.0,1,0.3671,28.59,0.3671,0.3687,0.3671,0.17667130519341873,0.19285538130178592,0.17667130519341873,33,45,73,76,2.9998870343784683,3.081256507046695,76,82,0,1,9983,0.8009467265725289,6.115414142608643,76,76
negsteer+constraints,design_57_seq_1,design_02_s2,design_02,steered,2.0,1,0.4713,28.765,0.4713,0.4803,0.4713,0.2851522703697954,0.28424685942747335,0.28424685942747335,33,45,82,76,3.2363196445526423,3.081256507046695,76,82,1,1,11813,0.9477695763799743,5.216156959533691,76,81
negsteer+constraints,design_57_seq_1,design_00_s2,design_00,steered,2.0,1,0.4509,28.981,0.4528,0.4509,0.4509,0.25385635245076726,0.27065206006192033,0.25385635245076726,33,45,81,76,3.2111376255715163,3.081256507046695,76,82,0,1,11495,0.9222560975609756,5.411895275115967,76,81
negsteer+constraints,design_57_seq_1,design_02_s0,design_02,steered,0.0,1,0.5235,30.099,0.5235,0.5504,0.5235,0.3112952961022721,0.30665580856204944,0.30665580856204944,32,45,80,76,3.185699940650432,3.081256507046695,76,82,0,1,11290,0.9058087291399229,4.81104850769043,76,81
negsteer+constraints,design_57_seq_1,design_02_s1,design_02,steered,1.0,1,0.5246,31.612,0.5246,0.5294,0.5246,0.30256049919836714,0.3185507886157167,0.30256049919836714,33,45,82,76,3.2363196445526423,3.081256507046695,76,82,1,1,11823,0.9485718870346598,4.984501361846924,76,81
negsteer+constraints,design_58_seq_0,initial,initial,cold_start,,1,0.1808,1.349,0.19,0.1808,0.1808,0.10118376025639009,0.11839743504277998,0.10118376025639009,71,58,77,78,3.107785596003703,3.1340309377915263,80,82,0,0,9617,0.7330030487804878,7.737122535705566,77,78
negsteer+constraints,design_58_seq_0,design_01_s1,design_01,steered,1.0,1,0.417,5.788,0.417,0.4203,0.417,0.30487194266461304,0.29574046842753887,0.29574046842753887,34,36,82,80,3.2363196445526423,3.185699940650432,80,82,1,1,12669,0.965625,5.127296447753906,80,81
negsteer+constraints,design_58_seq_0,design_01_s0,design_01,steered,0.0,1,0.2667,6.102,0.2667,0.2705,0.2667,0.18878238149918616,0.18543369978064353,0.18543369978064353,34,37,81,80,3.2111376255715163,3.185699940650432,80,82,0,1,11741,0.8948932926829268,6.51974630355835,79,81
negsteer+constraints,design_58_seq_0,design_00_s2,design_00,steered,2.0,1,0.4059,9.462,0.4059,0.4077,0.4059,0.2829166064300807,0.2929339317445893,0.2829166064300807,34,37,82,80,3.2363196445526423,3.185699940650432,80,82,1,1,12546,0.95625,5.2438836097717285,80,81
negsteer+constraints,design_58_seq_0,design_00_s1,design_00,steered,1.0,1,0.4825,9.605,0.4825,0.4942,0.4825,0.34080792674503757,0.35215288889026497,0.34080792674503757,34,37,82,80,3.2363196445526423,3.185699940650432,80,82,1,1,12631,0.9627286585365854,4.635907173156738,80,81
negsteer+constraints,design_58_seq_0,design_01_s2,design_01,steered,2.0,1,0.3856,9.707,0.3856,0.3885,0.3856,0.2742030874360353,0.28397475176195547,0.2742030874360353,71,37,82,80,3.2363196445526423,3.185699940650432,80,82,1,1,12549,0.9564786585365853,5.349524974822998,80,81
negsteer+constraints,design_58_seq_0,design_00_s0,design_00,steered,0.0,1,0.4426,9.795,0.4426,0.4453,0.4426,0.31486356526147574,0.3206470700480589,0.31486356526147574,76,37,82,80,3.2363196445526423,3.185699940650432,80,82,1,1,12829,0.9778201219512195,4.9958815574646,80,81
negsteer+constraints,design_58_seq_0,design_02_s2,design_02,steered,2.0,1,0.2335,26.688,0.2335,0.2472,0.2335,0.15639468436420428,0.16618223037434424,0.15639468436420428,48,24,76,80,3.081256507046695,3.185699940650432,80,82,0,1,10890,0.8300304878048781,6.698391437530518,80,81
negsteer+constraints,design_58_seq_0,design_02_s0,design_02,steered,0.0,1,0.6912,28.902,0.6912,0.6942,0.6912,0.4359457788232248,0.43947651655208775,0.4359457788232248,32,45,82,80,3.2363196445526423,3.185699940650432,80,82,1,1,12888,0.9823170731707317,3.977203130722046,80,81
negsteer+constraints,design_58_seq_0,design_02_s1,design_02,steered,1.0,1,0.7751,27.898,0.7843,0.7751,0.7751,0.5102797337225639,0.5205156748955387,0.5102797337225639,32,45,82,80,3.2363196445526423,3.185699940650432,80,82,1,1,12938,0.9861280487804878,3.3822109699249268,80,82
negsteer+constraints,design_58_seq_1,initial,initial,cold_start,,1,0.3208,29.096,0.3208,0.339,0.3208,0.21560079064802268,0.24586293559305641,0.21560079064802268,45,22,82,80,3.2363196445526423,3.185699940650432,80,82,1,1,12200,0.9298780487804879,5.9183759689331055,79,81
negsteer+constraints,design_58_seq_1,design_02_s0,design_02,steered,0.0,1,0.2127,3.435,0.2127,0.2541,0.2127,0.1341649481211789,0.18131333940219496,0.1341649481211789,72,22,79,80,3.1599999999999993,3.185699940650432,80,82,0,1,11080,0.8445121951219512,6.968057632446289,80,81
negsteer+constraints,design_58_seq_1,design_01_s0,design_01,steered,0.0,1,0.522,6.965,0.522,0.5221,0.522,0.31734085753851105,0.3267903489219706,0.31734085753851105,73,53,81,80,3.2111376255715163,3.185699940650432,80,82,0,1,12062,0.9193597560975609,4.77386474609375,79,81
negsteer+constraints,design_58_seq_1,design_01_s2,design_01,steered,2.0,1,0.416,7.775,0.4228,0.416,0.416,0.2157575624616584,0.23876641775345112,0.2157575624616584,73,53,74,80,3.0273155556828426,3.185699940650432,80,82,0,1,10794,0.8227134146341464,5.531642913818359,77,74
negsteer+constraints,design_58_seq_1,design_00_s2,design_00,steered,2.0,1,0.2816,7.879,0.3155,0.2816,0.2816,0.14580825096345507,0.16458069849986492,0.14580825096345507,73,53,72,80,2.9721414027832376,3.185699940650432,80,82,0,1,10043,0.7654725609756098,6.633210182189941,75,71
negsteer+constraints,design_58_seq_1,design_01_s1,design_01,steered,1.0,1,0.4839,8.469,0.4903,0.4839,0.4839,0.2714327740279259,0.300091344775155,0.2714327740279259,73,53,80,80,3.185699940650432,3.185699940650432,80,82,0,1,11648,0.8878048780487805,5.06101131439209,78,81
negsteer+constraints,design_58_seq_1,design_00_s1,design_00,steered,1.0,1,0.3907,8.597,0.4608,0.3907,0.3907,0.1917035593127366,0.22409208687079116,0.1917035593127366,73,55,72,80,2.9721414027832376,3.185699940650432,80,82,0,1,10287,0.7840701219512195,5.701043128967285,76,71
negsteer+constraints,design_58_seq_1,design_00_s0,design_00,steered,0.0,1,0.3441,9.623,0.3856,0.3441,0.3441,0.17244064183905722,0.19833374121680675,0.17244064183905722,73,52,72,80,2.9721414027832376,3.185699940650432,80,82,0,1,10153,0.7738567073170731,6.021123886108398,76,71
negsteer+constraints,design_58_seq_1,design_02_s1,design_02,steered,1.0,1,0.1691,27.592,0.1691,0.182,0.1691,0.11198665708943736,0.1228142837090872,0.11198665708943736,47,24,75,78,3.054435875049391,3.1340309377915263,80,82,0,0,10215,0.7785823170731707,7.685982704162598,79,81
negsteer+constraints,design_58_seq_1,design_02_s2,design_02,steered,2.0,1,0.2269,28.355,0.2269,0.2626,0.2269,0.15018529860826674,0.1759416171769816,0.15018529860826674,47,57,75,80,3.054435875049391,3.185699940650432,80,82,0,1,10769,0.8208079268292683,6.622167587280273,79,81
negsteer+constraints,design_59_seq_0,initial,initial,cold_start,,1,0.2455,9.466,0.2499,0.2455,0.2455,0.1166206857183409,0.17308861823048352,0.1166206857183409,72,22,75,75,3.054435875049391,3.054435875049391,76,82,0,0,10001,0.8023908857509627,7.033505439758301,74,80
negsteer+constraints,design_59_seq_0,design_00_s0,design_00,steered,0.0,1,0.5675,2.307,0.6128,0.5675,0.5675,0.414989846084561,0.413571285947067,0.413571285947067,69,52,82,76,3.2363196445526423,3.081256507046695,76,82,1,1,12180,0.977214377406932,3.9943981170654297,75,81
negsteer+constraints,design_59_seq_0,design_01_s0,design_01,steered,0.0,1,0.5074,7.964,0.562,0.5074,0.5074,0.2395172135591948,0.2919088682364218,0.2395172135591948,68,53,75,76,3.054435875049391,3.081256507046695,76,82,0,1,10451,0.83849486521181,5.108144760131836,74,77
negsteer+constraints,design_59_seq_0,design_01_s1,design_01,steered,1.0,1,0.7117,8.204,0.7117,0.7168,0.7117,0.4126459455460702,0.44555626738044185,0.4126459455460702,68,45,82,76,3.2363196445526423,3.081256507046695,76,82,1,1,12024,0.9646983311938383,4.0140485763549805,75,81
negsteer+constraints,design_59_seq_0,design_01_s2,design_01,steered,2.0,1,0.7001,9.487,0.7439,0.7001,0.7001,0.38510123738332797,0.463452554058011,0.38510123738332797,68,45,82,76,3.2363196445526423,3.081256507046695,76,82,1,1,12096,0.9704749679075738,4.036532402038574,74,81
negsteer+constraints,design_59_seq_0,design_00_s1,design_00,steered,1.0,1,0.6461,28.241,0.6461,0.6794,0.6461,0.381111409441617,0.39828372735348416,0.381111409441617,32,45,81,76,3.2111376255715163,3.081256507046695,76,82,0,1,11663,0.9357349165596919,4.271037578582764,75,81
negsteer+constraints,design_59_seq_0,design_00_s2,design_00,steered,2.0,1,0.5735,28.435,0.5735,0.6115,0.5735,0.31458476806476127,0.33262141371463855,0.31458476806476127,32,45,77,76,3.107785596003703,3.081256507046695,76,82,0,1,10889,0.8736360718870346,4.6225056648254395,75,81
negsteer+constraints,design_59_seq_0,design_02_s1,design_02,steered,1.0,1,0.6418,28.521,0.6418,0.6807,0.6418,0.3566725186078417,0.37804541015350146,0.3566725186078417,44,45,81,76,3.2111376255715163,3.081256507046695,76,82,0,1,11104,0.8908857509627728,4.331891059875488,75,81
negsteer+constraints,design_59_seq_0,design_02_s2,design_02,steered,2.0,1,0.6994,28.893,0.6994,0.7367,0.6994,0.42198086327775136,0.43241737809645514,0.42198086327775136,32,45,81,76,3.2111376255715163,3.081256507046695,76,82,0,1,11662,0.9356546854942234,3.9942703247070312,76,81
negsteer+constraints,design_59_seq_0,design_02_s0,design_02,steered,0.0,1,0.6642,32.889,0.6642,0.6929,0.6642,0.3673124505807401,0.4106293533269952,0.3673124505807401,32,45,82,76,3.2363196445526423,3.081256507046695,76,82,1,1,11794,0.9462451861360719,4.348244667053223,74,80
negsteer+constraints,design_59_seq_1,initial,initial,cold_start,0.0,1,0.8155,1.995,0.8489,0.8155,0.8155,0.5361989346289958,0.5596829882663924,0.5361989346289958,67,45,82,76,3.2363196445526423,3.081256507046695,76,82,1,1,12157,0.9753690629011553,3.0809247493743896,76,81
negsteer+constraints,design_59_seq_1,initial_s1,initial,cold_start,1.0,1,0.8709,1.633,0.8947,0.8709,0.8709,0.6221655551282885,0.6381937265396118,0.6221655551282885,67,45,82,76,3.2363196445526423,3.081256507046695,76,82,1,1,12290,0.9860397946084724,2.576601505279541,76,81
negsteer+constraints,design_59_seq_1,initial_s2,initial,cold_start,2.0,1,0.8152,2.332,0.8332,0.8152,0.8152,0.5141365027122543,0.5404739468472033,0.5141365027122543,67,45,82,76,3.2363196445526423,3.081256507046695,76,82,1,1,12041,0.9660622593068036,3.2267181873321533,76,81
negsteer+constraints,design_5_seq_0,initial,initial,cold_start,0.0,1,0.8261,1.599,0.857,0.8261,0.8261,0.5024219926629404,0.5739491382988579,0.5024219926629404,70,45,82,79,3.2363196445526423,3.1599999999999993,79,82,1,1,12729,0.9824791602346403,3.248701572418213,79,82
negsteer+constraints,design_5_seq_0,initial_s2,initial,cold_start,2.0,1,0.7993,1.75,0.8201,0.7993,0.7993,0.48461770061462456,0.540529140702835,0.48461770061462456,70,45,82,79,3.2363196445526423,3.1599999999999993,79,82,1,1,12671,0.9780024698981167,3.4460129737854004,79,81
negsteer+constraints,design_5_seq_0,initial_s1,initial,cold_start,1.0,1,0.8103,2.161,0.8435,0.8103,0.8103,0.5021681162127871,0.5658733065171939,0.5021681162127871,70,45,82,79,3.2363196445526423,3.1599999999999993,79,82,1,1,12714,0.9813213954924359,3.281351327896118,79,81
negsteer+constraints,design_5_seq_1,initial,initial,cold_start,0.0,1,0.8794,2.651,0.9068,0.8794,0.8794,0.6572388349265992,0.6705802610547213,0.6572388349265992,70,45,82,79,3.2363196445526423,3.1599999999999993,79,82,1,1,12765,0.9852577956159309,2.3594579696655273,79,82
negsteer+constraints,design_5_seq_1,initial_s2,initial,cold_start,2.0,1,0.869,2.585,0.8948,0.869,0.869,0.6387958186383866,0.6433617477305233,0.6387958186383866,70,45,82,79,3.2363196445526423,3.1599999999999993,79,82,1,1,12770,0.9856437171966657,2.5156948566436768,79,82
negsteer+constraints,design_5_seq_1,initial_s1,initial,cold_start,1.0,1,0.856,2.768,0.8713,0.856,0.856,0.6005583351678392,0.6183234987462439,0.6005583351678392,70,45,82,79,3.2363196445526423,3.1599999999999993,79,82,1,1,12731,0.9826335288669342,2.735440254211426,79,81
negsteer+constraints,design_60_seq_0,initial,initial,cold_start,,1,0.2427,27.465,0.2427,0.2431,0.2427,0.15571583308628761,0.15536127434816302,0.15536127434816302,48,53,75,80,3.054435875049391,3.185699940650432,80,82,0,1,10528,0.802439024390244,6.70482873916626,79,80
negsteer+constraints,design_60_seq_0,design_00_s2,design_00,steered,2.0,1,0.8182,2.291,0.8451,0.8182,0.8182,0.5759801265783608,0.54768580740613,0.54768580740613,71,45,82,80,3.2363196445526423,3.185699940650432,80,82,1,1,12877,0.9814786585365853,3.0630393028259277,80,82
negsteer+constraints,design_60_seq_0,design_00_s0,design_00,steered,0.0,1,0.8332,2.23,0.8607,0.8332,0.8332,0.5900598007778172,0.5724466825415175,0.5724466825415175,71,45,82,80,3.2363196445526423,3.185699940650432,80,82,1,1,12747,0.9715701219512195,2.889484167098999,80,82
negsteer+constraints,design_60_seq_0,design_02_s0,design_02,steered,0.0,1,0.7994,2.908,0.7995,0.7994,0.7994,0.5301282419706694,0.5394559608454385,0.5301282419706694,71,45,82,80,3.2363196445526423,3.185699940650432,80,82,1,1,12801,0.9756859756097561,3.250044345855713,80,81
negsteer+constraints,design_60_seq_0,design_02_s2,design_02,steered,2.0,1,0.6341,2.394,0.6341,0.6462,0.6341,0.3547266675101127,0.35125904322726786,0.35125904322726786,71,52,81,80,3.2111376255715163,3.185699940650432,80,82,0,1,11450,0.8727134146341463,4.371084690093994,79,81
negsteer+constraints,design_60_seq_0,design_02_s1,design_02,steered,1.0,1,0.6818,3.346,0.6818,0.7059,0.6818,0.40856341682665515,0.4218270666528175,0.40856341682665515,71,45,82,80,3.2363196445526423,3.185699940650432,80,82,1,1,12264,0.9347560975609757,4.094516754150391,79,81
negsteer+constraints,design_60_seq_0,design_00_s1,design_00,steered,1.0,1,0.8188,2.634,0.8404,0.8188,0.8188,0.5655938167124986,0.5476105842830205,0.5476105842830205,71,45,82,80,3.2363196445526423,3.185699940650432,80,82,1,1,12867,0.9807164634146341,3.1123690605163574,80,81
negsteer+constraints,design_60_seq_0,design_01_s1,design_01,steered,1.0,1,0.7527,2.88,0.789,0.7527,0.7527,0.46597688378824387,0.4808563323373475,0.46597688378824387,71,45,82,80,3.2363196445526423,3.185699940650432,80,82,1,1,12669,0.965625,3.687668561935425,80,81
negsteer+constraints,design_60_seq_0,design_01_s2,design_01,steered,2.0,1,0.7691,1.22,0.7951,0.7691,0.7691,0.48948597320413684,0.5010436449381637,0.48948597320413684,71,52,82,80,3.2363196445526423,3.185699940650432,80,82,1,1,12758,0.9724085365853659,3.5496227741241455,80,81
negsteer+constraints,design_60_seq_0,design_01_s0,design_01,steered,0.0,1,0.7813,1.238,0.803,0.7813,0.7813,0.49691591346636416,0.5169286389903325,0.49691591346636416,71,45,82,80,3.2363196445526423,3.185699940650432,80,82,1,1,12722,0.9696646341463414,3.442295551300049,80,81
negsteer+constraints,design_60_seq_1,initial,initial,cold_start,,1,0.6646,32.145,0.6646,0.6783,0.6646,0.353271950231283,0.384357178910272,0.353271950231283,33,45,81,80,3.2111376255715163,3.185699940650432,80,82,0,1,11623,0.8858993902439024,4.305152893066406,80,80
negsteer+constraints,design_60_seq_1,design_00_s1,design_00,steered,1.0,1,0.1889,5.371,0.2532,0.1889,0.1889,0.10171961486339569,0.11865503508484036,0.10171961486339569,75,52,74,77,3.0273155556828426,3.107785596003703,80,82,0,0,9300,0.7088414634146342,7.669717788696289,76,71
negsteer+constraints,design_60_seq_1,design_00_s2,design_00,steered,2.0,1,0.0399,8.891,0.1203,0.0399,0.0399,0.011487214648514054,0.006878262964963186,0.006878262964963186,73,48,62,36,2.674944339371981,1.6210659787125892,80,82,0,0,2152,0.16402439024390245,8.471336364746094,54,64
negsteer+constraints,design_60_seq_1,design_02_s2,design_02,steered,2.0,1,0.4658,9.058,0.5164,0.4658,0.4658,0.29398372733267025,0.32706565980049895,0.29398372733267025,75,55,82,80,3.2363196445526423,3.185699940650432,80,82,1,1,12626,0.9623475609756098,5.019233703613281,78,81
negsteer+constraints,design_60_seq_1,design_02_s0,design_02,steered,0.0,1,0.4535,9.332,0.4535,0.4783,0.4535,0.3197418677649694,0.3513861289929326,0.3197418677649694,71,53,82,80,3.2363196445526423,3.185699940650432,80,82,1,1,12672,0.9658536585365853,4.691235542297363,78,81
negsteer+constraints,design_60_seq_1,design_02_s1,design_02,steered,1.0,1,0.4788,10.006,0.4963,0.4788,0.4788,0.325459676515311,0.3521536499625299,0.325459676515311,75,52,82,80,3.2363196445526423,3.185699940650432,80,82,1,1,12710,0.96875,4.679636478424072,78,81
negsteer+constraints,design_60_seq_1,design_00_s0,design_00,steered,0.0,1,0.401,9.284,0.4745,0.401,0.401,0.27298477896838447,0.2654196053527568,0.2654196053527568,72,55,82,80,3.2363196445526423,3.185699940650432,80,82,1,1,12081,0.9208079268292683,5.369102478027344,77,81
negsteer+constraints,design_60_seq_1,design_01_s0,design_01,steered,0.0,1,0.5444,29.892,0.5444,0.5992,0.5444,0.29902171761204954,0.28976867426890973,0.28976867426890973,33,45,82,80,3.2363196445526423,3.185699940650432,80,82,1,1,11491,0.8758384146341464,4.9167962074279785,77,81
negsteer+constraints,design_60_seq_1,design_01_s2,design_01,steered,2.0,1,0.6258,29.92,0.6258,0.692,0.6258,0.37012646803050303,0.36049918684165744,0.36049918684165744,32,45,82,80,3.2363196445526423,3.185699940650432,80,82,1,1,12308,0.938109756097561,4.4656829833984375,80,82
negsteer+constraints,design_60_seq_1,design_01_s1,design_01,steered,1.0,1,0.7493,30.376,0.7544,0.7493,0.7493,0.442601117544109,0.4464241887368943,0.442601117544109,34,45,82,80,3.2363196445526423,3.185699940650432,80,82,1,1,12850,0.979420731707317,3.916214942932129,80,82
negsteer+constraints,design_61_seq_0,initial,initial,cold_start,,1,0.3573,1.589,0.3835,0.3573,0.3573,0.24976689411449202,0.2550974622022406,0.24976689411449202,75,22,82,84,3.2363196445526423,3.2859417528309107,84,82,1,1,12894,0.9359756097560976,5.684207439422607,84,81
negsteer+constraints,design_61_seq_0,design_01_s2,design_01,steered,2.0,1,0.7612,3.293,0.7843,0.7612,0.7612,0.45872507831691545,0.5212279896638016,0.45872507831691545,76,45,82,84,3.2363196445526423,3.2859417528309107,84,82,1,1,13405,0.9730691056910569,3.6142683029174805,84,81
negsteer+constraints,design_61_seq_0,design_00_s2,design_00,steered,2.0,1,0.2134,3.358,0.2134,0.2273,0.2134,0.1355876046277228,0.14755157129441546,0.1355876046277228,79,22,75,83,3.054435875049391,3.2612523263775115,84,82,0,0,11474,0.8328977932636469,7.412619590759277,81,81
negsteer+constraints,design_61_seq_0,design_01_s0,design_01,steered,0.0,1,0.6317,5.879,0.6879,0.6317,0.6317,0.3299993107766135,0.4086199846663853,0.3299993107766135,76,45,82,84,3.2363196445526423,3.2859417528309107,84,82,1,1,13057,0.9478077816492451,4.586827278137207,83,81
negsteer+constraints,design_61_seq_0,design_01_s1,design_01,steered,1.0,1,0.4172,6.56,0.5074,0.4172,0.4172,0.18805354974687188,0.2596867487726097,0.18805354974687188,76,45,76,84,3.081256507046695,3.2859417528309107,84,82,0,1,11383,0.8262921022067363,5.781567096710205,82,78
negsteer+constraints,design_61_seq_0,design_00_s0,design_00,steered,0.0,1,0.0495,9.245,0.0576,0.0495,0.0495,0.010009415106781359,0.01862539046886945,0.010009415106781359,35,22,48,42,2.177342569194824,1.9199999999999997,84,82,0,0,3320,0.24099883855981416,8.981338500976562,64,75
negsteer+constraints,design_61_seq_0,design_00_s1,design_00,steered,1.0,1,0.1054,9.438,0.1054,0.1119,0.1054,0.04355113504598627,0.05955092567757408,0.04355113504598627,49,22,65,66,2.768199058314079,2.798452913890075,84,82,0,0,6612,0.4799651567944251,8.561752319335938,78,76
negsteer+constraints,design_61_seq_0,design_02_s0,design_02,steered,0.0,1,0.0243,12.197,0.0243,0.0332,0.0243,0.005672368129515755,0.0056791945826262236,0.005672368129515755,51,22,32,34,1.3883891724162114,1.5088180444152115,84,82,0,0,2722,0.19759001161440184,8.851479530334473,77,76
negsteer+constraints,design_61_seq_0,design_02_s1,design_02,steered,1.0,1,0.1709,13.942,0.1709,0.1747,0.1709,0.08199429304970961,0.12149536177777208,0.08199429304970961,34,22,78,82,3.1340309377915263,3.2363196445526423,84,82,0,0,9757,0.708260743321719,7.999415397644043,77,81
negsteer+constraints,design_61_seq_0,design_02_s2,design_02,steered,2.0,1,0.1356,27.943,0.1356,0.1617,0.1356,0.06525947872848649,0.09826509648559206,0.06525947872848649,34,58,74,83,3.0273155556828426,3.2612523263775115,84,82,0,0,8833,0.6411875725900116,8.34522533416748,80,75
negsteer+constraints,design_61_seq_1,initial,initial,cold_start,0.0,1,0.7418,1.305,0.7901,0.7418,0.7418,0.40689590492928845,0.4958249552220833,0.40689590492928845,76,45,82,84,3.2363196445526423,3.2859417528309107,84,82,1,1,13250,0.9618176538908246,3.919170379638672,84,81
negsteer+constraints,design_61_seq_1,initial_s1,initial,cold_start,1.0,1,0.7601,0.891,0.8069,0.7601,0.7601,0.4150124816334851,0.5172827522747401,0.4150124816334851,76,45,82,84,3.2363196445526423,3.2859417528309107,84,82,1,1,13246,0.961527293844367,3.785635232925415,84,81
negsteer+constraints,design_61_seq_1,initial_s2,initial,cold_start,2.0,1,0.6801,2.424,0.7312,0.6801,0.6801,0.3248577196971469,0.41848449854225644,0.3248577196971469,76,45,82,84,3.2363196445526423,3.2859417528309107,84,82,1,1,12579,0.913109756097561,4.551023483276367,84,81
negsteer+constraints,design_62_seq_0,initial,initial,cold_start,,1,0.2908,28.686,0.2908,0.3172,0.2908,0.137778933744923,0.18245748725503955,0.137778933744923,32,45,74,82,3.0273155556828426,3.2363196445526423,82,82,0,1,10613,0.789187983343248,6.675058841705322,80,79
negsteer+constraints,design_62_seq_0,design_01_s1,design_01,steered,1.0,1,0.2334,8.306,0.2334,0.2747,0.2334,0.1182145617146999,0.18160172316484244,0.1182145617146999,75,54,76,82,3.081256507046695,3.2363196445526423,82,82,0,1,10699,0.7955829863176681,6.959562301635742,80,80
negsteer+constraints,design_62_seq_0,design_00_s0,design_00,steered,0.0,1,0.4516,9.412,0.47,0.4516,0.4516,0.21169544540050372,0.3032783289701201,0.21169544540050372,75,53,82,82,3.2363196445526423,3.2363196445526423,82,82,1,1,12255,0.9112879238548484,5.621153354644775,80,81
negsteer+constraints,design_62_seq_0,design_00_s2,design_00,steered,2.0,1,0.5049,9.463,0.5361,0.5049,0.5049,0.23955910134969688,0.34845998025181274,0.23955910134969688,75,52,82,82,3.2363196445526423,3.2363196445526423,82,82,1,1,12570,0.9347114812611541,5.271659851074219,80,81
negsteer+constraints,design_62_seq_0,design_01_s2,design_01,steered,2.0,1,0.706,8.421,0.706,0.7158,0.706,0.4421865839153392,0.5062144342355612,0.4421865839153392,75,45,82,82,3.2363196445526423,3.2363196445526423,82,82,1,1,13030,0.9689173111243308,3.674762487411499,81,81
negsteer+constraints,design_62_seq_0,design_01_s0,design_01,steered,0.0,1,0.5127,8.61,0.5224,0.5127,0.5127,0.2705653496342143,0.35813635271951194,0.2705653496342143,74,53,82,82,3.2363196445526423,3.2363196445526423,82,82,1,1,12751,0.948170731707317,5.05885648727417,79,81
negsteer+constraints,design_62_seq_0,design_00_s1,design_00,steered,1.0,1,0.2609,8.97,0.2711,0.2609,0.2609,0.08162984727575194,0.1655446480953975,0.08162984727575194,75,54,74,81,3.0273155556828426,3.2111376255715163,82,82,0,0,9321,0.6931142177275431,7.171558380126953,79,75
negsteer+constraints,design_62_seq_0,design_02_s0,design_02,steered,0.0,1,0.4637,24.314,0.4687,0.4637,0.4637,0.2405064918651677,0.32407264983872086,0.2405064918651677,16,37,82,82,3.2363196445526423,3.2363196445526423,82,82,1,1,12869,0.9569452706722189,5.450161933898926,81,81
negsteer+constraints,design_62_seq_0,design_02_s1,design_02,steered,1.0,1,0.2542,25.878,0.2542,0.2893,0.2542,0.11216134120846485,0.18654438745366728,0.11216134120846485,16,22,75,82,3.054435875049391,3.2363196445526423,82,82,0,1,10695,0.7952855443188578,7.073459625244141,79,81
negsteer+constraints,design_62_seq_0,design_02_s2,design_02,steered,2.0,1,0.3029,25.932,0.3053,0.3029,0.3029,0.12185332279868151,0.2028536916165272,0.12185332279868151,16,38,81,82,3.2111376255715163,3.2363196445526423,82,82,0,1,11138,0.828227245687091,6.925708770751953,79,81
negsteer+constraints,design_62_seq_1,initial,initial,cold_start,,1,0.107,9.192,0.107,0.1409,0.107,0.012014895961506337,0.07873792197021497,0.012014895961506337,75,58,67,75,2.828313834453388,3.054435875049391,82,82,0,0,5537,0.4117340868530637,8.404533386230469,71,79
negsteer+constraints,design_62_seq_1,design_01_s2,design_01,steered,2.0,1,0.7712,7.841,0.7763,0.7712,0.7712,0.540682538980391,0.5960127794887962,0.540682538980391,38,37,82,82,3.2363196445526423,3.2363196445526423,82,82,1,1,13122,0.9757584770969661,2.959285259246826,81,81
negsteer+constraints,design_62_seq_1,design_02_s2,design_02,steered,2.0,1,0.402,8.262,0.4613,0.402,0.402,0.214985543254354,0.29368550524615294,0.214985543254354,74,52,82,82,3.2363196445526423,3.2363196445526423,82,82,1,1,12747,0.9478732897085068,5.772012710571289,82,81
negsteer+constraints,design_62_seq_1,design_00_s0,design_00,steered,0.0,1,0.6926,8.953,0.731,0.6926,0.6926,0.45924611924011716,0.5158007105517133,0.45924611924011716,74,52,82,82,3.2363196445526423,3.2363196445526423,82,82,1,1,13202,0.9817073170731707,3.5523464679718018,81,82
negsteer+constraints,design_62_seq_1,design_00_s2,design_00,steered,2.0,1,0.7389,9.599,0.7665,0.7389,0.7389,0.5089690171454738,0.5755606488148659,0.5089690171454738,73,24,82,82,3.2363196445526423,3.2363196445526423,82,82,1,1,13229,0.9837150505651397,3.1429550647735596,81,82
negsteer+constraints,design_62_seq_1,design_02_s1,design_02,steered,1.0,1,0.003,9.733,0.003,0.0105,0.003,0.0006258927921696407,0.002738498554496867,0.0006258927921696407,80,58,4,25,0.5,0.8714990156395357,82,82,0,0,1085,0.08068114217727543,8.990234375,19,66
negsteer+constraints,design_62_seq_1,design_01_s0,design_01,steered,0.0,1,0.7421,11.218,0.7673,0.7421,0.7421,0.5239446602489163,0.5819990131663295,0.5239446602489163,38,37,82,82,3.2363196445526423,3.2363196445526423,82,82,1,1,13190,0.9808149910767401,3.0615646839141846,81,82
negsteer+constraints,design_62_seq_1,design_00_s1,design_00,steered,1.0,1,0.6385,12.894,0.6515,0.6385,0.6385,0.41571653697912286,0.47564559864879746,0.41571653697912286,73,24,82,82,3.2363196445526423,3.2363196445526423,82,82,1,1,13162,0.9787328970850684,3.8383913040161133,81,82
negsteer+constraints,design_62_seq_1,design_01_s1,design_01,steered,1.0,1,0.6553,9.375,0.6703,0.6553,0.6553,0.43750813305832265,0.4976933152306961,0.43750813305832265,39,37,82,82,3.2363196445526423,3.2363196445526423,82,82,1,1,13128,0.9762046400951815,3.6744534969329834,81,82
negsteer+constraints,design_62_seq_1,design_02_s0,design_02,steered,0.0,1,0.0027,10.267,0.0027,0.0035,0.0027,0.00034869467078639966,0.0026802151270846767,0.00034869467078639966,10,77,1,14,0.5,0.5,82,82,0,0,843,0.0626859012492564,8.969064712524414,11,71
negsteer+constraints,design_63_seq_0,initial,initial,cold_start,0.0,1,0.3804,2.922,0.3804,0.3892,0.3804,0.2748870074252696,0.27593692465935177,0.2748870074252696,67,52,82,76,3.2363196445526423,3.081256507046695,76,82,1,1,11950,0.9587612323491655,5.313603401184082,76,81
negsteer+constraints,design_63_seq_0,initial_s1,initial,cold_start,1.0,1,0.4669,1.884,0.4862,0.4669,0.4669,0.3445118832536728,0.3405816481425995,0.3405816481425995,67,52,82,76,3.2363196445526423,3.081256507046695,76,82,1,1,12190,0.9780166880616175,4.608907222747803,76,81
negsteer+constraints,design_63_seq_0,initial_s2,initial,cold_start,2.0,1,0.2878,4.193,0.2878,0.3002,0.2878,0.21432857254618093,0.2069991940615426,0.2069991940615426,44,52,81,76,3.2111376255715163,3.081256507046695,76,82,0,1,11362,0.9115853658536586,6.07485294342041,75,81
negsteer+constraints,design_63_seq_1,initial,initial,cold_start,,1,0.6648,9.727,0.6683,0.6648,0.6648,0.4668504588649069,0.4779101353956432,0.4668504588649069,69,45,82,76,3.2363196445526423,3.081256507046695,76,82,1,1,12160,0.975609756097561,3.5490946769714355,75,81
negsteer+constraints,design_63_seq_1,design_00_s1,design_00,steered,1.0,1,0.143,6.344,0.143,0.1865,0.143,0.08742618166817058,0.12503364604114123,0.08742618166817058,71,22,73,76,2.9998870343784683,3.081256507046695,76,82,0,1,9270,0.7437419768934531,7.774227142333984,75,78
negsteer+constraints,design_63_seq_1,design_00_s2,design_00,steered,2.0,1,0.1476,6.739,0.1476,0.1819,0.1476,0.09017801395078238,0.12626599195049848,0.09017801395078238,66,56,75,75,3.054435875049391,3.054435875049391,76,82,0,0,9374,0.7520860077021823,7.762984752655029,75,80
negsteer+constraints,design_63_seq_1,design_02_s0,design_02,steered,0.0,1,0.7477,7.595,0.7496,0.7477,0.7477,0.4635473969974555,0.5060182900690451,0.4635473969974555,68,45,82,76,3.2363196445526423,3.081256507046695,76,82,1,1,12072,0.9685494223363287,3.4685959815979004,75,81
negsteer+constraints,design_63_seq_1,design_02_s1,design_02,steered,1.0,1,0.6362,7.605,0.6362,0.6663,0.6362,0.37658251520846725,0.4270503710381823,0.37658251520846725,68,45,82,76,3.2363196445526423,3.081256507046695,76,82,1,1,11826,0.9488125802310655,4.190651893615723,75,81
negsteer+constraints,design_63_seq_1,design_02_s2,design_02,steered,2.0,1,0.6791,7.78,0.6863,0.6791,0.6791,0.39052201621847127,0.4354174308842275,0.39052201621847127,68,45,82,76,3.2363196445526423,3.081256507046695,76,82,1,1,11941,0.9580391527599487,4.06883430480957,74,81
negsteer+constraints,design_63_seq_1,design_01_s2,design_01,steered,2.0,1,0.5782,9.181,0.5782,0.5884,0.5782,0.3048461349527842,0.3302263299786917,0.3048461349527842,68,45,81,76,3.2111376255715163,3.081256507046695,76,82,0,1,10942,0.8778883183568678,4.662978172302246,74,81
negsteer+constraints,design_63_seq_1,design_01_s0,design_01,steered,0.0,1,0.6263,9.252,0.6263,0.6568,0.6263,0.366888989844531,0.39351653044180174,0.366888989844531,68,45,82,76,3.2363196445526423,3.081256507046695,76,82,1,1,11418,0.9160783055198973,4.186328411102295,74,81
negsteer+constraints,design_63_seq_1,design_01_s1,design_01,steered,1.0,1,0.6517,9.614,0.6517,0.6694,0.6517,0.3703180496538009,0.3925682862385789,0.3703180496538009,68,45,82,76,3.2363196445526423,3.081256507046695,76,82,1,1,11360,0.9114249037227214,4.157713413238525,74,82
negsteer+constraints,design_63_seq_1,design_00_s0,design_00,steered,0.0,1,0.3991,29.659,0.4128,0.3991,0.3991,0.21724494836158365,0.23494491273276052,0.21724494836158365,32,45,82,76,3.2363196445526423,3.081256507046695,76,82,1,1,11504,0.9229781771501926,5.898922443389893,76,82
negsteer+constraints,design_6_seq_0,initial,initial,cold_start,0.0,1,0.8853,1.178,0.9055,0.8853,0.8853,0.6054994360194541,0.6562095842346912,0.6054994360194541,71,45,82,80,3.2363196445526423,3.185699940650432,80,82,1,1,12972,0.988719512195122,2.615736722946167,80,81
negsteer+constraints,design_6_seq_0,initial_s1,initial,cold_start,1.0,1,0.8516,2.515,0.8539,0.8516,0.8516,0.5302928082383005,0.5761106334990118,0.5302928082383005,71,45,82,80,3.2363196445526423,3.185699940650432,80,82,1,1,12945,0.9866615853658537,3.1873559951782227,80,81
negsteer+constraints,design_6_seq_0,initial_s2,initial,cold_start,2.0,1,0.8686,2.935,0.8881,0.8686,0.8686,0.5626668402692303,0.6179583606923499,0.5626668402692303,72,45,82,80,3.2363196445526423,3.185699940650432,80,82,1,1,12863,0.9804115853658537,2.863395929336548,80,81
negsteer+constraints,design_6_seq_1,initial,initial,cold_start,0.0,1,0.8619,3.565,0.8814,0.8619,0.8619,0.5871994893444935,0.6221328819306885,0.5871994893444935,6,45,82,80,3.2363196445526423,3.185699940650432,80,82,1,1,12931,0.985594512195122,2.775228261947632,80,81
negsteer+constraints,design_6_seq_1,initial_s1,initial,cold_start,1.0,1,0.8882,3.012,0.9082,0.8882,0.8882,0.6432605339679867,0.6659070127984372,0.6432605339679867,6,45,82,80,3.2363196445526423,3.185699940650432,80,82,1,1,12979,0.9892530487804878,2.4559531211853027,80,81
negsteer+constraints,design_6_seq_1,initial_s2,initial,cold_start,2.0,1,0.8701,3.89,0.8878,0.8701,0.8701,0.6023109219386242,0.6324794174330991,0.6023109219386242,71,45,82,80,3.2363196445526423,3.185699940650432,80,82,1,1,12949,0.9869664634146341,2.701145887374878,80,81
negsteer+constraints,design_7_seq_0,initial,initial,cold_start,,1,0.4298,26.503,0.4298,0.4562,0.4298,0.15331773105889368,0.2368824026751809,0.15331773105889368,33,45,74,78,3.0273155556828426,3.1340309377915263,78,82,0,1,9780,0.7645403377110694,5.896010875701904,75,75
negsteer+constraints,design_7_seq_0,design_01_s1,design_01,steered,1.0,1,0.4948,5.322,0.6107,0.4948,0.4948,0.1765136466546653,0.30901569731408596,0.1765136466546653,71,53,82,78,3.2363196445526423,3.1340309377915263,78,82,1,1,10631,0.831066291432145,5.624420166015625,77,81
negsteer+constraints,design_7_seq_0,design_00_s2,design_00,steered,2.0,1,0.7294,5.052,0.7593,0.7294,0.7294,0.4027491869309392,0.47732334929268533,0.4027491869309392,70,45,82,78,3.2363196445526423,3.1340309377915263,78,82,1,1,12266,0.958880550343965,3.920759677886963,77,81
negsteer+constraints,design_7_seq_0,design_00_s0,design_00,steered,0.0,1,0.795,5.092,0.795,0.7956,0.795,0.4731733946499821,0.5210312069280119,0.4731733946499821,71,45,82,78,3.2363196445526423,3.1340309377915263,78,82,1,1,12428,0.9715447154471545,3.48437762260437,77,81
negsteer+constraints,design_7_seq_0,design_00_s1,design_00,steered,1.0,1,0.4851,6.12,0.6039,0.4851,0.4851,0.17388638995217684,0.2912490170891965,0.17388638995217684,71,45,82,78,3.2363196445526423,3.1340309377915263,78,82,1,1,10363,0.8101156973108192,5.6720123291015625,76,80
negsteer+constraints,design_7_seq_0,design_01_s0,design_01,steered,0.0,1,0.8463,6.886,0.8584,0.8463,0.8463,0.5573098699454792,0.6337324094492942,0.5573098699454792,70,45,82,78,3.2363196445526423,3.1340309377915263,78,82,1,1,12548,0.9809255784865542,2.7542107105255127,77,82
negsteer+constraints,design_7_seq_0,design_01_s2,design_01,steered,2.0,1,0.817,6.994,0.8281,0.817,0.817,0.5262318708342858,0.6071367480241262,0.5262318708342858,71,45,82,78,3.2363196445526423,3.1340309377915263,78,82,1,1,12628,0.9871794871794872,2.9726908206939697,78,82
negsteer+constraints,design_7_seq_0,design_02_s0,design_02,steered,0.0,1,0.5588,8.357,0.6264,0.5588,0.5588,0.35280008293473375,0.40990232730784065,0.35280008293473375,75,52,82,78,3.2363196445526423,3.1340309377915263,78,82,1,1,12461,0.9741244527829893,4.34968900680542,77,81
negsteer+constraints,design_7_seq_0,design_02_s2,design_02,steered,2.0,1,0.2068,9.904,0.5751,0.2068,0.2068,0.06683752171766873,0.12794552671598133,0.06683752171766873,75,44,81,57,3.2111376255715163,2.5102730396591975,78,82,0,0,6065,0.47412445278298937,7.061644077301025,54,81
negsteer+constraints,design_7_seq_0,design_02_s1,design_02,steered,1.0,1,0.5938,16.446,0.5938,0.5992,0.5938,0.35753172472453654,0.44259115817343314,0.35753172472453654,75,52,82,78,3.2363196445526423,3.1340309377915263,78,82,1,1,12451,0.9733427141963727,4.169281005859375,76,81
negsteer+constraints,design_7_seq_1,initial,initial,cold_start,,1,0.6346,2.503,0.6527,0.6346,0.6346,0.39750941986074817,0.4611344290045431,0.39750941986074817,70,55,82,78,3.2363196445526423,3.1340309377915263,78,82,1,1,12582,0.9835834896810507,3.9658689498901367,78,82
negsteer+constraints,design_7_seq_1,design_02_s1,design_02,steered,1.0,1,0.7358,1.955,0.7752,0.7358,0.7358,0.48268085196076965,0.507330240278573,0.48268085196076965,70,45,82,78,3.2363196445526423,3.1340309377915263,78,82,1,1,12623,0.9867886178861789,3.5284976959228516,78,82
negsteer+constraints,design_7_seq_1,design_00_s1,design_00,steered,1.0,1,0.469,1.894,0.523,0.469,0.469,0.2182932986985319,0.2954809960636606,0.2182932986985319,70,53,81,78,3.2111376255715163,3.1340309377915263,78,82,0,1,11320,0.8849280800500313,5.53790807723999,78,81
negsteer+constraints,design_7_seq_1,design_01_s0,design_01,steered,0.0,1,0.7486,7.087,0.7486,0.7869,0.7486,0.47830129392409265,0.4826319538874597,0.47830129392409265,71,45,82,78,3.2363196445526423,3.1340309377915263,78,82,1,1,12357,0.9659943714821764,3.646165370941162,77,81
negsteer+constraints,design_7_seq_1,design_02_s0,design_02,steered,0.0,1,0.3959,7.247,0.5046,0.3959,0.3959,0.1827594877507251,0.23914885452221624,0.1827594877507251,76,53,72,78,2.9721414027832376,3.1340309377915263,78,82,0,1,10064,0.7867417135709819,5.804298400878906,76,71
negsteer+constraints,design_7_seq_1,design_01_s1,design_01,steered,1.0,1,0.7719,7.25,0.7727,0.7719,0.7719,0.4647696471790998,0.49544083177134757,0.4647696471790998,71,45,82,78,3.2363196445526423,3.1340309377915263,78,82,1,1,12448,0.9731081926203877,3.6264748573303223,77,81
negsteer+constraints,design_7_seq_1,design_02_s2,design_02,steered,2.0,1,0.4698,7.533,0.5921,0.4698,0.4698,0.23220636720995969,0.29943775556549973,0.23220636720995969,71,53,76,78,3.081256507046695,3.1340309377915263,78,82,0,1,10831,0.8467010631644778,5.261284351348877,78,79
negsteer+constraints,design_7_seq_1,design_01_s2,design_01,steered,2.0,1,0.7909,7.631,0.7909,0.8195,0.7909,0.5264779324613463,0.5324192925288183,0.5264779324613463,71,45,82,78,3.2363196445526423,3.1340309377915263,78,82,1,1,12502,0.9773295809881176,3.274686574935913,77,81
negsteer+constraints,design_7_seq_1,design_00_s0,design_00,steered,0.0,1,0.7623,5.756,0.7782,0.7623,0.7623,0.5082715487149425,0.5465061439303454,0.5082715487149425,70,45,82,78,3.2363196445526423,3.1340309377915263,78,82,1,1,12496,0.9768605378361476,3.2245261669158936,77,82
negsteer+constraints,design_7_seq_1,design_00_s2,design_00,steered,2.0,1,0.5655,6.564,0.5883,0.5655,0.5655,0.29503433344563323,0.3589664345448155,0.29503433344563323,70,53,81,78,3.2111376255715163,3.1340309377915263,78,82,0,1,11768,0.9199499687304565,4.791916847229004,76,81
negsteer+constraints,design_8_seq_0,initial,initial,cold_start,,1,0.812,28.347,0.8262,0.812,0.812,0.4964919653810704,0.542557301772077,0.4964919653810704,34,45,82,78,3.2363196445526423,3.1340309377915263,78,82,1,1,12595,0.9845997498436523,3.3226001262664795,78,82
negsteer+constraints,design_8_seq_0,design_00_s0,design_00,steered,0.0,1,0.8264,2.726,0.8351,0.8264,0.8264,0.5539623665748737,0.5630765304696269,0.5539623665748737,69,45,82,78,3.2363196445526423,3.1340309377915263,78,82,1,1,12436,0.9721701063164477,2.996077299118042,78,81
negsteer+constraints,design_8_seq_0,design_00_s2,design_00,steered,2.0,1,0.8161,3.04,0.8173,0.8161,0.8161,0.5299525702676664,0.5387864418146087,0.5299525702676664,69,45,82,78,3.2363196445526423,3.1340309377915263,78,82,1,1,12432,0.9718574108818011,3.177100896835327,78,81
negsteer+constraints,design_8_seq_0,design_00_s1,design_00,steered,1.0,1,0.7943,2.559,0.7943,0.803,0.7943,0.5051017940247383,0.5115858986973763,0.5051017940247383,69,45,82,78,3.2363196445526423,3.1340309377915263,78,82,1,1,12394,0.9688868042526579,3.411334753036499,78,81
negsteer+constraints,design_8_seq_0,design_02_s0,design_02,steered,0.0,1,0.6135,2.556,0.6363,0.6135,0.6135,0.2868881376209454,0.34897646164555646,0.2868881376209454,69,52,81,78,3.2111376255715163,3.1340309377915263,78,82,0,1,10780,0.8427141963727329,4.624870777130127,78,81
negsteer+constraints,design_8_seq_0,design_02_s2,design_02,steered,2.0,1,0.6448,2.037,0.6609,0.6448,0.6448,0.3052219505308387,0.3695009728132679,0.3052219505308387,69,45,81,78,3.2111376255715163,3.1340309377915263,78,82,0,1,11076,0.8658536585365854,4.550769805908203,78,81
negsteer+constraints,design_8_seq_0,design_02_s1,design_02,steered,1.0,1,0.589,2.433,0.6097,0.589,0.589,0.2629611689137677,0.32504772691896594,0.2629611689137677,69,52,81,78,3.2111376255715163,3.1340309377915263,78,82,0,1,10585,0.8274702939337085,4.81731653213501,78,79
negsteer+constraints,design_8_seq_0,design_01_s1,design_01,steered,1.0,1,0.5181,2.824,0.556,0.5181,0.5181,0.27722905106985796,0.36716674958787315,0.27722905106985796,70,45,82,78,3.2363196445526423,3.1340309377915263,78,82,1,1,12412,0.9702939337085679,4.985174655914307,78,81
negsteer+constraints,design_8_seq_0,design_01_s0,design_01,steered,0.0,1,0.6919,3.175,0.7298,0.6919,0.6919,0.41809347555196535,0.49840703361281535,0.41809347555196535,70,46,82,78,3.2363196445526423,3.1340309377915263,78,82,1,1,12462,0.974202626641651,3.7177200317382812,78,81
negsteer+constraints,design_8_seq_0,design_01_s2,design_01,steered,2.0,1,0.4329,4.093,0.4795,0.4329,0.4329,0.21009263374472562,0.29243714974557117,0.21009263374472562,70,53,81,78,3.2111376255715163,3.1340309377915263,78,82,0,1,11369,0.8887585991244528,5.583707809448242,77,81
negsteer+constraints,design_8_seq_1,initial,initial,cold_start,,1,0.6988,2.688,0.7547,0.6988,0.6988,0.4261895450524604,0.4531656328174172,0.4261895450524604,70,45,82,78,3.2363196445526423,3.1340309377915263,78,82,1,1,12531,0.9795966228893058,3.8966357707977295,78,82
negsteer+constraints,design_8_seq_1,design_00_s0,design_00,steered,0.0,1,0.654,4.29,0.654,0.6838,0.654,0.46701508938955766,0.4514623246178394,0.4514623246178394,71,45,82,78,3.2363196445526423,3.1340309377915263,78,82,1,1,12469,0.9747498436522827,3.749640464782715,78,81
negsteer+constraints,design_8_seq_1,design_01_s0,design_01,steered,0.0,1,0.7583,2.048,0.7897,0.7583,0.7583,0.4892333370502083,0.5157944541878816,0.4892333370502083,70,45,82,78,3.2363196445526423,3.1340309377915263,78,82,1,1,12576,0.9831144465290806,3.416628837585449,78,81
negsteer+constraints,design_8_seq_1,design_02_s2,design_02,steered,2.0,1,0.6297,3.539,0.7007,0.6297,0.6297,0.3406866612032247,0.4341794490450766,0.3406866612032247,70,45,82,78,3.2363196445526423,3.1340309377915263,78,82,1,1,12265,0.9588023764853033,4.314338207244873,77,81
negsteer+constraints,design_8_seq_1,design_02_s0,design_02,steered,0.0,1,0.5915,4.144,0.6158,0.5915,0.5915,0.257779090727966,0.3821451394824402,0.257779090727966,70,53,82,78,3.2363196445526423,3.1340309377915263,78,82,1,1,11690,0.9138524077548468,4.943251609802246,78,81
negsteer+constraints,design_8_seq_1,design_02_s1,design_02,steered,1.0,1,0.6013,3.583,0.642,0.6013,0.6013,0.2623826119009979,0.38312335814656007,0.2623826119009979,70,53,82,78,3.2363196445526423,3.1340309377915263,78,82,1,1,11675,0.9126797998749219,4.921452522277832,77,81
negsteer+constraints,design_8_seq_1,design_00_s2,design_00,steered,2.0,1,0.7395,5.202,0.7395,0.7655,0.7395,0.5492731467492353,0.5353020230626188,0.5353020230626188,7,45,82,78,3.2363196445526423,3.1340309377915263,78,82,1,1,12579,0.9833489681050657,3.1290283203125,78,81
negsteer+constraints,design_8_seq_1,design_00_s1,design_00,steered,1.0,1,0.7867,5.18,0.7867,0.799,0.7867,0.541475274388153,0.5596421588234967,0.541475274388153,70,45,82,78,3.2363196445526423,3.1340309377915263,78,82,1,1,12542,0.9804565353345841,3.0903913974761963,78,82
negsteer+constraints,design_8_seq_1,design_01_s2,design_01,steered,2.0,1,0.7524,6.972,0.7524,0.7536,0.7524,0.46457370289135724,0.4762938322453964,0.46457370289135724,70,45,82,78,3.2363196445526423,3.1340309377915263,78,82,1,1,12402,0.9695121951219512,3.655726194381714,77,81
negsteer+constraints,design_8_seq_1,design_01_s1,design_01,steered,1.0,1,0.838,7.366,0.8427,0.838,0.838,0.5948230197700934,0.6010237618622075,0.5948230197700934,70,45,82,78,3.2363196445526423,3.1340309377915263,78,82,1,1,12516,0.9784240150093808,2.734727621078491,78,82
negsteer+constraints,design_9_seq_0,initial,initial,cold_start,0.0,1,0.072,2.331,0.0793,0.072,0.072,0.024174402944524498,0.03384091309271753,0.024174402944524498,76,62,50,48,2.2561222246338515,2.177342569194824,85,82,0,0,4710,0.33787661406025826,8.365004539489746,79,74
negsteer+constraints,design_9_seq_0,initial_s1,initial,cold_start,1.0,1,0.0821,1.613,0.1147,0.0821,0.0821,0.02827473928713623,0.03870249458974818,0.02827473928713623,76,48,65,52,2.768199058314079,2.331955096040982,85,82,0,0,4883,0.35028694404591104,8.259529113769531,74,74
negsteer+constraints,design_9_seq_0,initial_s2,initial,cold_start,2.0,1,0.1244,2.697,0.1397,0.1244,0.1244,0.04441545757684199,0.07009229182106692,0.04441545757684199,76,58,72,70,2.9721414027832376,2.9156610513441255,85,82,0,0,6737,0.4832855093256815,8.294386863708496,80,78
negsteer+constraints,design_9_seq_1,initial,initial,cold_start,0.0,1,0.6601,2.103,0.7082,0.6601,0.6601,0.36555205209673763,0.44080232510842926,0.36555205209673763,76,45,82,85,3.2363196445526423,3.3103937717626097,85,82,1,1,13476,0.9667144906743185,4.353270530700684,85,81
negsteer+constraints,design_9_seq_1,initial_s1,initial,cold_start,1.0,1,0.7137,1.27,0.7651,0.7137,0.7137,0.42017094323630716,0.49103221806084235,0.42017094323630716,76,45,82,85,3.2363196445526423,3.3103937717626097,85,82,1,1,13521,0.9699426111908178,3.869220733642578,84,81
negsteer+constraints,design_9_seq_1,initial_s2,initial,cold_start,2.0,1,0.7089,1.664,0.7672,0.7089,0.7089,0.418232049242429,0.4974890337212057,0.418232049242429,76,45,82,85,3.2363196445526423,3.3103937717626097,85,82,1,1,13655,0.9795552367288379,3.893362283706665,85,82
